{"type":"FeatureCollection","features":[{"type":"Feature","geometry":{"coordinates":[[2.548335054247212,48.82545818961638],[2.542954055652952,48.823008035474736],[2.542915807147109,48.82299061650247],[2.542877566872159,48.82297319395281],[2.542850535403038,48.82296086653251],[2.542827307163641,48.82295026293435],[2.542806322348826,48.82294067548944],[2.542786891943354,48.82293179029476],[2.542768630754206,48.82292343135145],[2.542751302808612,48.822915488004725],[2.542734737161203,48.82290788762959],[2.542718819919458,48.82290057401567],[2.542703456126618,48.82289350541689],[2.542688577949233,48.82288665278543],[2.542674128432687,48.822879988915425],[2.54266006690009,48.82287349386021],[2.542646352657787,48.82286714947164],[2.542632953118325,48.822860944828385],[2.542619843914702,48.82285486364591],[2.542607003321859,48.82284889864334],[2.542594409647581,48.82284303894266],[2.542582043890615,48.82283727727374],[2.542569895221112,48.82283160639908],[2.542557944621541,48.82282602084712],[2.542546186693393,48.8228205152006],[2.542534605142823,48.82281508399876],[2.542523191831169,48.82280972361202],[2.542511935928746,48.82280442680282],[2.542500834695186,48.8227991953589],[2.542489877317236,48.822794020244075],[2.542479055606917,48.822788903224506],[2.54246836688954,48.82278383889366],[2.542457805734033,48.82277882543127],[2.542447361277721,48.82277385919691],[2.542437033520542,48.82276894019058],[2.542426819771508,48.822764064804375],[2.542416709151747,48.82275923119636],[2.54240670440148,48.822754437578844],[2.542396797349079,48.82274968391931],[2.542386985303573,48.82274496660982],[2.542377268281336,48.822740283851836],[2.542367638094429,48.82273563741136],[2.542358097499606,48.8227310237022],[2.54234864106543,48.822726440904056],[2.542339266068206,48.82272188900614],[2.542329969800459,48.82271736619908],[2.542320749538296,48.82271287247201],[2.542311605298103,48.822708406026365],[2.542302534372511,48.82270396505281],[2.542293531297457,48.822699551328185],[2.542284601536837,48.822695163075636],[2.542275736952103,48.82269079666555],[2.542266937510482,48.822686455695006],[2.542258203244688,48.822682136566954],[2.54224953143084,48.82267783927054],[2.54224092206891,48.82267356380573],[2.542232369727894,48.82266930835234],[2.542223879855065,48.822665072932054],[2.542215444279246,48.82266085751232],[2.542207063016736,48.822656660294605],[2.542198738791265,48.82265248128978],[2.542190468879057,48.82264832048694],[2.542182250556238,48.82264417787536],[2.542174083839211,48.82264005165639],[2.542165968728061,48.82263594183008],[2.542157902498911,48.82263184838563],[2.542149882444321,48.82262776951354],[2.542141913995545,48.82262370703416],[2.542133988997439,48.822619659116334],[2.542126112914115,48.82261562398325],[2.542118280265098,48.82261160521033],[2.542110493806977,48.82260759921131],[2.542102750815987,48.822603605975324],[2.542095051275579,48.822599627300946],[2.54208739249495,48.822595659580244],[2.542079777164873,48.822591706421186],[2.542072202594543,48.8225877642158],[2.542064666059996,48.82258383295319],[2.542057172992485,48.82257991445371],[2.542049715236981,48.82257600688619],[2.542042298241066,48.82257211027237],[2.542034919280979,48.822568224601405],[2.542027578356705,48.822564349873296],[2.542020275468131,48.822560486088065],[2.54201300790793,48.82255663143627],[2.542005775676189,48.82255278591792],[2.541998578756262,48.82254895133162],[2.54199141716467,48.82254512587881],[2.541984290901503,48.82254130955947],[2.541977197259234,48.82253750056415],[2.541970138928933,48.82253370250094],[2.541963113219407,48.82252991176177],[2.541956122821824,48.822526131954696],[2.541949162337787,48.82252235766225],[2.541942234458259,48.82251859249249],[2.541935339199565,48.822514834646825],[2.541928473821515,48.822511085913014],[2.541921638340535,48.822507344492394],[2.541914835496793,48.822503608597344],[2.54190806525751,48.822499881825],[2.541901322191523,48.82249616235504],[2.541894609038902,48.8224924483998],[2.541887925766966,48.82248874355645],[2.541881269701072,48.82248504241836],[2.541874646239486,48.82248135040299],[2.541868047243848,48.82247766388062],[2.541861478161529,48.82247398287301],[2.541854938976287,48.82247030917869],[2.541848424256765,48.822466640977396],[2.541841939434302,48.82246298008943],[2.541835479093981,48.822459322895945],[2.54182904592686,48.82245567300489],[2.541822642673008,48.822452028628646],[2.541816261177638,48.82244838793599],[2.541809909579284,48.82244475455668],[2.541806319226241,48.82244269699603],[2.541622633974238,48.82233316132556],[2.541445474880764,48.82221903507847],[2.5412751048506,48.8221004876476],[2.541111776706439,48.82197769498683],[2.540955732813736,48.82185083934964],[2.540807204721101,48.82172010901863],[2.540666412816803,48.82158569802574],[2.540533566001859,48.82144780586432],[2.540408861380247,48.82130663719276],[2.540292483966608,48.82116240153071],[2.540184606411985,48.821015312947964],[2.540085388747909,48.82086558974666],[2.53999497814925,48.8207134541371],[2.539913508716198,48.82055913190796],[2.539912032573967,48.820556147456436],[2.539909430754821,48.820550870632786],[2.539906831841541,48.82054557403567],[2.539904233077276,48.820540261251345],[2.53990163994262,48.820534928704475],[2.539899046973592,48.820529578171836],[2.539896456893831,48.82052420966429],[2.539893869719947,48.820518821383345],[2.539891285451943,48.82051341332894],[2.539888704073212,48.82050798729963],[2.539886122893136,48.82050253968744],[2.539883544602338,48.82049707410033],[2.539880966510201,48.82049158693033],[2.539878391307549,48.82048608178546],[2.539875819043605,48.82048055326998],[2.539873249669047,48.82047500677961],[2.539870680509671,48.82046943690778],[2.539868111532564,48.82046384725159],[2.539865545477666,48.82045823602338],[2.539862982361692,48.82045260142459],[2.539860416720771,48.820446945231986],[2.539857856725901,48.82044126747825],[2.5398552942225,48.82043556633211],[2.539852734641524,48.82042984361395],[2.539850178015894,48.820424095726686],[2.539847618881845,48.820418324446955],[2.539845062686638,48.820412529796656],[2.539842506706749,48.82040671176491],[2.539839950958489,48.82040086855305],[2.539837395458472,48.82039499836257],[2.539834840173784,48.820389104790586],[2.539832285120736,48.82038318603856],[2.539829730315943,48.8203772403079],[2.53982717575941,48.8203712675986],[2.539824621451241,48.82036526791065],[2.539822067391237,48.82035924124408],[2.53981951087239,48.820353185789386],[2.539816954601818,48.82034710335606],[2.539814398595936,48.82034099214555],[2.539811840131326,48.820334852146914],[2.539809281947925,48.82032868157252],[2.539806724045839,48.820322480422334],[2.53980416370145,48.82031624868544],[2.539801600914661,48.820309986361885],[2.539799035701989,48.820303691653095],[2.539796470787266,48.82029736456995],[2.539793903446671,48.82029100510154],[2.539791333696824,48.82028461144929],[2.539788758813904,48.82027818360233],[2.539786184261879,48.820271719783854],[2.539783607300619,48.82026522178157],[2.539781025239432,48.820258685987405],[2.539778440785435,48.82025211421086],[2.539775853955248,48.82024550465332],[2.539773262041669,48.820238855505366],[2.539770665044604,48.820232166766935],[2.539768065687883,48.82022543844895],[2.539765458557098,48.82021866693249],[2.539762849083186,48.820211854037936],[2.539760234558948,48.820204997955734],[2.53975761498429,48.820198098685985],[2.539754987668732,48.820191152620595],[2.539752355335901,48.82018415977045],[2.539749715262088,48.82017712012468],[2.539747067480433,48.820170030086125],[2.539744414697946,48.820162891464264],[2.539741751517049,48.82015569884154],[2.539739080644653,48.820148454027496],[2.539736402097486,48.8201411552235],[2.539733713168359,48.820133800620106],[2.539731016613925,48.82012638663103],[2.539728306986972,48.82011891323455],[2.53972558702754,48.820111378642906],[2.539722856752257,48.820103781057604],[2.539720110746844,48.82009611685963],[2.539717354475156,48.82008838427221],[2.53971458523001,48.82008058148594],[2.539711800304328,48.820072706691256],[2.539708999731057,48.82006475629111],[2.539706183526833,48.82005672848684],[2.539703349017509,48.8200486178719],[2.539700498943332,48.82004042265855],[2.539697627890038,48.82003213922785],[2.539694735890578,48.820023763982704],[2.539691822978111,48.8200152933259],[2.539688883754895,48.82000672183999],[2.539685923717717,48.81999804415101],[2.53968293472872,48.8199892566291],[2.539679919577706,48.81998035209089],[2.539676872883359,48.81997132332028],[2.539673794678751,48.81996216672011],[2.539670679599291,48.81995287327573],[2.539667530467726,48.81994343220661],[2.539664339179153,48.819933836285706],[2.539661103109119,48.819924074710684],[2.539657819649593,48.81991413488067],[2.539654486192649,48.81990400419473],[2.539651094715898,48.81989366643299],[2.539647642661081,48.81988310359886],[2.539644119331884,48.819872294065746],[2.539640519495617,48.819861214430524],[2.539636835262382,48.819849834084664],[2.539633053327831,48.81983811880078],[2.539629160470232,48.81982602535859],[2.539625140876419,48.81981349613839],[2.539620970644869,48.81980046449478],[2.539616620691001,48.81978683498353],[2.539612051349768,48.819772477943786],[2.539607201712071,48.81975720427463],[2.539601979242118,48.81974070963567],[2.539596209102614,48.819722457332496],[2.539589513062423,48.81970122097792],[2.539580056994115,48.81967118362569],[2.539570611848311,48.81964114451764],[2.538346066492207,48.81574523897044],[2.538339372042738,48.8157239449787],[2.538332666705159,48.81570265094279],[2.538327913873711,48.81568759703191],[2.538323816993734,48.815674659156],[2.538320100827856,48.815662967467034],[2.538316651762944,48.81565214199604],[2.538313395546891,48.81564196480952],[2.538310295244017,48.81563230625707],[2.538307319050952,48.81562307088314],[2.538304445792941,48.81561419205305],[2.538301662283372,48.81560562294927],[2.538298955286171,48.81559732214988],[2.538296314188965,48.81558925903548],[2.538293731053373,48.815581408393165],[2.538291197891237,48.81557375040592],[2.538288714868245,48.81556626708793],[2.538286271223094,48.815558944006916],[2.538283867071692,48.81555176857285],[2.538281494359755,48.815544728162955],[2.538279155876869,48.81553781559384],[2.53827684627546,48.815531020052205],[2.538274560158568,48.815524336120454],[2.53827230033225,48.815517754816675],[2.538270061399451,48.8155112707233],[2.53826784611654,48.81550488025405],[2.538265646363104,48.81549857798048],[2.538263467652106,48.8154923567301],[2.538261301829909,48.81548621467157],[2.538259154376349,48.81548014822964],[2.53825701987792,48.81547415378524],[2.538254898367535,48.81546822774121],[2.538252787154951,48.81546236648956],[2.538250691687078,48.81545657005208],[2.538248603843217,48.81545083300027],[2.538246526363382,48.8154451535465],[2.538244456540771,48.81543952988123],[2.538242397098731,48.815433962015476],[2.538240345363592,48.815428444542476],[2.538238301335242,48.8154229774623],[2.538236265030341,48.81541755897638],[2.538234233742088,48.815412187275165],[2.53823221019363,48.81540686236964],[2.538230188971581,48.81540158064071],[2.538228175522545,48.81539634211033],[2.538226167139726,48.81539114496895],[2.538224161116225,48.81538598740707],[2.538222160175595,48.81538086943562],[2.538220161594272,48.81537579104367],[2.538218168128942,48.81537074864498],[2.538216174332583,48.81536574221775],[2.538214185668772,48.8153607699852],[2.538212199397279,48.815355833735026],[2.538210215551535,48.81535092987006],[2.538208234114767,48.81534606018885],[2.538206255120204,48.8153412210943],[2.53820427582772,48.815336414374016],[2.538202296254081,48.815331638229395],[2.538200319139101,48.81532689087288],[2.538198344466311,48.815322174102974],[2.538196369545385,48.81531748431165],[2.538194394359655,48.81531282329742],[2.538192418925885,48.81530818926173],[2.538190445950756,48.81530358401412],[2.538188470037263,48.81529900213697],[2.538186496582404,48.8152944490479],[2.538184520189175,48.81528991932929],[2.538182546287709,48.81528541480158],[2.5381805694313,48.815280935442914],[2.538178592359866,48.81527647946564],[2.538176615073301,48.815272046869794],[2.538174634848354,48.815267637644396],[2.538172654408475,48.81526325180042],[2.538170673770026,48.81525888753926],[2.538168690209655,48.81525454484999],[2.538166706434344,48.815250225542144],[2.538164719753676,48.815245926007606],[2.53816273287453,48.81524164805591],[2.538160743090124,48.81523738987752],[2.538158753107134,48.81523315328197],[2.538156757512103,48.8152289346502],[2.538154761718483,48.8152247376013],[2.538152765743044,48.81522056033662],[2.538150764155356,48.815216401035784],[2.538148762385744,48.815212261519164],[2.538146757727429,48.815208139977344],[2.538144750180308,48.81520403641022],[2.538142739727912,48.815199952616425],[2.538140726403275,48.81519588499883],[2.538138710189929,48.81519183535596],[2.538136693811115,48.81518780369878],[2.538134671836815,48.815183788206795],[2.538132646973699,48.8151797906896],[2.538130619238336,48.815175809348574],[2.538128588614257,48.81517184598226],[2.538126557857943,48.81516789700451],[2.53812451876602,48.815163965979615],[2.53812247954196,48.81516004934327],[2.538120437445546,48.815156148883105],[2.538118389753636,48.81515226458814],[2.538116339189469,48.81514839646939],[2.538114285786288,48.81514454092963],[2.538112229494177,48.815140703364605],[2.538110170346579,48.81513688017719],[2.53810862786706,48.81513403033091],[2.538038790565382,48.81501587015355],[2.537959043112183,48.81490047836727],[2.537869635881088,48.81478821715647],[2.537770849559692,48.814679438877036],[2.537662994267909,48.81457448495079],[2.537546408584067,48.81447368479391],[2.537421458481753,48.814377354783375],[2.537288536180798,48.81428579726405],[2.537148058915959,48.81419929960017],[2.537000467627228,48.814118133273524],[2.536846225575829,48.814042553031726],[2.536685816890257,48.81397279608881],[2.536519745046951,48.81390908138106],[2.536348531290331,48.81385160888008],[2.536172712997149,48.81380055896527],[2.535992841990331,48.81375609185812],[2.535809482807539,48.81371834711935],[2.535623210929907,48.81368744321114],[2.535434610976496,48.81366347712548],[2.535244274870137,48.81364652407985],[2.535052799980382,48.81363663728127],[2.5348607872494,48.81363384775934],[2.534668839306683,48.81363816426898],[2.534477558578469,48.81364957326288],[2.534287545397802,48.813668038933955],[2.534099396121138,48.81369350332787],[2.533913701257424,48.813725886524644],[2.533731043615478,48.81376508688951],[2.533551996475496,48.81381098139174],[2.533377121790398,48.813863425990604],[2.533206968422671,48.813922256087324],[2.533042070422205,48.81398728704141],[2.532882945350545,48.814058314750035],[2.532730092656791,48.81413511628834],[2.532583992110262,48.814217450608886],[2.532445102294807,48.81430505929803],[2.532313859169507,48.814397667386515],[2.532310825880227,48.8143999339219],[2.532306764033593,48.81440297868071],[2.532302696588759,48.81440603960435],[2.532298623562498,48.81440911489428],[2.532294547661328,48.81441220636014],[2.532290463455318,48.81441531218117],[2.532286376391271,48.81441843237953],[2.532282281005697,48.81442156873165],[2.532278180021792,48.81442472124864],[2.532274073456432,48.81442788813185],[2.532269961276155,48.81443107297848],[2.532265840790907,48.81443427218032],[2.532261714690731,48.81443748934551],[2.532257583008978,48.814440720876995],[2.532253442988882,48.81444397036083],[2.532249297353639,48.814447237808004],[2.532245140690298,48.81445051959933],[2.532240981118322,48.81445382116368],[2.532236810501455,48.8144571388707],[2.532232631546115,48.81446047453005],[2.5322284469757,48.81446382815279],[2.5322242540668,48.81446719972785],[2.532220050079422,48.81447059104271],[2.532215837770226,48.814473998511296],[2.532211617105844,48.8144774257308],[2.53220738808617,48.81448087270115],[2.53220314798789,48.814484339411344],[2.532198896827779,48.814487824062745],[2.532194637295573,48.81449133026357],[2.532190366684739,48.81449485620422],[2.532186087718679,48.81449840189576],[2.532181794933686,48.81450196911454],[2.532177491070145,48.81450555607314],[2.532173176094279,48.814509166368694],[2.532168850039749,48.81451279640402],[2.532164510149674,48.81451644976517],[2.532160156423839,48.814520126452216],[2.532155791602634,48.81452382467758],[2.532151412945754,48.81452754622881],[2.532147020453192,48.814531291105844],[2.532142611384844,48.814535061096215],[2.532138191204103,48.81453885442356],[2.532133754447557,48.814542672864164],[2.532129301098413,48.81454651821671],[2.532124831173443,48.81455038868255],[2.532120347395946,48.814554284272816],[2.532115844285724,48.81455820856245],[2.532111321859346,48.814562159752874],[2.532106782840315,48.81456613785518],[2.532102227211831,48.81457014466794],[2.532097649510276,48.814574181967544],[2.532093052459148,48.81457824976511],[2.532088433351708,48.814582346250916],[2.53208379215447,48.81458647502219],[2.532079131590732,48.81459063608989],[2.532074446213856,48.81459482943197],[2.53206973600684,48.81459905684691],[2.53206500369318,48.81460331834583],[2.532060243809248,48.81460761570515],[2.532055456355129,48.814611948924835],[2.532050641314017,48.81461631980345],[2.532045798669005,48.814620730139545],[2.532040925696762,48.81462517992209],[2.532036022397268,48.814629669151046],[2.532031086013614,48.814634201412424],[2.532026116545678,48.81463877670628],[2.532021111253334,48.81464339682011],[2.532016070119669,48.81464806355238],[2.532010990404759,48.81465277869067],[2.53200586938496,48.81465754222386],[2.532000707009877,48.81466235954765],[2.53199550057316,48.814667228852365],[2.531990250040895,48.81467215373517],[2.53198494994963,48.814677135972424],[2.531979600249066,48.814682180959856],[2.531974195509121,48.8146872868767],[2.531968735679388,48.81469245911864],[2.531963215279513,48.81469770126067],[2.531957631552452,48.814703016888856],[2.531951981758054,48.814708407790604],[2.531946260399161,48.814713879339486],[2.53194046470203,48.81471943692012],[2.531934586462765,48.81472508409634],[2.53192862289082,48.81473082805136],[2.531922565765597,48.8147366741476],[2.531916409556425,48.81474263135571],[2.531910143319269,48.81474870502704],[2.531903758783228,48.81475490591976],[2.531897247660394,48.81476124659055],[2.531890593526573,48.814767735965674],[2.531883785303436,48.81477439378508],[2.531876801086118,48.81478123254999],[2.531869621575903,48.814788277362766],[2.531862222027095,48.814795553303554],[2.531854566733091,48.81480309260233],[2.53184661169991,48.814810940046],[2.531838304679153,48.8148191493808],[2.531829565936766,48.814827801220744],[2.531820277308681,48.8148370083988],[2.53181026004473,48.814846955446676],[2.531799184314928,48.814857964775946],[2.531786313280842,48.81487077982065],[2.531768119933981,48.814888909749094],[2.531749940174009,48.81490704152865],[2.529905959378946,48.81674623473508]],"type":"LineString"},"properties":{"shape_leng":2294.86773985,"id_ligne":"1500","id_sous_li":"15SU","niv_type":"Raccordement SMR\/SMI","ligne":"Ligne 15 Sud","producteur":"SGP","date":"2017-04-01","geo_point_2d":{"lon":2.5389304289750485,"lat":48.818703484637}}},{"type":"Feature","geometry":{"coordinates":[[2.230479877949556,48.82729138334798],[2.229649453952015,48.827753353759036],[2.229121889190299,48.82803770806685],[2.228594318456494,48.82832205904494],[2.228066741722778,48.82860640849175],[2.22802436181802,48.82862924978892],[2.227749811536534,48.8287767077547],[2.227537055056533,48.828889037108695],[2.227321950964122,48.82899939871249],[2.227213218256061,48.82905356236156],[2.226992835074244,48.82915928141535],[2.226914569106363,48.82919536496535],[2.226835711051899,48.82923088148944],[2.226630452372676,48.82931926949585],[2.226421271916348,48.82940355400978],[2.22618436757112,48.82949233807166],[2.226124451435199,48.82951371613169],[2.226064267921576,48.82953476319976],[2.225820938105454,48.82961561868518],[2.225734745917334,48.829642671678904],[2.225648081724564,48.829669057710866],[2.225423512129223,48.82973386572716],[2.225196547814048,48.82979493387014],[2.22494215892684,48.82985928099884],[2.224814338921973,48.82989035787777],[2.224557837198424,48.829950947729785],[2.224249044602267,48.83002215448148],[2.224040977115312,48.83006990978885]],"type":"LineString"},"properties":{"shape_leng":569.903522151,"id_ligne":"1500","id_sous_li":"15SU","niv_type":"Arri\u00e8re gare","ligne":"Ligne 15 Sud","producteur":"SGP","date":"2017-04-01","geo_point_2d":{"lon":2.227334571569432,"lat":48.82886662189779}}},{"type":"Feature","geometry":{"coordinates":[[2.409810943228385,48.77814951280994],[2.40977060994082,48.77865455666512],[2.40976846604387,48.778681565231444],[2.409766311280236,48.77870857194313],[2.409764774820736,48.77872766949376],[2.409763441376868,48.77874408447567],[2.409762227243653,48.77875891724332],[2.409761088587574,48.77877265501027],[2.409760008606847,48.778785569289006],[2.409758971705612,48.77879782907415],[2.409757971044653,48.778809553042564],[2.409756994765144,48.77882082387208],[2.40975604210529,48.77883170631076],[2.409755828273767,48.77883415139968],[2.409727885340839,48.77910707563575],[2.409692557809602,48.77937962574927],[2.409649856870746,48.779651714477055],[2.409649439028404,48.77965414952376],[2.409647577939963,48.77966497872799],[2.409645636078964,48.77967619602914],[2.409643607304132,48.779687860751736],[2.409641474270766,48.77970005914264],[2.409639213852729,48.77971290619769],[2.40963679954626,48.77972657265407],[2.409634179232921,48.779741324446604],[2.409631268233677,48.77975765037765],[2.409627868642914,48.779776641220984],[2.409623040160989,48.779803499285556],[2.409618203530573,48.779830355509326],[2.409315437359131,48.78151554948584],[2.40931046342319,48.78154317481685],[2.409305497667412,48.78157079839098],[2.409301998881461,48.78159033370826],[2.409299003257194,48.78160712504833],[2.409296307009439,48.78162229912748],[2.409293822605236,48.78163635552505],[2.409291495095153,48.78164956915456],[2.409289297910322,48.7816621161487],[2.409287210602362,48.78167411511442],[2.409285210382548,48.781685652270525],[2.409283740850167,48.781694188381735],[2.409251261537325,48.781894549467985],[2.409222456417488,48.78209515581195],[2.409221313218175,48.78210371338573],[2.409219780737743,48.782115281724515],[2.409218196525244,48.78212731385328],[2.409216554099939,48.78213989787338],[2.409214833012596,48.78215315239161],[2.4092130148581,48.78216725358273],[2.409211063715554,48.78218247825663],[2.409208919265011,48.78219932613252],[2.409206434826197,48.78221892781743],[2.409202940240883,48.782246650683994],[2.409199456538015,48.78227437360639],[2.409126060462635,48.782856377442165],[2.409124129589235,48.78287149429799],[2.409122190570974,48.7828866093132],[2.409120807226131,48.78289729707032],[2.40911960486609,48.7829064838716],[2.409118508205929,48.782914784473824],[2.409117481387438,48.78292247029126],[2.40911650353773,48.78292969590187],[2.40911556536901,48.78293655658722],[2.409114657975084,48.78294311525484],[2.409113772619322,48.782949420423805],[2.409112908877861,48.78295550806525],[2.40911205828935,48.78296140331699],[2.409111223278891,48.78296713137287],[2.409110398212609,48.78297270839186],[2.409109582921043,48.782978148762446],[2.409108774534144,48.78298346506052],[2.40910797020335,48.78298866806347],[2.409107175244795,48.782993768590615],[2.409106381451219,48.78299877019707],[2.409105591417085,48.783003683688165],[2.409104802357279,48.783008514445655],[2.409104016951106,48.783013266080545],[2.409103232413349,48.783017943974556],[2.409102448701539,48.78302255172482],[2.409101665731146,48.78302709652555],[2.409100880780403,48.78303157836275],[2.409100093807044,48.78303600083352],[2.409099307469085,48.783040369347574],[2.409098521787613,48.78304468210632],[2.409097731234856,48.78304894627599],[2.409096938532283,48.783053161870605],[2.409096146380379,48.783057330702725],[2.409095349314725,48.78306145454286],[2.409094550035807,48.783065535203626],[2.409093748501053,48.78306957628213],[2.409092942010283,48.78307357596578],[2.409092133242597,48.783077537865715],[2.409091322176912,48.78308146378045],[2.409090506070373,48.78308535549459],[2.409089684944064,48.78308921120961],[2.409088861498573,48.78309303273801],[2.40908803296986,48.78309682366292],[2.409087202100682,48.78310058219974],[2.409086366127199,48.783104311931694],[2.409085525070394,48.783108011060094],[2.409084678887998,48.783111683182184],[2.409083827601196,48.7831153264993],[2.409082973910378,48.78311894282405],[2.409082115093969,48.78312253214245],[2.409081640233074,48.78312448844781],[2.409050784160332,48.78323142337669],[2.409010193585008,48.783336928603696],[2.408960017186654,48.78344061751474],[2.4089004387744,48.78354211014904],[2.408831676614206,48.78364103459172],[2.408753982629778,48.78373702833671],[2.40866764148004,48.78382973961536],[2.408572969516595,48.78391882868574],[2.408470313624933,48.784003969077766],[2.408360049953672,48.78408484878984],[2.408242582536432,48.78416117143235],[2.408118341811427,48.78423265731415],[2.407987783044204,48.78429904446764],[2.407985355065543,48.78430020468594],[2.407980893366234,48.78430232930085],[2.407976393435481,48.78430446451053],[2.40797185259409,48.78430660670389],[2.407967276242875,48.78430875950607],[2.407962656216921,48.78431092287498],[2.407957995237854,48.78431309682467],[2.407953290583929,48.78431528134106],[2.407948544955649,48.78431747823675],[2.407943750209117,48.784319685671136],[2.407938911745349,48.7843219072693],[2.407934024141982,48.784324141204706],[2.407929087377982,48.78432638927584],[2.407924098710272,48.784328653267266],[2.407919055459757,48.784330929567844],[2.40791396028428,48.78433322358724],[2.407908805018815,48.78433553528333],[2.407903592406314,48.784337862871666],[2.407898319682469,48.784340209935245],[2.407892981404088,48.78434257644608],[2.407887577570956,48.784344962404056],[2.40788210541906,48.78434737139231],[2.407876559504905,48.78434980338281],[2.407870937085604,48.78435226016002],[2.407865235439397,48.784354741709954],[2.407859451802065,48.784357251615596],[2.40785357798744,48.784359791633506],[2.407847611273655,48.784362361749565],[2.407841546174946,48.78436496553284],[2.407835377205242,48.78436760655239],[2.407829096178464,48.784370286564624],[2.407822694886795,48.78437300912458],[2.407816165122715,48.78437577778726],[2.407809495978291,48.78437859429509],[2.407802679182202,48.78438146759869],[2.407795695639944,48.78438440119701],[2.407788534401004,48.78438740042951],[2.407781173585729,48.78439047417668],[2.407773588592513,48.78439363130504],[2.407765757499111,48.784396884292185],[2.407757636588394,48.78440024730204],[2.407749184822484,48.784403738109575],[2.407740342005411,48.78440738338443],[2.407731020660533,48.78441121505152],[2.407721097695412,48.7844152846374],[2.407710378913542,48.78441967208067],[2.407698511516914,48.78442451945551],[2.40768469688271,48.78443015179982],[2.407665149788309,48.78443810724099],[2.40764559730793,48.78444605725507],[2.406348892811741,48.78497208022315],[2.405444529012923,48.78533893052736],[2.405424951632246,48.785346854856144],[2.405405368887272,48.7853547719592],[2.40539151612526,48.78536036246314],[2.405379602566642,48.78536516259594],[2.405368829602958,48.785369493783314],[2.405358847145707,48.78537349810672],[2.405349458269787,48.78537725548713],[2.405340537156739,48.785380817434714],[2.405332001749237,48.78538421769947],[2.405323789170095,48.78538747933869],[2.405315852893772,48.785390623695626],[2.405308160110084,48.78539366319111],[2.405300680752047,48.785396608461575],[2.405293390174626,48.78539947197015],[2.405286271983552,48.785402259028025],[2.40527930976302,48.78540497674484],[2.405272489840336,48.78540763044594],[2.405265798542902,48.78541022545648],[2.405259227662826,48.78541276533136],[2.40525276899221,48.78541525362546],[2.405246414323257,48.78541769389364],[2.405240152726366,48.78542008967662],[2.405233984201465,48.78542244097447],[2.405227897797626,48.78542475312645],[2.405221893514973,48.785427026132645],[2.405215963166916,48.785429261749286],[2.405210103989032,48.78543146355945],[2.405204313280866,48.785433629750486],[2.405198585535073,48.785435765689876],[2.405192918051198,48.78543786956499],[2.405187308086136,48.78543994316028],[2.405181755618678,48.78544198827434],[2.40517625518402,48.78544400667756],[2.405170804060277,48.785445998355854],[2.405165402247564,48.78544796330918],[2.405160047002772,48.78544990332206],[2.405154735604215,48.78545181838035],[2.405149468030479,48.785453710282674],[2.405144238838281,48.785455579000825],[2.4051390534496,48.78545742636155],[2.405133903720579,48.78545925052403],[2.405128789629902,48.78546105328683],[2.40512371387805,48.78546283646259],[2.405118671021436,48.78546460002314],[2.405113661081497,48.785466342169876],[2.405108684036814,48.78546806470143],[2.40510373714447,48.78546976940225],[2.405098820404271,48.78547145627229],[2.405093933837756,48.785473123513064],[2.405091269207111,48.78547403063183],[2.404935915962456,48.78552285341364],[2.404776204881103,48.785565092510986],[2.40461277416582,48.7856005791346],[2.404446276887712,48.785629171477964],[2.404277378375847,48.78565075528436],[2.404106753557783,48.785665244303416],[2.40393508426172,48.78567258063601],[2.403763056491015,48.78567273496557],[2.403591357681961,48.78566570667541],[2.403420673955887,48.785651523851094],[2.403251687376472,48.785630243168185],[2.40308507322331,48.78560194966576],[2.402921497292653,48.7855667564064],[2.402761613236073,48.78552480402426],[2.402606059947756,48.78547626016296],[2.402455459010858,48.78542131880541],[2.402310412213104,48.785360199498534],[2.402171499141651,48.78529314647556],[2.402039274866753,48.785220427679896],[2.401914267723541,48.78514233369414],[2.401796977200762,48.78505917657862],[2.401687871944942,48.78497128862412],[2.401587387887913,48.78487902102385],[2.401495926505217,48.78478274246964],[2.401413853212319,48.784682837678616],[2.401341495905059,48.78457970585558],[2.401279143650132,48.784473759097516],[2.401227045530833,48.78436542074684],[2.401227000528665,48.78436531439084],[2.401186107782872,48.78425725145177],[2.401155417627008,48.78414772280853],[2.401135047739895,48.78403714867896],[2.401125076203774,48.78392595328933],[2.401125541205793,48.783814563246565],[2.401136440892529,48.783703405901576],[2.401157733378183,48.7835929077097],[2.401189336906334,48.78348349259461],[2.401231130164609,48.783375580322094],[2.401282952751115,48.78326958488965],[2.401344605790743,48.78316591293838],[2.40141585269903,48.783064962193116],[2.401496420090592,48.78296711993675],[2.40158599882867,48.7828727615247],[2.401684245211709,48.7827822489451],[2.401790782292451,48.78269592943042],[2.401905201324434,48.782614134125545],[2.402027063330384,48.78253717681771],[2.402155900786442,48.78246535273301],[2.402291219415784,48.782398937404096],[2.402432500084746,48.78233818561336],[2.402579200794196,48.78228333041596],[2.402730758758487,48.78223458224578],[2.402886592564057,48.78219212810862],[2.403046104399385,48.782156130864884],[2.403208682347749,48.78212672860508],[2.403211594698989,48.78212626349103],[2.403216942099239,48.78212541711914],[2.403222333023088,48.78212457277179],[2.403227762048693,48.782123728622146],[2.403233234619289,48.7821228846984],[2.403238750713478,48.78212204279922],[2.403244310331157,48.78212120292453],[2.403249918937056,48.78212036330407],[2.403255571087835,48.78211952390953],[2.403261274948244,48.78211868478335],[2.403267030496988,48.78211784772405],[2.403272835033739,48.78211701091893],[2.403278696723348,48.78211617441042],[2.403284612822801,48.782115339982916],[2.403290588818014,48.782114504067565],[2.403296624666199,48.782113670261474],[2.403302720410138,48.78211283496757],[2.403308884193186,48.782112000026714],[2.403315116015238,48.782111165438955],[2.403321415876393,48.782110331204265],[2.403327791962685,48.782109495566495],[2.403334244252822,48.782108660324205],[2.403340778211119,48.78210782370702],[2.403347396559392,48.78210698572917],[2.403354104719277,48.782106148217416],[2.40336090817668,48.78210530760292],[2.403367809631723,48.78210446569829],[2.403374817249249,48.782103622545996],[2.403381933772054,48.782102776361576],[2.403389172808116,48.78210192721565],[2.40339653707904,48.78210107512238],[2.403404037492271,48.78210021833966],[2.403411684912874,48.78209935872263],[2.40341949026988,48.78209849273062],[2.403427467171056,48.7820976204343],[2.403435631945782,48.78209674191846],[2.403444003666545,48.78209585548336],[2.403452604127239,48.78209495944359],[2.403461463286504,48.78209405215588],[2.403470608381361,48.78209313196301],[2.403480082999705,48.7820921954939],[2.403489944337304,48.782091239448164],[2.403500260475972,48.78209026058191],[2.403511132242245,48.78208924862649],[2.403522698521579,48.78208819710827],[2.403535196304361,48.78208708927097],[2.403549031489232,48.78208589484573],[2.403565132965072,48.782084548506944],[2.403587922029861,48.78208272067003],[2.40361072639609,48.78208097924405],[2.403808345873891,48.78206960718812],[2.404006567902409,48.78206459197274],[2.404204924571426,48.7820659454365],[2.404402947653056,48.7820736643845]],"type":"LineString"},"properties":{"shape_leng":1727.52924856,"id_ligne":"1500","id_sous_li":"15SU","niv_type":"Raccordement SMR\/SMI","ligne":"Ligne 15 Sud","producteur":"SGP","date":"2017-04-01","geo_point_2d":{"lon":2.4056522970887038,"lat":48.78323441064743}}},{"type":"Feature","geometry":{"coordinates":[[2.230479877949556,48.82729138334798],[2.231232113656619,48.82690027806083],[2.231443130157596,48.82678653273715],[2.231759654475245,48.82661591403158],[2.231970669930055,48.82650216864413],[2.232287189294322,48.82633154847137],[2.232814719503534,48.82604717959078],[2.23334224235154,48.825762809170186],[2.233869759227688,48.825478435420266],[2.23439727010463,48.825194060139566],[2.234815677925356,48.82496849768386],[2.234924795191678,48.82490969785215],[2.235136276599114,48.82479633564793],[2.235242450116267,48.8247400089256],[2.235456184495479,48.82462850748693],[2.235670583566626,48.82452006875535],[2.235888200583489,48.82441446507421],[2.236003174969944,48.824360752995126],[2.236228478447524,48.824259674908305],[2.236342546104014,48.82421053864491],[2.236573429619481,48.82411510888141],[2.236807850916022,48.824023518974165],[2.236926344558726,48.82397918165693],[2.237165800600488,48.82389345851002],[2.237408426004247,48.823811714818625],[2.237523860350384,48.82377457386068],[2.237777977537197,48.82369666937874],[2.238027859961449,48.82362508926182],[2.238153798137281,48.8235908520354],[2.238407568648563,48.82352550775632],[2.238597229875951,48.82347978480374],[2.238663733018907,48.82346437153037],[2.238937760049435,48.823404192977506],[2.239052111765628,48.82338062976784],[2.239313374810035,48.82332975952206],[2.239444532614603,48.82330553188516],[2.239707629693749,48.82325895827017],[2.239971438689573,48.823214175765145],[2.240251517775854,48.82316768619622],[2.240367721460467,48.823148473273186],[2.241028297734749,48.82303925578188],[2.241688871144189,48.822930033594446],[2.242202491754257,48.822845106226694],[2.242349436472183,48.82282079138765],[2.24259870834709,48.822779242755324],[2.242804000606431,48.822744474593904],[2.243009085351269,48.82270917858339],[2.243338120291883,48.82265137262001],[2.243666601551555,48.82259220856019],[2.243994514084384,48.822531689007846],[2.244321846930237,48.82246981659405],[2.244534123611552,48.82242890825965],[2.244746145644563,48.82238743127413],[2.244974751939261,48.822342085907316],[2.245137360817236,48.8223096242866],[2.245626541138946,48.822211890793575],[2.246278315061273,48.82208166762227],[2.246928979060306,48.821951662838835],[2.246930086959202,48.82195144076284],[2.247321359936109,48.82187376885939],[2.247582824256313,48.82182335968922],[2.247713311636938,48.82179897888048],[2.247844059345419,48.82177521208245],[2.248042120914658,48.8217406436201],[2.248240822241631,48.82170771581187],[2.248505948343138,48.821666488339396],[2.248638891140276,48.82164697001213],[2.248905492568822,48.82161013108045],[2.249172987984207,48.821576230139534],[2.249307046566237,48.821560384064846],[2.249575740445989,48.821530908503505],[2.249845140144252,48.821504393072395],[2.249980082698298,48.82149224739661],[2.25025040138868,48.821470186978324],[2.25044375777878,48.821456254279234],[2.250637352813714,48.82144384270595],[2.250782772844739,48.82143550566499],[2.250928285468608,48.82142789571527],[2.251199982291128,48.82141518445444],[2.251588213447007,48.821398935084666],[2.251607734043825,48.82139813943489],[2.251879594240613,48.82138705095293],[2.252287385651859,48.8213704183823],[2.252559245547858,48.821359328293134],[2.252967036508058,48.821342693311664],[2.253238896103428,48.821331601615256],[2.253646686612517,48.82131496422297],[2.254326335965025,48.82128723111627],[2.255005984565373,48.821259493991526],[2.255509811842599,48.82123892971834],[2.255685628728692,48.82123172584457],[2.255917664474775,48.821221942931395],[2.256141372190634,48.821211948278766],[2.256365013908287,48.821201346605726],[2.256419041125113,48.82119869315708],[2.25682638869827,48.82117787856534],[2.25704393189034,48.82116668395103],[2.257233775889904,48.821157399143445],[2.257478522921383,48.82114663758109],[2.25772340626064,48.821137332418324],[2.258036908975284,48.821127549596014],[2.258350561504719,48.821120151050096],[2.2584037730448,48.821119131813354],[2.258758998565975,48.82111342129201],[2.259940132799728,48.82109590317725],[2.260992546044308,48.821080283151076],[2.261126839829173,48.82107824506953],[2.261399099903411,48.821073010292025],[2.261535171313518,48.821069286090925],[2.261807022569056,48.821058233458025],[2.261977483218605,48.821048026733834],[2.262147438827639,48.82103465262113],[2.262314818674724,48.821017869401345],[2.262481277670779,48.820997479954144],[2.262659426720383,48.82097149397793],[2.262746691729464,48.820957164997175],[2.262812515048389,48.820945650106665],[2.262878101593695,48.82093356347598],[2.263137873568863,48.820879552196814],[2.263392982468326,48.82081658985642],[2.263455947350702,48.820799471354135],[2.263518566111792,48.82078180649674],[2.263765359588839,48.82070575496321],[2.264005751601892,48.82062123506249],[2.264064770795902,48.820598808218385],[2.264123338453272,48.82057587122358],[2.264352885616432,48.82047909416574],[2.264574403925516,48.82037447696839],[2.264628456954341,48.82034713102972],[2.264681961116057,48.82031931749343],[2.26489029283866,48.820203488657654],[2.265089109449302,48.82008058283464],[2.265125495600678,48.82005663566294],[2.2653122863267,48.81992576173453],[2.265368304020179,48.81988371113523],[2.265541951770004,48.819745162381906],[2.265584059563294,48.81970982545053],[2.26562571987993,48.81967425811125],[2.265788683106551,48.819530149338185],[2.265903329863185,48.81942523911058],[2.266016957689255,48.81931984651145],[2.266184367768476,48.8191642134988],[2.266578686011815,48.81879763266352],[2.266972998488433,48.818431050459736],[2.267367305198433,48.818064466887506],[2.267761606141922,48.817697881946906],[2.268147087648583,48.817339491010635],[2.268155901319004,48.81733129563792],[2.268313835258838,48.817184763561556],[2.268393172485671,48.817111671574544],[2.268553270338385,48.81696616740686],[2.268716167718997,48.816822027147964],[2.26878968809096,48.81675859821525],[2.268958475372686,48.81661744673228],[2.268968055334284,48.81660963569492],[2.269142249408152,48.81647138004442],[2.269231295314003,48.81640334147602],[2.269413214623506,48.81626949635212],[2.269600142309078,48.81613869467249],[2.269695447641646,48.816074461976584],[2.269889668421555,48.815948380059865],[2.270088599113811,48.815825543782175],[2.270146846621413,48.81579072138675],[2.270351663259822,48.8156721795276],[2.270395554534864,48.8156475408886],[2.270605457470554,48.81553294391369],[2.270711685890777,48.81547667863836],[2.27092612120139,48.8153657989507],[2.27114246429815,48.815256545287454],[2.271422665975324,48.81511703195395],[2.271468710590771,48.815094172870765],[2.271622241313898,48.81501794792402],[2.27179524521736,48.814932054080785],[2.272012934698755,48.81482397467594],[2.272230623228437,48.81471589575675],[2.272339467154477,48.81466185524275],[2.272557154289385,48.814553774803855],[2.272698997984055,48.81448335078757],[2.273535625123069,48.814067959639544],[2.274189777865856,48.813743159677124],[2.274368735320773,48.81365430208278],[2.27451629625649,48.813581033140544],[2.274733973993105,48.813472949464845],[2.274951650804105,48.813364864476284],[2.27506048886416,48.81331082137731],[2.275278164267477,48.81320273576837],[2.275822348663104,48.812932520386326],[2.276366527193037,48.812662302419426],[2.276701437668126,48.812495995660704],[2.276910846428681,48.81239221049667],[2.277129608298858,48.812285091452495],[2.27723964760698,48.81223212228816],[2.277461621730092,48.81212792949744],[2.277686853771823,48.812026835210375],[2.277925084620975,48.811926147710494],[2.278032502471242,48.811883101774576],[2.278268686610642,48.81179358045719],[2.278328428168041,48.8117720160775],[2.278388439987167,48.811750781624255],[2.278631101033737,48.8116691676916],[2.278864891067083,48.81159674914391],[2.278939997097015,48.8115747340442],[2.279002476319503,48.81155687200241],[2.279254578979311,48.811488878992975],[2.279509973540049,48.81142647390674],[2.279574302701737,48.811411752868736],[2.279638814630542,48.81139738728188],[2.279898610928189,48.8113434888365],[2.280160982135323,48.811295338350035],[2.280226943817366,48.81128420566152],[2.280293041882888,48.81127343532551],[2.280558728167804,48.81123400494388],[2.28082625661298,48.8112004438015],[2.280893390967634,48.811192975700145],[2.280960618046774,48.81118587687064],[2.281061012119854,48.811175979859364],[2.281230351326751,48.811161187118394],[2.281501179614278,48.811142449140185],[2.281569023082527,48.81113869666892],[2.281636910209597,48.81113531765815],[2.281908819011812,48.811125541137265],[2.281936781022779,48.81112487584284],[2.282209047088895,48.81112152305631],[2.282317226851675,48.81112161311565],[2.282589501253461,48.81112481119725],[2.282861638826401,48.811131389311214],[2.282997650824208,48.81113560409585],[2.283269584562887,48.811145208060864],[2.283433461200314,48.811151382179375],[2.283949276245289,48.81117094145581],[2.284628966699189,48.81119671039057],[2.285308656490099,48.81122247529751],[2.285988346979591,48.811248236185186],[2.286668038154561,48.81127399395278],[2.287347730040703,48.81129974680178],[2.288027423986484,48.811325495639935],[2.288707117268731,48.811351240450264],[2.289386811236276,48.81137698214056],[2.290066505914311,48.81140271891225],[2.29074620129007,48.81142845166455],[2.291425898725137,48.811454180405896],[2.292105595483329,48.811479906018775],[2.29278529295163,48.81150562671303],[2.293464991117328,48.81153134338787],[2.294144689980109,48.81155705604337],[2.294824390901562,48.81158276468779],[2.295149470401438,48.8115950597132],[2.295504118967747,48.81160813761778],[2.295776119179577,48.81161691915119],[2.295912168234958,48.81162059005292],[2.296184370791353,48.81162592737947],[2.296237648252991,48.811626599849944],[2.296509962093893,48.81162789184671],[2.29659283615124,48.81162757075454],[2.296865109597421,48.81162416979638],[2.297137223712741,48.81161717255004],[2.297273187967777,48.81161232635381],[2.297544862732128,48.81159994019867],[2.297597836645591,48.81159710454952],[2.297869006785469,48.8115805820703],[2.297910300644058,48.81157780623081],[2.298222246678022,48.81155512237686],[2.298451441956005,48.81153707776144],[2.298680537090267,48.81151848977589],[2.298898063545492,48.811500752594426],[2.2995737447469,48.81144565315104],[2.30024942446311,48.811390549735364],[2.300925104043268,48.81133544325494],[2.302360404641419,48.81121836952056],[2.303627803462502,48.81111497488816],[2.304303474253627,48.81105984853832],[2.304979143571328,48.811004717317005],[2.305654812764691,48.81094958213173],[2.305789809830635,48.81093856584418],[2.306059988794095,48.8109160536623],[2.306329742695384,48.810890783600414],[2.306597975765933,48.81086006721676],[2.306863763788224,48.810821213517244],[2.306929730520293,48.81080991538501],[2.306995425978552,48.810797947369274],[2.307254924145908,48.810743499846645],[2.307316116783933,48.810728943186824],[2.307376978522858,48.810713793633724],[2.307627918580573,48.81064400580808],[2.307633442780347,48.810642333035744],[2.307877581729311,48.8105627008857],[2.307937658560388,48.81054154950719],[2.307997396579951,48.81051998236095],[2.308233485950933,48.81043035788564],[2.30840578688519,48.8103617399402],[2.308577211347964,48.810292167661764],[2.308814200610553,48.81019568364953],[2.309209826572032,48.810034611452764],[2.309393640632026,48.80995963364781],[2.309624442950125,48.80986418102023],[2.309739133685464,48.809815712808394],[2.309966318824852,48.8097165522794],[2.310157042550125,48.809628881883846],[2.310343929430812,48.80953768162351],[2.310429239549931,48.80949391805118],[2.310513488766306,48.80944926669819],[2.310721020262375,48.809332834566625],[2.310771788952902,48.80930287621301],[2.310822100567532,48.80927258503846],[2.311018687075288,48.80914814197165],[2.311103836184441,48.8090910316248],[2.311289472515463,48.80895945364986],[2.311478223308132,48.80881656594332],[2.311652197406052,48.8086782030493],[2.311737851503077,48.80860829674827],[2.311907528726675,48.80846762161803],[2.311982798743454,48.808404747865104],[2.312329657392792,48.80811485104371],[2.31275175578534,48.80776206616836],[2.313173846877241,48.80740927972038],[2.313595933391163,48.80705649171603],[2.314018013966017,48.806703702147274],[2.314440088601803,48.806350911014135],[2.314862155937175,48.80599811830854],[2.315284218707408,48.80564532314751],[2.315453041873024,48.80550420518303],[2.315706275526583,48.805292527321456],[2.316068205945342,48.80498998524252],[2.316128320998319,48.804939727201045],[2.316321093480973,48.804778046773535],[2.316434741670563,48.804681974461666],[2.316547894578465,48.804585648177536],[2.316700834970658,48.80445437076128],[2.31685285779767,48.80432262902636],[2.316960943863021,48.804228239079244],[2.317098890528019,48.80410728099096],[2.317344838640867,48.803891892362465],[2.317370828465275,48.80386924126916],[2.317535797281465,48.80372615121967],[2.317784872016097,48.80351233608875],[2.317900357514843,48.803414092353854],[2.318151934464237,48.803201560259126],[2.318680666291108,48.80275714838636],[2.319253286587053,48.80227302831953],[2.319463193229441,48.802096054677996],[2.319600711403206,48.8019801103089],[2.319883000720585,48.80174210532668],[2.320302803647033,48.80138815443564],[2.320645666159738,48.80109907078947],[2.320722620908736,48.801034213808016],[2.320891187496834,48.80089296953262],[2.32097609630617,48.80082267611112],[2.321147959600618,48.80068317857689],[2.321323578701594,48.80054574087581],[2.321413168540015,48.80047803070663],[2.321596611231517,48.80034513279658],[2.321604420660474,48.800339656050966],[2.32179451240965,48.800210902570115],[2.321883752977141,48.800153325542674],[2.322083088220027,48.80003082528934],[2.322288492496139,48.79991278074476],[2.322340764621495,48.799883981864944],[2.322393399000361,48.79985547108795],[2.322607475377705,48.799744356169704],[2.322697441158069,48.79969988168372],[2.32278832412477,48.79965622913421],[2.322975356558505,48.79957014197951],[2.32316541980135,48.79948700062666],[2.323395526151644,48.79939087174521],[2.323511559475064,48.79934384399695],[2.323745010016385,48.799251298194434],[2.324056015180271,48.79913039149042],[2.32433190526603,48.7990235688976],[2.324919119724175,48.79879620093821],[2.325154004293681,48.79870525255449],[2.325506328857959,48.798568829972275],[2.325741211297717,48.79847788038602],[2.326093534028623,48.79834145600791],[2.326680732513687,48.7981140790291],[2.327267925674398,48.797886699043936],[2.327449222892354,48.79781649391117],[2.328342281414505,48.79745776000383],[2.329264344232914,48.797113584257126],[2.32938177806354,48.79706810567205],[2.329616646434948,48.796977149048374],[2.329851513966482,48.79688619104445],[2.329968946732239,48.796840711858145],[2.330203812973917,48.796749754032014],[2.33033746554845,48.79669799269884],[2.330563902416056,48.79660981703768],[2.330788395849868,48.79651950627439],[2.33102442609604,48.796418006108055],[2.331252928793424,48.79630926873213],[2.331299271323075,48.79628550987851],[2.331345133222269,48.79626134710404],[2.331551453914281,48.79614404514949],[2.33160129616382,48.79611342658604],[2.331650419508563,48.796082304686145],[2.331839493102295,48.79595293708472],[2.332016165750702,48.79581613239204],[2.33205831610186,48.79578082832344],[2.332099640302895,48.795745101244506],[2.332206374138741,48.79564719175164],[2.332256473437871,48.795598119051924],[2.332383439353332,48.795463150067405],[2.332499113964306,48.79532382100376],[2.332543711154231,48.79526488193768],[2.33258647162648,48.79520535211183],[2.332695224103055,48.79504048096953],[2.332746077350176,48.79495706305785],[2.332843103218703,48.79478901645932],[2.332915302952167,48.79465952063824],[2.332996493410241,48.79451321884114],[2.33307768202168,48.79436691787562],[2.333171393849949,48.794198049554865],[2.333218250207962,48.79411361536857],[2.333311961089804,48.79394474692844],[2.333330574912026,48.793911202537636],[2.333424705648951,48.79374243626888],[2.333453452244785,48.793691669829116],[2.333551348327337,48.793523843526586],[2.333654989589571,48.793357533471585],[2.33367647180312,48.7933247467162],[2.333790156022839,48.79316133309821],[2.33382643739263,48.79311271920628],[2.333899017848214,48.79302008621805],[2.333953829439331,48.79295378447549],[2.333987337185153,48.79291464698618],[2.334021501736443,48.7928757588141],[2.334164634302846,48.79272278328066],[2.334317911492114,48.79257416159414],[2.334357780382981,48.79253772020085],[2.334398260535368,48.7925015746204],[2.334566181102943,48.7923600280045],[2.334677753757137,48.79227270971688],[2.334743452666404,48.792223550907984],[2.33478919072588,48.79219025596485],[2.334835486413037,48.79215729788707],[2.335026123073414,48.79202892613978],[2.335225203679492,48.791906276871],[2.335276247395429,48.791876536946944],[2.335327786955941,48.79184717399426],[2.33553878977892,48.791733559575505],[2.335757222976894,48.791626250732925],[2.335812941361624,48.791600434437754],[2.335869091186544,48.79157502801059],[2.336097856970262,48.79147757116252],[2.336332949462654,48.79138692603374],[2.336392656456351,48.79136535040266],[2.336452723720993,48.79134421479995],[2.336696431583443,48.79126411758086],[2.336945284730503,48.79119125415227],[2.337008244628291,48.79117418558047],[2.337071486922618,48.791157579964995],[2.337327132509259,48.791095831173266],[2.337586676531954,48.79104164705345],[2.337652112215638,48.791029295950956],[2.337717751135062,48.7910174253309],[2.33798218081678,48.79097478542678],[2.338249217074179,48.79093994910933],[2.338316322275657,48.79093246817619],[2.338383547543228,48.7909254798341],[2.338653503386637,48.79090247401535],[2.338924737130487,48.79088741518461],[2.338992683274274,48.7908848958551],[2.339060667748095,48.79088287583935],[2.339332818858221,48.790879787934145],[2.3396049082545,48.79088469235822],[2.339672858043876,48.79088716577991],[2.339740761788964,48.79089013892941],[2.340011753316691,48.790907007186306],[2.340281342096393,48.79093181420979],[2.340348457667427,48.790939251290844],[2.340415444298521,48.79094717953094],[2.340681934138681,48.790983796830695],[2.340945699171888,48.791028200547],[2.341011153028302,48.79104050752218],[2.341076396432049,48.791053295298745],[2.341335098726401,48.79110920940161],[2.341589786686335,48.79117266155733],[2.341652772469308,48.7911896881424],[2.341715467763175,48.791207176187996],[2.341963194940493,48.79128169806276],[2.342091916367166,48.79132396310815],[2.342219101148539,48.791368211246485],[2.342390461533955,48.791431778983366],[2.342559169310308,48.79149837284772],[2.342789261918869,48.79159447507759],[2.342903098509343,48.79164377232779],[2.343129223600898,48.791743908994164],[2.34325451381432,48.79180004339533],[2.343692333422203,48.79199641475058],[2.344255404806864,48.79224895975734],[2.344327540861874,48.79228131415183],[2.344553162860924,48.792381948734814],[2.344593891501739,48.79239985757511],[2.344822475772338,48.79249752181578],[2.345034660683481,48.79258202112432],[2.345252168388058,48.79266037371094],[2.34533495072421,48.79268766549994],[2.345418579841763,48.79271380640281],[2.345669202774521,48.792783948825345],[2.345732841871551,48.79279988147749],[2.34579684472793,48.792815165943516],[2.34593721139461,48.792846147782576],[2.346056187074676,48.79286974554424],[2.346295274214175,48.79291003034548],[2.346537388847176,48.79294144460262],[2.34662976515731,48.79295102808072],[2.346722403258971,48.792959430342776],[2.34699312360984,48.79297818081284],[2.347128843210344,48.79298499383673],[2.347400623616045,48.792995210150515],[2.347621721231812,48.7930017331639],[2.347851131749183,48.79300824357888],[2.348080540965009,48.79301475352813],[2.348352514789325,48.793022470323976],[2.348420508941999,48.793024399201414],[2.349365934059007,48.79304421814673],[2.350800285672688,48.79309189433057],[2.351480222475954,48.79311116946826],[2.352160159801751,48.79313044058225],[2.352840099011071,48.79314970768025],[2.353520037381605,48.793168970746926],[2.354199976274345,48.79318822978991],[2.354245084210464,48.7931895076625],[2.354517075258095,48.79319697072875],[2.354607975765727,48.79319921438518],[2.354880084190851,48.79320443790022],[2.355152288949165,48.79320630138603],[2.355288396279151,48.79320552462311],[2.355560462214021,48.79319965385873],[2.355605545998708,48.79319804688606],[2.355741364235914,48.79319200953896],[2.355876972723998,48.79318417757669],[2.356057451366948,48.793171015648866],[2.356237423513603,48.79315509952693],[2.356506302976674,48.79312701931876],[2.356640365831409,48.793111471378175],[2.356907904622801,48.79307825200578],[2.357219318599716,48.79303753058308],[2.357397313009531,48.79301389336405],[2.357575057560648,48.79298945226424],[2.357840487765479,48.79294955035096],[2.357906531841999,48.792938697520476],[2.357972409920171,48.79292741204267],[2.358233749910284,48.7928771322984],[2.358276749343153,48.79286786647165],[2.358530168455519,48.792806595082986],[2.358616312515187,48.792783076278845],[2.358863355698496,48.79270759411278],[2.359102904791664,48.79262221647826],[2.359161514371936,48.79259936297267],[2.359219584287985,48.79257591646245],[2.35938762212517,48.79250334616388],[2.359446201792126,48.792476312228096],[2.359663116910553,48.79236768708598],[2.359715732943423,48.79233916914655],[2.359767679209736,48.79231011954015],[2.359968515691699,48.79218874695969],[2.36015767303529,48.79205944159065],[2.360203053658288,48.792025933184895],[2.360247647872024,48.79199196711666],[2.360417959797422,48.79185169239552],[2.360574891248603,48.79170476250895],[2.360608770268454,48.79167035355061],[2.360641914118753,48.791635632918045],[2.360778309377095,48.79148001149787],[2.360783916680817,48.79147311240208],[2.360905631334318,48.79131225505423],[2.36093417154028,48.791271435506594],[2.360962067640911,48.79123042170994],[2.361068357149232,48.79106484590983],[2.361141992242022,48.79094323780514],[2.361214122512974,48.790821236370675],[2.361312827758988,48.7906536162539],[2.361317125152768,48.79064631773957],[2.361416567716565,48.79047888869515],[2.361467567986471,48.79039551040654],[2.361574524033024,48.790230123109936],[2.361658312850635,48.790111425594944],[2.361748626695043,48.789994839039174],[2.361817981691448,48.78991294664114],[2.361891280682045,48.789832568107556],[2.362042501525509,48.78968304950831],[2.362082460261241,48.78964665217],[2.362123260301372,48.7896106659894],[2.362294694516247,48.78947099281384],[2.362478802712943,48.78933855113685],[2.362526730204939,48.7893066297983],[2.362575394545395,48.789275199069586],[2.362777192528737,48.789154533857825],[2.36298984042477,48.78904229678707],[2.363044602847862,48.7890156050053],[2.36309998146732,48.788989473303324],[2.363327378784101,48.788890664441716],[2.363563541913913,48.78880128378037],[2.363623847861666,48.78878045193741],[2.363684631842042,48.78876023605863],[2.363932255760898,48.78868561868609],[2.364186356150834,48.78862120453135],[2.364250781317516,48.78860672469288],[2.364315535667498,48.78859290135727],[2.36436859685323,48.78858211240742],[2.364577539260335,48.788544236993516],[2.364843575247043,48.78850631172795],[2.364902924412883,48.78849938127667],[2.365160559930601,48.788475619265974],[2.365247982314207,48.78846984562106],[2.365519589879985,48.78845825338662],[2.365587594861097,48.788456618915895],[2.365655619023964,48.78845540450117],[2.365927801478615,48.78845387715822],[2.366088016542523,48.78845467765039],[2.366248224476522,48.78845604266331],[2.367220693260608,48.78846774690445],[2.368427164765934,48.788475866828115],[2.368464170013362,48.78847621234767],[2.368490334339071,48.78847646409076],[2.368512826904107,48.78847668845114],[2.368533150132691,48.78847689908487],[2.368551973591055,48.78847710147189],[2.368569667458508,48.78847729764749],[2.368586468495552,48.78847749251075],[2.368602531850824,48.78847768691474],[2.368617977310831,48.788477879719444],[2.368632889209496,48.788478074985846],[2.368647335639581,48.788478269491065],[2.368661370993944,48.788478467131476],[2.368675038845848,48.788478666348055],[2.368688371858114,48.78847886732036],[2.368701405392877,48.78847907204156],[2.368714161247985,48.78847927883281],[2.36872666389807,48.78847948962737],[2.368738929674442,48.788479704515034],[2.368750980397685,48.788479920018474],[2.368762826887504,48.78848014159321],[2.368774482798725,48.78848036571696],[2.368785958996223,48.788480594248135],[2.36879726908976,48.78848082726163],[2.368808421267524,48.78848106300376],[2.368819420950685,48.788481303303016],[2.368830281748907,48.78848154823421],[2.368841003684619,48.788481795998905],[2.368851600344953,48.78848204847038],[2.368862071729709,48.78848230564867],[2.368872426004745,48.78848256757869],[2.368882668613865,48.78848283429039],[2.368892802301552,48.788483104000186],[2.368902835210834,48.78848337855149],[2.368912767341913,48.78848365794436],[2.368922604138392,48.788483942208735],[2.36893235104428,48.78848423137451],[2.36894200536005,48.78848452362821],[2.368951577928361,48.78848482262681],[2.368961066072313,48.78848512475819],[2.368970475213287,48.788485431850894],[2.368979808073034,48.78848574391991],[2.368989064674384,48.78848605916661],[2.368998250415588,48.7884863812181],[2.369007365319577,48.78848670827582],[2.369016409408876,48.7884870385412],[2.369025390826515,48.78848737385773],[2.369034306850648,48.78848771421038],[2.369043157481272,48.78848805959924],[2.369051950884048,48.788488410069185],[2.369060684337124,48.7884887656052],[2.369069357863226,48.78848912440881],[2.369071460924565,48.788489213301226],[2.369313097595561,48.78850224010083],[2.369553882343812,48.78852092581057],[2.36979351175939,48.788545246884816],[2.370031683887004,48.78857517267694],[2.37026809860621,48.78861066547775],[2.370502458009304,48.78865168056312],[2.370504486631252,48.788652062205045],[2.37051284552735,48.788653635078504],[2.370521255914749,48.78865522622016],[2.370529720515324,48.788656835644964],[2.370538239328986,48.78865846335294],[2.370546817822349,48.788660107575296],[2.37055545050626,48.7886617718793],[2.370564145546624,48.78866345630969],[2.370572902966027,48.78866515906789],[2.370581722741816,48.78866688195244],[2.37059060759597,48.788668624978264],[2.370599562972434,48.788670388175134],[2.370608586104027,48.78867217512525],[2.370617685201692,48.78867398227622],[2.370626857498453,48.78867581321021],[2.370636108460724,48.78867766615846],[2.370645440787822,48.788679542934446],[2.370654857179168,48.788681445351585],[2.370664360356751,48.78868337342477],[2.370673955764321,48.788685327183785],[2.370683646123867,48.788687306643546],[2.370693436834217,48.78868931543092],[2.370703330639725,48.78869135176226],[2.370713330217259,48.788693419249526],[2.370723446454607,48.788695517952384],[2.370733679329141,48.78869764966925],[2.370744039751215,48.78869981266128],[2.370754530375145,48.78870201233896],[2.370765162065866,48.78870425056037],[2.370775940290014,48.78870652555685],[2.370786875890171,48.788708840984995],[2.37079797698696,48.788711200486624],[2.370809254445533,48.788713605919845],[2.370820721853114,48.788716059157736],[2.370832395518599,48.78871856208813],[2.370844286239581,48.788721121964905],[2.3708564157688,48.78872374070568],[2.370868803114884,48.78872642201192],[2.370881475406751,48.7887291732267],[2.370894459818549,48.78873199809609],[2.370907788855692,48.78873490938874],[2.37092150602386,48.78873791094005],[2.370935660137356,48.78874101740651],[2.370950316387126,48.788744239937],[2.370965558859642,48.78874760237448],[2.370981493484738,48.788751123285344],[2.370998272239126,48.78875483947487],[2.371016120433994,48.78875880074035],[2.371035382784057,48.788763086311405],[2.371056697250755,48.788767834580284],[2.371081488898548,48.78877336811467],[2.371116546702573,48.78878120438236],[2.371151598983421,48.78878904780373],[2.381278215994531,48.791054808840144],[2.381312837100592,48.791062551490754],[2.381347463727983,48.791070288764594],[2.381371950877733,48.79107575187433],[2.381393003976262,48.79108043924904],[2.381412031951366,48.791084667847656],[2.381429659165794,48.79108857953025],[2.381446233154572,48.7910922481154],[2.3814619738045,48.79109572335133],[2.381477027684814,48.79109904020233],[2.381491506110837,48.791102222650494],[2.381505487800315,48.79110528910659],[2.381519035204984,48.79110825249758],[2.381532199910493,48.79111112389342],[2.381545025358903,48.79111391252141],[2.381557541381602,48.79111662753557],[2.381569777854647,48.791119274492836],[2.381581759232087,48.79112185712228],[2.381593507201533,48.79112438273538],[2.38160503535093,48.791126853204005],[2.381616362668287,48.791129274026424],[2.381627502741363,48.79113164707454],[2.381638469158428,48.79113397422019],[2.381649270041081,48.79113625910447],[2.381659918977502,48.79113850359921],[2.3816704186453,48.791140711316224],[2.381680782676805,48.79114288053025],[2.381691016471937,48.7911450148677],[2.381701125430214,48.791147117955056],[2.381711117762246,48.79114918623915],[2.381720996123488,48.79115122513035],[2.381730768680011,48.791153234672585],[2.381740438153988,48.79115521488058],[2.381750009967323,48.791157167582156],[2.38175948954172,48.79115909460523],[2.381768876899524,48.79116099415125],[2.381778180162578,48.791162869861296],[2.381787399330658,48.79116472173535],[2.381796537148111,48.79116654798956],[2.381805599014582,48.791168352250345],[2.381814584930256,48.79117013451771],[2.381823500339011,48.791171894820984],[2.38183234524093,48.791173633160156],[2.381841125057935,48.79117535136305],[2.381849837067902,48.79117704941513],[2.381858486715023,48.79117872734567],[2.381867076699116,48.79118038696783],[2.381875607042331,48.791182026483085],[2.381884077722386,48.79118364769005],[2.381892494183574,48.79118525061799],[2.381900856425779,48.79118683526691],[2.381909167148927,48.79118840345007],[2.381917423652964,48.79118995335421],[2.381925634082023,48.79119148682187],[2.381933792991987,48.79119300382374],[2.381941903104945,48.79119450437452],[2.38194996986479,48.791195988503475],[2.381957990549608,48.79119745619597],[2.381965965137228,48.7911989092506],[2.381973899071743,48.791200347696616],[2.381981792375203,48.7912017697355],[2.381989642281375,48.79120317894969],[2.381997451556572,48.791204571756765],[2.382005222900626,48.791205949969935],[2.382012956291369,48.79120731538773],[2.382020651773209,48.791208664413105],[2.382028312001564,48.79121000245625],[2.382035934320998,48.79121132410701],[2.382043521409186,48.791212632977086],[2.382051075988127,48.79121392908108],[2.382058595335906,48.79121521240442],[2.382066082196475,48.79121648116319],[2.382073536525715,48.791217738954444],[2.38208095836793,48.79121898218114],[2.382088347700854,48.791220212641875],[2.382095709946533,48.79122143216436],[2.38210303970506,48.79122263712236],[2.382110339654224,48.79122383112751],[2.382117612538175,48.79122501239598],[2.382124855612848,48.79122618271161],[2.382132071622294,48.7912273402906],[2.382139260544453,48.7912284869314],[2.382146419679263,48.79122962082091],[2.382153554448879,48.7912307437869],[2.38216066215324,48.79123185401622],[2.382167745492391,48.79123295332205],[2.38217480174412,48.791234041689755],[2.382181836352531,48.79123511914864],[2.382188843895762,48.79123618387085],[2.382195827051504,48.79123723946815],[2.382202785842006,48.79123828414199],[2.382209723011318,48.791239316108445],[2.382216638515129,48.79124033896463],[2.382223529675834,48.79124134909886],[2.382230396449022,48.79124235010812],[2.382237244300849,48.79124334022327],[2.382244070509508,48.7912443194296],[2.382250872330633,48.791245289511046],[2.382257655230381,48.791246248698336],[2.382264416486944,48.79124719697682],[2.382271158822219,48.791248134361176],[2.382277879491945,48.79124906263528],[2.382284581240374,48.791249980015216],[2.382291264045452,48.791250888299636],[2.382297925207115,48.791251785675215],[2.382304567425417,48.79125267395527],[2.382311193422259,48.791253553154306],[2.38231779777577,48.79125442144465],[2.382324383207955,48.79125527884083],[2.382326247684726,48.79125552089282],[2.382527263017533,48.79127813491232],[2.382729729474447,48.791294128582365],[2.382933147904121,48.791303462472854],[2.383137016807123,48.79130611357241],[2.383340833572895,48.79130207534511],[2.383544095719488,48.791291357746644],[2.383746302132945,48.79127398719971],[2.383946954303335,48.791250006528955],[2.384145557554322,48.79121947485511],[2.384341622263302,48.79118246744949],[2.384534665068989,48.79113907554807],[2.384724210063597,48.79108940612654],[2.384909789966553,48.79103358163653],[2.385090947276915,48.79097173970349],[2.385267235401617,48.79090403278725],[2.385268852284713,48.7909033759306],[2.385274567551639,48.79090104665523],[2.38528029386048,48.79089870484799],[2.385286031233273,48.79089634871029],[2.385291782370056,48.790893980055245],[2.385297547292765,48.79089159708433],[2.385303323279508,48.79088919978297],[2.385309113030121,48.790886789964254],[2.385314916588882,48.79088436403111],[2.385320733911399,48.79088192558063],[2.385326565042051,48.7908794710157],[2.385332409936648,48.7908770039334],[2.385338268639162,48.79087452073668],[2.385344141105607,48.7908720250226],[2.385350030124081,48.79086951141009],[2.385355932906472,48.79086698528019],[2.385361849496751,48.790864443035844],[2.385367785339183,48.790861884706175],[2.385373734967448,48.79085931206059],[2.385379698403678,48.79085672330052],[2.385385681091834,48.79085411845511],[2.385391680287987,48.79085149930837],[2.385397696036103,48.79084886226316],[2.385403728314237,48.79084620911799],[2.385409779844264,48.79084353988749],[2.38541584790429,48.790840854557096],[2.38542193523823,48.79083815134276],[2.385428041824136,48.79083543204304],[2.385434167684137,48.79083269485942],[2.385440312795885,48.79082994159044],[2.385446474481761,48.79082716862438],[2.385452660863534,48.79082437960209],[2.385458866541196,48.790821570897315],[2.385465091492905,48.7908187443086],[2.385471341162616,48.790815899865066],[2.385477610128185,48.790813035739035],[2.385483903811835,48.790810153758194],[2.38549021953534,48.79080725031085],[2.38549655725482,48.790804328994085],[2.385502919714281,48.79080138802393],[2.385509306935746,48.79079842560184],[2.385515721619149,48.7907954435409],[2.385522158342548,48.790792440013455],[2.385528625271978,48.790789415063166],[2.385535116963359,48.79078636866092],[2.385541636138662,48.79078330082122],[2.385548182797871,48.79078021154414],[2.385554759685189,48.79077709904562],[2.385561366800399,48.790773963325734],[2.385568004143689,48.790770804384366],[2.385574671736872,48.79076762042301],[2.385581372280084,48.79076441325481],[2.385588108517422,48.79076118109571],[2.385594875004606,48.79075792391661],[2.385601677185781,48.79075464174661],[2.385608515082959,48.790751332787174],[2.385615388718256,48.79074799523973],[2.385622303491448,48.79074463273049],[2.38562925400272,48.790741241633214],[2.385636245718039,48.79073782017847],[2.385643278593326,48.79073437196335],[2.385650355416728,48.79073089160676],[2.385657476144164,48.790727382705775],[2.385664640819568,48.790723841663265],[2.385671852187024,48.790720266695274],[2.38567911294666,48.79071665961489],[2.385686425842355,48.790713018638094],[2.385693788152004,48.79070934375029],[2.385701205363894,48.790705631383524],[2.385708677477791,48.79070188153777],[2.385716209937823,48.7906980942421],[2.38572380004401,48.79069426768345],[2.3857314532624,48.79069040009227],[2.385739169592857,48.79068649146865],[2.385746957245529,48.79068253825909],[2.385754813498402,48.79067854044902],[2.385762743817414,48.79067449626898],[2.385770750968752,48.790670402136364],[2.385778840396322,48.79066625808034],[2.385787012122205,48.790662062302296],[2.385795271634351,48.790657811234205],[2.385803627120858,48.790653503121156],[2.385812081347693,48.79064913438058],[2.385820637058998,48.79064470322847],[2.38582930246478,48.790640206111355],[2.385838083053068,48.79063563946116],[2.38584698975583,48.79063099973899],[2.38585602536133,48.79062628156374],[2.38586520354552,48.79062147961241],[2.385874529774375,48.79061659211554],[2.385884017790092,48.79061160835455],[2.385893681246768,48.79060652480505],[2.385903533886572,48.79060133074839],[2.385913592107566,48.79059602087618],[2.385923875139968,48.790590580901764],[2.385934410335945,48.7905850001793],[2.385945219669654,48.790579262638126],[2.385956338725478,48.79057335228031],[2.385967808641786,48.79056724414425],[2.385979681444976,48.7905609133265],[2.385992022925752,48.79055432240648],[2.386004920782779,48.79054742328868],[2.386018501043324,48.79054015009553],[2.38603293908305,48.79053240843459],[2.386048517206612,48.79052404153109],[2.386065750499316,48.79051477873927],[2.386085789934559,48.79050399487543],[2.386114121534341,48.79048873345941],[2.386142442294855,48.7904734665826],[2.386446639259863,48.79030948797318],[2.387630415466882,48.78967134392753],[2.388283444238761,48.78931929955723],[2.388314418888829,48.78930260015018],[2.388345385418161,48.789285895295684],[2.388367273934026,48.789274075855],[2.388386079845685,48.7892639127625],[2.388403066420659,48.789254720256764],[2.388418795301659,48.78924620274926],[2.388433570731844,48.78923818918773],[2.388447592708437,48.789230574515685],[2.388460995484808,48.78922328750114],[2.388473874965886,48.789216276493455],[2.38848630240501,48.78920950230135],[2.388498332636346,48.78920293284067],[2.388510014940366,48.789196544991235],[2.388521384943857,48.789190319157385],[2.388532470063827,48.78918423929704],[2.388543297695326,48.78917829116682],[2.388553889767762,48.78917246229273],[2.388564262722479,48.78916674376911],[2.388574435701078,48.78916112850307],[2.388584419722799,48.789155605761366],[2.388594231163472,48.789150172033864],[2.388603875576703,48.789144818356796],[2.388613366594283,48.78913954300406],[2.388622712491588,48.78913433702645],[2.388631918734711,48.789129198654315],[2.388640996255245,48.78912412434857],[2.388649947819095,48.78911911052663],[2.38865878165787,48.78911415183632],[2.388667503215616,48.789109248306666],[2.38867611798012,48.7891043963695],[2.388684628717166,48.789099592442234],[2.388693038170719,48.78909483474087],[2.388701354528625,48.78909012151027],[2.388709580556557,48.7890854491678],[2.388717716232741,48.78908081951212],[2.388725769788849,48.789076227191],[2.388733738502931,48.78907167218998],[2.388741630562814,48.78906715275397],[2.388749443246545,48.78906266886852],[2.388757184763863,48.789058216979925],[2.388764852392814,48.78905379707378],[2.388772451599223,48.78904940738047],[2.388779982405141,48.789045046101485],[2.388787447510569,48.78904071504985],[2.388794846959267,48.78903641062849],[2.388802186195342,48.78903213286637],[2.388809465218618,48.789027881763516],[2.388816686795143,48.78902365373726],[2.388823848180834,48.78901945057178],[2.388830954841608,48.789015270497416],[2.388838006777487,48.789011113514235],[2.388845004010409,48.78900697782361],[2.388851949262383,48.78900286344014],[2.388858845277329,48.78899876857964],[2.388865689311268,48.788994695026304],[2.388872486851916,48.78899063921191],[2.388879235133685,48.78898660471917],[2.388885936944114,48.78898258616683],[2.388892592239498,48.788978587152094],[2.388899203785665,48.78897460409227],[2.388905771560618,48.78897063878595],[2.388912292886212,48.78896668762153],[2.388918775884596,48.78896275423959],[2.388925215133729,48.788958836812604],[2.388931613377518,48.78895493355655],[2.38893797059397,48.788951046269936],[2.388944289549004,48.78894717137016],[2.388950570198816,48.78894331245431],[2.388956809865152,48.78893946591087],[2.388963013991995,48.788935631768744],[2.388969182557448,48.78893181182649],[2.388975312839642,48.788928006069696],[2.388981407604188,48.788924210915674],[2.388987466829293,48.788920428163],[2.388993490536875,48.788916656013136],[2.388999481427021,48.788912896279136],[2.389005436777762,48.78890914894648],[2.389011359332795,48.78890541223113],[2.389017251836223,48.78890168434904],[2.389023108800279,48.788897968868326],[2.389028935690745,48.78889426401937],[2.389034729807553,48.7888905679892],[2.389040491150818,48.78888688077781],[2.389046225120597,48.788883206011256],[2.389051926338555,48.78887953826493],[2.389057600205053,48.788875881164884],[2.389063241297845,48.78887223288361],[2.389068855061103,48.7888685934501],[2.389074438794558,48.788864961051296],[2.389079995176489,48.78886133929882],[2.389085524250615,48.78885772459552],[2.389091023273263,48.788854118725546],[2.389096494988021,48.78885051990476],[2.389101939373297,48.78884692993176],[2.389107359172679,48.788843347022436],[2.389112748942521,48.788839771147856],[2.389118114126587,48.78883620233696],[2.389123451981,48.78883264237386],[2.389128765271555,48.78882908767595],[2.389134051232577,48.78882554182582],[2.38913931535163,48.7888220012553],[2.389144549441193,48.788818467719544],[2.389149761688802,48.788814939463464],[2.389152775446717,48.78881289601089],[2.389282049834802,48.78872178327126],[2.38940608322932,48.78862754345674],[2.38952470253898,48.78853030810379],[2.38963774223217,48.78843021292908],[2.389640255720234,48.78842789340836],[2.389644597236954,48.78842388385675],[2.389648941693677,48.788419856333924],[2.389653291790469,48.788415812652865],[2.389657647549207,48.788411751015026],[2.38966200899177,48.78840766962184],[2.389666376074385,48.788403572070436],[2.389670748819029,48.7883994565623],[2.389675129969333,48.788395321313246],[2.389679516781551,48.7883911681074],[2.389683909277563,48.788386995146254],[2.389688310179315,48.78838280244421],[2.389692716742962,48.78837859178542],[2.389697128990382,48.78837436137126],[2.389701552365373,48.788370111230684],[2.389705981424223,48.78836584133479],[2.389710416188606,48.78836154988498],[2.389714862080638,48.78835723870874],[2.389719313678187,48.788352905978634],[2.38972377640337,48.78834855352207],[2.389728247577989,48.78834417772755],[2.389732724436222,48.78833978217769],[2.389737212465825,48.78833536330426],[2.389741711644809,48.78833092290591],[2.389746219273197,48.7883264591695],[2.389750735328996,48.78832197389367],[2.389755262577912,48.788317463495744],[2.389759800976273,48.78831293157283],[2.38976435056773,48.78830837452786],[2.389768911352274,48.78830379236077],[2.389773483308015,48.78829918687013],[2.389778066456822,48.788294556257405],[2.389782660820667,48.78828989872398],[2.389787269099406,48.788285216082976],[2.389791891293128,48.78828050833429],[2.389796524723633,48.78827577186638],[2.3898011720691,48.788271010290856],[2.389805833395155,48.788266218211994],[2.38981051137977,48.788261399241414],[2.389815200601224,48.7882565515516],[2.389819906503296,48.78825167517146],[2.389824629107649,48.788246768302486],[2.389829368414472,48.78824183094465],[2.38983412442365,48.78823686309792],[2.389838897157147,48.788231862963826],[2.389843686592972,48.7882268323408],[2.389848495518584,48.78822176584773],[2.389853321168473,48.788216667067225],[2.389858169008186,48.78821153422967],[2.38986303633774,48.78820636552199],[2.389867925857085,48.78820116275727],[2.389872834910093,48.78819592052534],[2.389877768896574,48.78819064245222],[2.38988272241658,48.78818532491192],[2.389887703635718,48.78817996794776],[2.389892707110284,48.78817457153086],[2.389897738327692,48.788169132093024],[2.389902794544204,48.78816365141833],[2.38990787852539,48.78815812592408],[2.389912990293203,48.7881525538118],[2.38991813252571,48.788146938693],[2.389923305310382,48.78814127337348],[2.389928511347264,48.78813555966624],[2.38993374793626,48.788129795758245],[2.389939023286708,48.78812397809572],[2.389944331954801,48.788118106649854],[2.389949679384489,48.78811218144947],[2.389955065641157,48.788106197098955],[2.389960490746747,48.7881001517997],[2.389965960144899,48.78809404558061],[2.38997147660136,48.78808787485901],[2.389977037415925,48.78808163782195],[2.389982648076174,48.78807533090119],[2.389988311325873,48.788068952312614],[2.389994027230492,48.78806249666055],[2.38999980397756,48.788055962189816],[2.390005636188771,48.78804934347582],[2.390011534751814,48.78804264057639],[2.390017502497819,48.78803584451316],[2.390023539448495,48.78802895348759],[2.390029653857064,48.788021960348765],[2.390035848510794,48.788014859715545],[2.390042128940962,48.78800764442255],[2.390048500656961,48.78800030910301],[2.390054974655375,48.787992844821964],[2.390061556511292,48.78798524081701],[2.390068251777613,48.787977488124184],[2.390075074216759,48.7879695742259],[2.390082034869206,48.787961486590056],[2.390089147563046,48.78795320730331],[2.390096426126047,48.78794471845241],[2.390103889895615,48.78793599675724],[2.390111563674549,48.78792701716804],[2.390119475118838,48.78791774385825],[2.390127657393776,48.78790813563446],[2.390136160170689,48.78789813700151],[2.390145041461414,48.787887678119255],[2.390154384146531,48.78787665870196],[2.390164315224737,48.78786493193287],[2.390175025325478,48.7878522667953],[2.390186865198656,48.78783824785956],[2.390200627499868,48.78782193503119],[2.390220076735622,48.78779885701314],[2.390239515087863,48.78777577713537],[2.390648929443687,48.787289607072125],[2.390675689106713,48.787257831615186],[2.390702435192226,48.78722605068405],[2.390721337679183,48.78720357583393],[2.390737575124488,48.78718425250544],[2.390752238433424,48.78716678784559],[2.390765810943085,48.787150607045334],[2.390778557796681,48.787135394945224],[2.390790652961608,48.78712094741979],[2.390802206972563,48.7871071283564],[2.390813305430655,48.787093837483745],[2.390824011812253,48.78708100319171],[2.390834375853828,48.7870685645894],[2.390844433463914,48.78705647869919],[2.390854217807139,48.7870447043277],[2.390863756429983,48.7870332146409],[2.390873068756906,48.787021979164564],[2.390882174081086,48.78701097821563],[2.390891088952349,48.78700019389522],[2.39089982447653,48.786989608275526],[2.390908397181456,48.78697920525621],[2.390916818063818,48.78696897590229],[2.390925092742151,48.78695890585418],[2.390933229491337,48.7869489861625],[2.390941239307915,48.78693920789217],[2.390949127723226,48.7869295638779],[2.390956900290133,48.7869200451558],[2.390964562517917,48.78691064635909],[2.390972119937684,48.786901360322425],[2.390979578036961,48.78689218347754],[2.3909869396467,48.786883106846204],[2.39099421021074,48.78687413045726],[2.391001389838452,48.78686524531792],[2.391008489417102,48.78685645148594],[2.391009100198321,48.786855692087826],[2.391157950314002,48.786667496431534],[2.391302303003443,48.78647777736858],[2.391442122617528,48.78628658181891],[2.391442681889385,48.78628580415897],[2.391449130652823,48.786276794609556],[2.391455637771576,48.786267686442045],[2.391462208732785,48.786258476088214],[2.391468840880193,48.78624915813795],[2.391475542422671,48.78623972903738],[2.391482313447304,48.786230181592266],[2.391489159441209,48.78622051223435],[2.391496085957154,48.786210711999665],[2.39150309578212,48.786200775506984],[2.391510197168671,48.78619069560527],[2.391517390225771,48.78618046330176],[2.391524688693061,48.786170067877194],[2.391532092657871,48.78615950213733],[2.391539615925053,48.78614874996725],[2.39154726132556,48.78613780238858],[2.391555045407954,48.786126641502236],[2.391562976533768,48.78611525116445],[2.391571071273529,48.78610361167761],[2.391579340797499,48.78609169971807],[2.39158780450714,48.78607948660994],[2.39159648724712,48.78606694370596],[2.391605414014849,48.78605402976907],[2.39161462080384,48.786040694627154],[2.391624143672952,48.786026882712264],[2.391634038060708,48.78601251157914],[2.391644373254017,48.78599747907044],[2.391655248937388,48.78598164541768],[2.391666809259546,48.78596479554371],[2.391679278674323,48.78594660148038],[2.391693064543083,48.78592646642742],[2.391709089723,48.785903033678096],[2.391731740781808,48.78586989261684],[2.391754380967141,48.7858367478962],[2.392008947079075,48.78546402614842],[2.392029982451285,48.78543322913766],[2.392051025897452,48.78540243756183],[2.392065920043867,48.78538066794302],[2.392078730220323,48.785361957623124],[2.392090318128787,48.785345053892826],[2.39210106068505,48.78532940115941],[2.392111168513702,48.785314689367794],[2.392120777334777,48.78530072498],[2.392129973157724,48.785287373551064],[2.392138827903378,48.78527454013216],[2.392147383270272,48.785262152997205],[2.392155683503972,48.78525015482292],[2.392163759066888,48.78523850260251],[2.392171632191046,48.78522715868162],[2.392179322299166,48.785216092585614],[2.392186848727161,48.78520528103415],[2.392194228088722,48.78519470073249],[2.392201468767301,48.78518433373825],[2.392208584567893,48.78517416393657],[2.392215583808329,48.78516417878071],[2.392222474828217,48.78515436392546],[2.392229265923766,48.78514470862277],[2.392235962625613,48.78513520570717],[2.392242570529957,48.78512584261764],[2.392249097845609,48.785116615800284],[2.392255544703403,48.78510751446379],[2.392261922034014,48.78509853506864],[2.392268227224591,48.78508966860766],[2.39227446848412,48.78508091152702],[2.392280645856149,48.785072260229526],[2.39228676487145,48.78506370754984],[2.392292828295341,48.78505524990526],[2.392298838893129,48.78504688371303],[2.392304796708551,48.785038605376116],[2.392310707206895,48.78503041312471],[2.392316570453575,48.78502230156317],[2.392322389213888,48.78501426710882],[2.392328163487881,48.78500630976165],[2.392333898762615,48.78499842595331],[2.392339595081807,48.784990612086816],[2.392345252467185,48.784982866363464],[2.392350873662344,48.784975186999255],[2.392356461410878,48.78496757220991],[2.392362015756294,48.78496001839839],[2.392367536676943,48.78495252736324],[2.39237302695978,48.784945093723216],[2.392378486604941,48.78493771747828],[2.392383915634342,48.78493039682994],[2.392389319513131,48.784923130008394],[2.392394695541353,48.78491591520071],[2.392400046440804,48.78490875242127],[2.39240536951163,48.78490163985717],[2.392410670218971,48.7848945757386],[2.392415945841187,48.78488756005121],[2.392421201865401,48.784880589226645],[2.392426432826322,48.78487366503472],[2.392431644189186,48.78486678570563],[2.392436833254032,48.784859949426455],[2.39244200274275,48.784853156211575],[2.392447152677039,48.784846404262446],[2.392452283078704,48.784839691780505],[2.392457396647743,48.78483302057876],[2.392462490684197,48.784826388844166],[2.392467570653287,48.78481979480704],[2.392472631111612,48.78481323843857],[2.39247767478105,48.784806719753185],[2.392482704404857,48.78480023696667],[2.392487720005034,48.784793788280446],[2.392492718816174,48.78478737727734],[2.392497703625495,48.78478099857602],[2.392502674411132,48.78477465397505],[2.39250763119488,48.784768341675864],[2.392512573955076,48.78476206347701],[2.392517505456849,48.78475581579581],[2.392522422956878,48.7847496004164],[2.392527329198511,48.78474341555463],[2.392532224181863,48.78473726121052],[2.392537105185292,48.78473113736965],[2.392541977673901,48.78472504226228],[2.392546836182512,48.784718977658144],[2.392551686198206,48.784712939988964],[2.392556527699015,48.78470693105326],[2.392561357963497,48.78470095083661],[2.392566177013342,48.784694997540534],[2.392570987570216,48.784689071179386],[2.392575786912373,48.784683171738806],[2.392580580505213,48.78467729744901],[2.39258536288336,48.78467145007972],[2.392590136790456,48.78466562784681],[2.392594904948162,48.78465983076471],[2.392599661912984,48.78465405880461],[2.392604413128536,48.7846483119953],[2.392609155894753,48.784642588523795],[2.392613892911517,48.78463689020309],[2.392618618779193,48.78463121340727],[2.392623341619184,48.784625561776615],[2.392628056009877,48.784619933483796],[2.392632764694805,48.78461432674471],[2.392637464930554,48.78460874334342],[2.392642159460455,48.78460318149577],[2.392646848262942,48.784597643000424],[2.392651531359598,48.78459212605871],[2.392656208772306,48.78458662887215],[2.392660880457625,48.78458115503779],[2.39266554645891,48.78457570095861],[2.392666805388025,48.784574234503935],[2.392817183490763,48.78440599688268],[2.392976653402198,48.78424145615738],[2.393145007170002,48.784080826801805],[2.393322025268313,48.783924318189335],[2.393507476884149,48.78377213432029],[2.393701120218517,48.783624473555996],[2.393902702801771,48.78348152836063],[2.39411196182285,48.78334348505026],[2.394328624471953,48.7832105235504],[2.3945524082962,48.78308281716148],[2.394783021567806,48.7829605323332],[2.395020163664321,48.78284382844774],[2.395263525460404,48.782732857612174],[2.395512789730645,48.78262776446037],[2.395767631562896,48.782528685964664],[2.396027718781587,48.78243575125738],[2.396292712380464,48.78234908146283],[2.396562266964196,48.78226878953945],[2.396836031198261,48.78219498013277],[2.397113648266574,48.782127749439084],[2.397394756336171,48.78206718508031],[2.397678989028456,48.782013365989734],[2.397965975896311,48.781966362309426],[2.3982553429065,48.78192623529867],[2.398546712926716,48.78189303725446],[2.398839706216657,48.7818668114432],[2.399133940922478,48.78184759204443],[2.399429033573981,48.7818354041064],[2.399724599583909,48.78183026351337],[2.39972715000345,48.781830249860796],[2.399736630340645,48.781830202272566],[2.399746140507226,48.78183016383273],[2.399755680546336,48.78183013094424],[2.399765253136542,48.781830107218404],[2.399774858320887,48.78183008905804],[2.399784493356153,48.781830078247545],[2.399794163685647,48.78183007481533],[2.39980386386607,48.78183007873295],[2.39981359934073,48.78183009002883],[2.399823370109531,48.78183010870294],[2.399833173450874,48.78183013474109],[2.399843009364867,48.78183016814327],[2.399852883316028,48.78183020713931],[2.399862792539931,48.78183025531215],[2.399872739779495,48.78183031087739],[2.399882722313226,48.78183037382086],[2.399892740162642,48.781830442343946],[2.399902798727921,48.781830520072205],[2.399912895308879,48.781830605192866],[2.399923029905622,48.78183069770588],[2.399933205218143,48.781830799424036],[2.399943421289471,48.7818309067502],[2.399953678098099,48.78183102148294],[2.39996397562262,48.781831145420796],[2.399974316605952,48.78183127677937],[2.399984701048197,48.78183141555874],[2.399995128949364,48.78183156175879],[2.400005600309355,48.78183171537959],[2.400016117828367,48.78183187823389],[2.400026681527816,48.78183204852308],[2.400037291407807,48.78183222624716],[2.400047947446635,48.7818324132047],[2.400058655109117,48.78183260762552],[2.40006941165215,48.78183281129397],[2.400080217118653,48.78183302061292],[2.400091074165814,48.78183324099224],[2.400101985579658,48.78183346705049],[2.400112948574071,48.781833704169046],[2.400123965935281,48.78183394696647],[2.400135037598572,48.781834200838425],[2.400146169050167,48.781834462216196],[2.400157357568468,48.78183473108556],[2.40016860313208,48.78183500924505],[2.40017991118411,48.781835296723095],[2.400191281724465,48.78183559351964],[2.400202712053156,48.78183589782189],[2.400214210313286,48.78183621147105],[2.400225773783464,48.78183653445289],[2.400237402463598,48.78183686676737],[2.400249101796797,48.7818372084429],[2.400260874504669,48.78183755949368],[2.400272715144019,48.78183791989123],[2.400284634601263,48.78183828969242],[2.400296627433104,48.78183866886875],[2.400308701804252,48.78183905746283],[2.400320854971719,48.78183945725902],[2.400333089700111,48.78183986467441],[2.400345411367944,48.781840285132965],[2.400357820039722,48.78184071323905],[2.400370318372664,48.78184115440251],[2.400382909152669,48.781841603241865],[2.400395597758464,48.78184206518111],[2.400408384232949,48.781842536623145],[2.40042127127624,48.78184301938073],[2.400434264331554,48.781843513482144],[2.400447366120403,48.78184401894163],[2.400460579342803,48.7818445375719],[2.400473909484861,48.7818450658042],[2.400487361946803,48.78184560726402],[2.400500939471637,48.781846160166964],[2.400514647481089,48.78184672633995],[2.400528491418076,48.7818473058113],[2.400542474004414,48.78184789859523],[2.400556606126124,48.78184850474843],[2.400570890504927,48.78184912428511],[2.400585335305442,48.78184975724779],[2.400599948649414,48.78185040727612],[2.400614738744446,48.781851070815534],[2.400629713733875,48.78185174970709],[2.400644881760738,48.781852445791905],[2.400660259154468,48.78185315915512],[2.400675851379782,48.781853888026454],[2.400691674722943,48.781854636088156],[2.400707742791684,48.78185540341109],[2.400724071894167,48.78185619187891],[2.400740678402501,48.781856997979595],[2.400757586724802,48.78185782903498],[2.400774815955089,48.78185868154726],[2.400792393265958,48.781859559255345],[2.400810351294596,48.78186046412796],[2.40082872269978,48.781861396335266],[2.400847550983436,48.78186235970136],[2.400866885112291,48.781863356280034],[2.400886784939183,48.78186438818188],[2.400907326581747,48.78186546299823],[2.400928599830078,48.7818665829957],[2.400950727089971,48.78186775420822],[2.400973863361348,48.781868988235566],[2.400998234426218,48.78187029524784],[2.40102415577087,48.78187169487595],[2.401052141512145,48.78187321138352],[2.40108311093562,48.78187489992471],[2.401119139388121,48.78187687204223],[2.401170089335477,48.78187967377879],[2.401221039202658,48.78188248268697],[2.407757111152332,48.78224273460713],[2.409907338922361,48.78236116807506],[2.410138644125873,48.78237390527254],[2.410178698704041,48.78237611105854],[2.41021875318011,48.782378325823366],[2.410247076281929,48.78237989937728],[2.410271417243623,48.78238126002375],[2.410293416230328,48.782382497125106],[2.410313788596711,48.78238365032825],[2.410332939626463,48.78238474149977],[2.410351119557415,48.782385784515384],[2.410368505187231,48.78238678927641],[2.410385216180936,48.78238776359206],[2.410401353195023,48.78238871157663],[2.410416984248035,48.782389635378095],[2.410432169130212,48.782390542498206],[2.410446954129724,48.782391431376034],[2.410461380027963,48.78239230581836],[2.410475479441939,48.78239316959002],[2.410489276886859,48.782394021018284],[2.410502799557403,48.78239486204154],[2.410516069184153,48.78239569636864],[2.410529102117728,48.78239652228497],[2.410541914687511,48.782397339874386],[2.410554517716527,48.7823981545885],[2.410566930319397,48.78239896112946],[2.410579160597212,48.782399764934844],[2.410591216736097,48.78240056424816],[2.410603109601145,48.78240136092377],[2.410614850099813,48.782402153219074],[2.410626443654231,48.782402942960594],[2.410637895707457,48.782403730176306],[2.41064921440326,48.78240451670667],[2.410660405205829,48.78240530078112],[2.410671476258931,48.78240608424015],[2.410682430305022,48.78240686529916],[2.410693270023677,48.7824076475693],[2.410704003621746,48.782408427495355],[2.410714631057173,48.78240920867449],[2.41072516051558,48.78240998935002],[2.410735591997166,48.782410769522],[2.410745933645503,48.78241155103088],[2.410756182760078,48.78241233206415],[2.410766344763032,48.78241311444839],[2.410776425118656,48.78241389641291],[2.410786423805721,48.782414679756315],[2.410796340824325,48.78241546447861],[2.410806184339169,48.782416250621694],[2.410815951628717,48.782417038171694],[2.4108256454145,48.782417827142496],[2.410835271139685,48.7824186175621],[2.410844828804372,48.78241940943046],[2.410854318387335,48.78242020454621],[2.410863745374088,48.78242099934015],[2.410873109722283,48.78242179740942],[2.410882408731506,48.78242259694149],[2.41089165054534,48.7824233997768],[2.410900835206125,48.78242420231833],[2.410909959928863,48.78242500994769],[2.410919030220082,48.78242581729724],[2.410928046016525,48.782426629762604],[2.410937007381345,48.78242744194814],[2.410945916972923,48.78242825926349],[2.410954777555028,48.78242907812549],[2.410963586406124,48.782429898520206],[2.410972346226628,48.78243072226021],[2.410981057016539,48.7824315493454],[2.410989724219028,48.78243237980383],[2.41099834241214,48.78243321180896],[2.411006917017728,48.782434047187294],[2.411015445314457,48.7824348859249],[2.411023932745297,48.782435728049634],[2.411032376609928,48.78243657174907],[2.411040779587554,48.78243742063426],[2.41104913899897,48.782438271094115],[2.411057460266131,48.78243912495513],[2.411065740667502,48.78243998220338],[2.411073982924618,48.78244084285278],[2.41108218703758,48.7824417069034],[2.411090353006286,48.78244257435521],[2.411098480851849,48.78244344340966],[2.411106573253782,48.78244431767782],[2.411114630232992,48.782445195361184],[2.411122651789585,48.78244607645969],[2.411130637923557,48.782446960973424],[2.41113858863491,48.782447848902315],[2.411146506645178,48.78244874026037],[2.411154391954463,48.78244963504757],[2.411162244562664,48.78245053326396],[2.411170064469883,48.78245143490953],[2.411177854376443,48.782452341796784],[2.411185608881593,48.7824532503007],[2.411193336107723,48.78245416406026],[2.411201030632872,48.782455081249005],[2.411208695178471,48.78245600188093],[2.411216332466363,48.78245692596997],[2.411221830711102,48.782457596275],[2.4114575249074,48.7824899686789],[2.41169083452391,48.782529165919065],[2.411921307301471,48.782575112014506],[2.412148496476495,48.78262771790192],[2.412371961646516,48.78268688160803],[2.412591269623451,48.782752488447365],[2.412805995272904,48.782824411244306],[2.413015722337912,48.78290251057946],[2.41322004424555,48.782986635059835],[2.413224721092654,48.78298865906562],[2.413231209553909,48.78299147474451],[2.413237716898973,48.782994304908826],[2.413244243085781,48.78299715315566],[2.413250785413712,48.78300001767252],[2.413257346583408,48.78300290027194],[2.41326392663695,48.78300579735673],[2.41327052551114,48.78300871432262],[2.413277145990864,48.78301164578778],[2.413283785291358,48.78301459713402],[2.413290443454703,48.7830175647642],[2.413297123181442,48.78302055049076],[2.413303824450553,48.78302355611231],[2.413310547304215,48.78302657803168],[2.41331729170027,48.783029619846],[2.413324057659766,48.7830326797567],[2.413330847883449,48.783035759576265],[2.413337662392165,48.78303885750607],[2.413344498443424,48.78304197533082],[2.413351361480375,48.783045113078316],[2.413358246038762,48.78304827251925],[2.413365157604003,48.78305145008436],[2.413372093412374,48.78305464935686],[2.413379058907132,48.7830578703645],[2.41338604864505,48.78306111307954],[2.413393068090312,48.78306437573115],[2.413400114479505,48.78306766190254],[2.413407190555041,48.7830709698091],[2.413414293595364,48.78307429943692],[2.413421429022907,48.783077652612285],[2.41342859683738,48.78308102933527],[2.413435794296404,48.78308443139046],[2.413443024142493,48.78308785699324],[2.413450289097439,48.783091306157495],[2.413457586418457,48.78309478066787],[2.413464918806209,48.78309828233675],[2.413472289003316,48.78310180937958],[2.413479694288325,48.783105361782376],[2.413487140062344,48.783108943170085],[2.413494620903177,48.78311255171632],[2.413502144975765,48.78311618746276],[2.413509709516401,48.783119853992645],[2.413517314567161,48.783123547708854],[2.413524965508235,48.7831272740348],[2.413532659660231,48.783131029359474],[2.413540402424165,48.7831348173078],[2.413548191078489,48.78313863786587],[2.413556028344906,48.78314249104752],[2.413563916923991,48.78314637866525],[2.413571856815874,48.78315030071904],[2.413579853463734,48.783154257236674],[2.413587904082954,48.783158253599865],[2.413596014179991,48.78316228444077],[2.413604180948902,48.7831663569397],[2.413612412596901,48.7831704675412],[2.413620709060855,48.78317462164096],[2.413629070361822,48.78317881744033],[2.41363750464365,48.78318305677962],[2.41364600916388,48.783187341443444],[2.41365458660209,48.78319167504276],[2.413663245144178,48.783196055820746],[2.413671987469724,48.78320048738835],[2.413680813557961,48.783204971544095],[2.413689728831075,48.78320951011432],[2.413698738690338,48.78321410672387],[2.413707845836365,48.78321876318523],[2.413717055691558,48.7832234813247],[2.413726376378883,48.78322826478101],[2.413735813320548,48.7832331153805],[2.413745369175251,48.78323803853269],[2.413755054787555,48.78324303789024],[2.413764878301471,48.783248115293325],[2.413774847776943,48.78325327977638],[2.413784971357897,48.7832585331796],[2.413795259867912,48.78326388095415],[2.413805729510796,48.78326933397471],[2.41381639115229,48.78327489409528],[2.413827263675883,48.78328057580152],[2.413838363348479,48.783286384572385],[2.41384971451779,48.7832923331227],[2.41386133878906,48.78329843595191],[2.413873268633083,48.78330470941364],[2.41388554466453,48.783311171701676],[2.413898207414067,48.783317848204014],[2.413911313679293,48.7833247697876],[2.41392493920412,48.78333197640933],[2.413939181400897,48.78333951713005],[2.41395417551168,48.78334746458605],[2.413970118977537,48.783355925905546],[2.41398732285531,48.783365068152165],[2.414006352503208,48.783375190989204],[2.414028484661033,48.78338697542786],[2.414059775743553,48.78340365038592],[2.414091055897193,48.78342033067552],[2.414674170498523,48.78373128161448],[2.414712043149865,48.78375147574054],[2.414749921337963,48.78377166448613],[2.414776714571484,48.783785933099075],[2.414799750630869,48.78379819324194],[2.41482057412026,48.78380926398346],[2.414839869359652,48.783819513939704],[2.414858015072913,48.78382914289376],[2.414875249276053,48.7838382797638],[2.414891737003872,48.78384700992804],[2.414907597253945,48.78385539874486],[2.414922913872884,48.783863491608265],[2.41493776262649,48.783871326676255],[2.414952194890407,48.783878932989346],[2.414966253938232,48.783886334150715],[2.414979977663416,48.78389354834012],[2.414993401216568,48.78390059552202],[2.415006543523408,48.78390748658489],[2.415019434354106,48.78391423606975],[2.4150320899339,48.78392085305263],[2.415044526487542,48.78392734660956],[2.415056760240113,48.78393372581654],[2.415068807458652,48.783939996152505],[2.415080673502365,48.78394616483942],[2.41509237461725,48.78395223915472],[2.415103918947372,48.783958220938615],[2.415115314573796,48.78396411742694],[2.415126572340952,48.78396993227228],[2.415137694928623,48.78397566908567],[2.415148690459737,48.783981331505814],[2.415159567057331,48.78398692317147],[2.415170327422075,48.783992445895045],[2.415180979655951,48.783997905113836],[2.41519152650157,48.78400329904318],[2.415201976039963,48.78400863491887],[2.415212325570403,48.78401391092855],[2.415222583215861,48.78401913071091],[2.415232754377791,48.784024297890795],[2.4152428390771,48.78402941066973],[2.415252842694081,48.78403447447104],[2.415262765249746,48.784039487496244],[2.415272614846123,48.78404445518255],[2.415282388803363,48.784049373919075],[2.415292089780356,48.784054249115265],[2.415301725942028,48.7840590808128],[2.415311291824023,48.784063870782504],[2.415315532255036,48.784065989608756],[2.415581344139379,48.78419532032021],[2.415852058371475,48.78432013215658],[2.416127499086298,48.78444034401953],[2.416131970802212,48.784442240956224],[2.41614207623479,48.784446522777124],[2.416152263027148,48.78445083019195],[2.416162536601784,48.78445516502687],[2.416172899680284,48.78445952729573],[2.416183352221027,48.78446392059558],[2.416193899667251,48.78446834495407],[2.416204542019201,48.78447280037124],[2.416215287400006,48.784477290485555],[2.416226135830848,48.784481813498545],[2.416237089970434,48.78448637481959],[2.416248158004995,48.784490972691685],[2.416259339892731,48.78449561071184],[2.416270643798848,48.78450028892153],[2.416282072382275,48.78450501273025],[2.416293631107405,48.78450978036704],[2.416305328097602,48.78451459547046],[2.416317166053666,48.784519459852845],[2.416329153078146,48.78452437895137],[2.416341297357004,48.78452935100885],[2.416353606950853,48.78453438505956],[2.416366087324117,48.78453947933251],[2.416378752022783,48.78454463929245],[2.416391611870893,48.78454987039035],[2.416404674991874,48.78455517626471],[2.416417957653299,48.78456056239407],[2.416431473401101,48.78456603424322],[2.416445241203713,48.78457159910306],[2.416459274586077,48.78457726423685],[2.416473600681827,48.78458303697699],[2.41648824113927,48.78458892822531],[2.41650322849376,48.78459494893893],[2.416518592495869,48.784601115456844],[2.416534376567848,48.78460743879137],[2.41655062942877,48.784613942572484],[2.41656741340646,48.78462065049913],[2.41658480167371,48.784627589922664],[2.41660289173169,48.78463480270724],[2.416621816401007,48.784642336292336],[2.416641757158748,48.784650267143],[2.416662974139891,48.78465869550622],[2.416685890009159,48.78466778900457],[2.416711252552546,48.78467784461632],[2.416740765994409,48.78468953649846],[2.416782515262898,48.78470606055218],[2.416824270085947,48.7847225774241],[2.419353229102915,48.785722870670014],[2.419408446558448,48.78574471033321],[2.419463655813546,48.78576655712278],[2.419502689152388,48.7857820106364],[2.419536232901615,48.785795301384816],[2.419566541414488,48.785807318511104],[2.41959460636178,48.785818455539555],[2.41962098320793,48.785828931117635],[2.419646021499446,48.785838881912284],[2.419669956926644,48.785848404444074],[2.419692965634339,48.78585756615416],[2.419715172240509,48.785866418035084],[2.419736682436307,48.785875000191844],[2.419757572077081,48.78588334358518],[2.419777911637157,48.785891473752756],[2.419797747116132,48.78589941430976],[2.419817130060739,48.78590717990614],[2.41983609836764,48.785914788720106],[2.419854681851171,48.78592225169442],[2.41987291302684,48.78592958158414],[2.419890813564681,48.78593678749219],[2.419908407877185,48.7859438767366],[2.419925714891821,48.78595086020515],[2.419942750876744,48.785957743376],[2.419959532120829,48.78596452992894],[2.419976072107951,48.78597123072412],[2.419992384446884,48.7859778458303],[2.420008482663231,48.785984382510556],[2.420024372179601,48.785990842591076],[2.420040069243358,48.785997233348525],[2.420052236166372,48.786002192532926],[2.420383510021023,48.786139278862855],[2.420712051425331,48.78627920804239],[2.42072401732005,48.786284380182124],[2.420739439103139,48.78629105364379],[2.420755042254202,48.78629781435368],[2.420770834876538,48.78630466774856],[2.420786827836842,48.786311615681846],[2.420803031960188,48.78631866360399],[2.420819460772544,48.78632581877781],[2.420836127841837,48.78633308486887],[2.420853046673309,48.78634047093846],[2.420870233515145,48.78634798426312],[2.420887710079515,48.78635563034806],[2.420905497996073,48.78636342189291],[2.420923616193008,48.78637136978485],[2.420942097228575,48.78637948318119],[2.420960973578027,48.78638777843341],[2.420980277716568,48.786396271892905],[2.421000058408869,48.786404983590614],[2.421020364398918,48.786413935355895],[2.421041257956732,48.786423156280854],[2.421062820342959,48.786432680949325],[2.421085146323591,48.78644255300641],[2.421108360500949,48.78645282524075],[2.421132630756804,48.78646357404161],[2.421158187263599,48.78647490309188],[2.421185368548011,48.786486961586725],[2.421214705390228,48.786499986025404],[2.421247164584498,48.786514405761366],[2.421284920694784,48.786531190433976],[2.421338305055086,48.78655493550186],[2.421391683939317,48.78657868771165],[2.423382019908796,48.787464345268084],[2.423425575467307,48.787483725028494],[2.423469139307699,48.787503097619094],[2.423499947705858,48.78751679075962],[2.423526436688042,48.78752855203742],[2.423550380062101,48.78753917457305],[2.423572563199546,48.78754900765196],[2.42359342210836,48.78755824591969],[2.423613233053939,48.7875670094748],[2.423632182873169,48.787575383792344],[2.423650406977087,48.787583428907965],[2.423668010980565,48.78759119211712],[2.423685070744395,48.78759870437783],[2.423701648499104,48.787605998378524],[2.423717801176511,48.787613094190235],[2.423733566655157,48.78762001178849],[2.423748980133136,48.787626767537965],[2.423764074128096,48.78763337419248],[2.42377887573453,48.78763984268009],[2.423793403881303,48.78764618388783],[2.423807680240087,48.787652406917786],[2.42382172380177,48.787658517261285],[2.42383554532972,48.787664525764406],[2.423849163835619,48.787670436119896],[2.423862590144945,48.787676253778045],[2.423875832361054,48.78768198417561],[2.423888904052027,48.787687630978006],[2.423901813342106,48.787693197823366],[2.423914568314025,48.787698691946915],[2.423927177133458,48.787704113389616],[2.423939645202643,48.78770946577598],[2.423951980645955,48.787714752744115],[2.423964188886303,48.78771997611992],[2.4239762753467,48.78772513772928],[2.423988245408962,48.78773024299519],[2.424000101815489,48.78773529013277],[2.424011852669936,48.787740284578696],[2.42402350069406,48.78774522634662],[2.424035048589071,48.78775011724881],[2.424046499076733,48.78775495729895],[2.42405786026082,48.787759751933656],[2.424069132161721,48.787764499354395],[2.424080314738184,48.78776920315835],[2.42409141889842,48.78777386160148],[2.42410243913647,48.787778480052275],[2.424113383659372,48.78778305495457],[2.424124252405134,48.78778759170403],[2.424135048116187,48.787792088515765],[2.42414577077194,48.787796547188414],[2.424156428517194,48.78780096956139],[2.424167015908346,48.78780535560749],[2.424177541110749,48.78780970536763],[2.424188001382087,48.78781402062677],[2.424198402145239,48.78781830321076],[2.424208743421016,48.78782255132106],[2.424219025167891,48.78782676855479],[2.424229250128609,48.78783095312709],[2.424239421004121,48.787835106850125],[2.424249537794498,48.78783922972392],[2.424259600479063,48.787843323547065],[2.424269614522296,48.78784738654831],[2.424279577160847,48.78785142231112],[2.424289491137265,48.7878554290506],[2.424299359152812,48.787859408578925],[2.424309178485629,48.78786336088252],[2.42431895185742,48.787867285975],[2.424328681969453,48.78787118566863],[2.424338368821705,48.78787505996333],[2.424348015156827,48.78787890707427],[2.424357615489539,48.7878827305713],[2.424367178006168,48.78788652869674],[2.424376699984954,48.78789030143697],[2.42438618410623,48.787894052402756],[2.42439562768962,48.787897777983396],[2.424405033415454,48.787901481789596],[2.424414404026493,48.78790516203649],[2.424423739501974,48.787908820522645],[2.42443303714058,48.78791245543585],[2.424442302365425,48.78791606860189],[2.424451532434017,48.787919661805816],[2.42446072738761,48.787923231450456],[2.424469892628788,48.78792678116022],[2.424479022734194,48.78793030910925],[2.424488123127047,48.78793381712344],[2.424497193807332,48.78793730520274],[2.424506232053194,48.78794077333358],[2.424515240586352,48.787944221529536],[2.424524219406993,48.787947649790695],[2.424533168514895,48.787951058116974],[2.424542090611451,48.78795444832066],[2.424550985696646,48.78795782040171],[2.42455985108979,48.78796117074937],[2.424568689450806,48.787964504772994],[2.424577503522255,48.78796782068766],[2.424586290582282,48.787971118479696],[2.424595050651503,48.78797439635059],[2.42460378641038,48.78797765791108],[2.424612495157791,48.78798090134898],[2.424621182316873,48.78798412849016],[2.42462984246436,48.787987337508746],[2.424638481023491,48.787990530230594],[2.424647095292941,48.78799370484351],[2.424648163284691,48.78799409690457],[2.424899691662613,48.788083182646496],[2.42515542773739,48.788166875146665],[2.425415106733419,48.78824508774778],[2.425678459788585,48.78831773946615],[2.425945214232883,48.78838475507565],[2.426215093870926,48.78844606518572],[2.426487819268179,48.788501606313226],[2.426763108040529,48.7885513209483],[2.427040675146936,48.78859515761393],[2.427320233184851,48.78863307091937],[2.427321431913962,48.788633220787645],[2.427331127861046,48.788634423859556],[2.427340856512886,48.788635623496404],[2.427350620591358,48.788636819711634],[2.427360420075932,48.78863801430386],[2.427370254987139,48.78863920547449],[2.427380125324982,48.78864039322351],[2.427390033811336,48.788641577564526],[2.427399977703897,48.78864276028245],[2.42740996246695,48.788643939605926],[2.427419982656641,48.788645115507734],[2.427430040974418,48.78864628980002],[2.42744014016269,48.7886474606978],[2.427450280221458,48.788648628201024],[2.427460458408317,48.788649794094724],[2.427470677465673,48.788650956593855],[2.427480940094878,48.78865211751052],[2.427491243594684,48.788653275032665],[2.42750159068697,48.788654429173725],[2.427511981351108,48.788655581732336],[2.427522415587201,48.78865673270845],[2.427532896137656,48.788657880317096],[2.427543420280596,48.788659024544636],[2.42755399069685,48.788660169001766],[2.427564610149549,48.78866131010493],[2.427575275916514,48.78866244784055],[2.427585990699302,48.788663584020746],[2.427596757219894,48.78866471865903],[2.427607570034336,48.788665851728304],[2.427618437328887,48.788666981470634],[2.427629356340828,48.78866811146961],[2.427640327110902,48.78866923812805],[2.427651355062652,48.788670363271684],[2.42766243477264,48.788671485074744],[2.427673571643786,48.7886726071615],[2.427684768418493,48.78867372774692],[2.427696019652905,48.78867484680386],[2.427707333533283,48.78867596257441],[2.42771870729671,48.788677078642166],[2.42773014368569,48.78867819322209],[2.427741642679606,48.78867930811266],[2.42775320704158,48.78868041973039],[2.427764836730377,48.78868153167231],[2.427776534488598,48.78868264215345],[2.42778830303823,48.788683751187286],[2.427800139636677,48.788684860558824],[2.427812049727803,48.78868597029516],[2.427824036074727,48.78868707681274],[2.427836095893924,48.78868818549365],[2.427848234670292,48.78868929276783],[2.427860452383219,48.788690400433794],[2.427872751754792,48.788691508505124],[2.427885138228776,48.78869261700888],[2.427897609083298,48.788693725931495],[2.427910167060857,48.78869483348792],[2.427922817564193,48.788695943302336],[2.427935563315296,48.78869705538831],[2.427948404355194,48.78869816614866],[2.427961346086835,48.788699279207584],[2.427974388530637,48.78870039276652],[2.427987539811328,48.78870151046316],[2.428000797248159,48.788702628686806],[2.428014171728758,48.78870374749167],[2.428027660490239,48.7887048704612],[2.428041268997082,48.78870599582399],[2.42805500539433,48.78870712541915],[2.428068872424687,48.788708257461636],[2.428082872810044,48.78870939196495],[2.428097014675143,48.78871053256681],[2.428111300782992,48.788711675683594],[2.428125741980318,48.78871282496661],[2.428140341009624,48.78871397863072],[2.428155106016165,48.78871513851509],[2.428170045165803,48.78871630466029],[2.428185163902419,48.78871747709338],[2.428200478537221,48.78871865769411],[2.42821599179201,48.788719846475935],[2.428231717276517,48.788721043506555],[2.428247668580076,48.78872225065212],[2.428263856590442,48.788723467966754],[2.428280297618632,48.78872469733016],[2.428297007975874,48.788725940622086],[2.428314004014292,48.788727196125095],[2.428331310190467,48.788728467558066],[2.428348948279796,48.78872975502928],[2.428366945460857,48.788731062271054],[2.428385331654309,48.788732391230766],[2.428404147689347,48.78873374211142],[2.428423431632302,48.788735118699464],[2.428443235138333,48.7887365266476],[2.428463620812227,48.78873796626706],[2.428484664765938,48.788739446929455],[2.428506462246688,48.78874097090685],[2.428529132897122,48.7887425495859],[2.428552845374906,48.78874419279833],[2.428577819993479,48.78874591602858],[2.428604388583516,48.788747742510054],[2.428633076151797,48.788749703631325],[2.428664823772262,48.788751867023805],[2.428701758485811,48.788754376363066],[2.428753996014576,48.78875791147355],[2.428806233632625,48.78876143936605],[2.429483212787051,48.78880714183602],[2.429530766637775,48.7888103547564],[2.429578320433131,48.78881357305277],[2.429611945006795,48.788815857019245],[2.429640842140707,48.788817827922195],[2.42966695937408,48.788819615943595],[2.429691145318695,48.78882128105637],[2.429713881451105,48.7888228526317],[2.429735464237809,48.78882435192724],[2.429756103125161,48.78882579257385],[2.429775944975191,48.788827186092924],[2.429795101346598,48.788828536635926],[2.42981365923908,48.78882985362822],[2.429831686660474,48.788831141005],[2.429849238028829,48.78883240083514],[2.429866364999936,48.7888336387713],[2.42988310295889,48.78883485498916],[2.429899484528022,48.788836053248176],[2.429915539648765,48.788837233697016],[2.429931292777595,48.78883840005452],[2.429946762968101,48.78883955241535],[2.429961974697411,48.788840692699715],[2.429976938832612,48.788841822760276],[2.429991674427503,48.78884294269174],[2.430006192369816,48.78884405254815],[2.430020506248634,48.78884515419567],[2.430034626951897,48.78884624768842],[2.430048565346803,48.78884733487903],[2.430062326877315,48.78884841579456],[2.430075925132628,48.78884949230117],[2.430089362855152,48.78885056261385],[2.430102650932631,48.78885162678667],[2.430115792046069,48.78885268843029],[2.430128794381862,48.7888537457867],[2.430141666105662,48.78885479889651],[2.430154407197128,48.78885584955824],[2.430167028564441,48.788856896027426],[2.430179527444838,48.78885794188768],[2.43019191476683,48.78885898359599],[2.430204190489648,48.78886002474949],[2.430216360077493,48.78886106357661],[2.43022842625245,48.78886210009095],[2.43024039443786,48.788863136118024],[2.430252264633817,48.78886417165796],[2.430264039582532,48.788865204925635],[2.430275727409114,48.788866239558736],[2.430287325432423,48.78886727194665],[2.430295369203718,48.78886799352692],[2.430626970411155,48.78890083102064],[2.430957090742401,48.78893964097604],[2.431285483903112,48.788984394438366],[2.431293408430464,48.788985552433054],[2.431304833183703,48.7889872259825],[2.431316342114213,48.788988917934084],[2.431327935181436,48.78899063188489],[2.43133961784948,48.788992366063326],[2.43135139011857,48.7889941204693],[2.431363260134032,48.78899589694181],[2.431375225173995,48.78899769546732],[2.431387290662092,48.78899951787137],[2.431399459340538,48.78900136236873],[2.431411739354966,48.78900323079844],[2.431424130705307,48.7890051231604],[2.431436638815101,48.789007041280136],[2.431449269128378,48.789008985184466],[2.431462027068583,48.78901095669894],[2.431474918059466,48.78901295764895],[2.431487944863529,48.78901498445082],[2.431501118287273,48.789017044352676],[2.431514441093508,48.7890191337707],[2.431527924149484,48.78902125455737],[2.431541572838102,48.789023412135215],[2.431555398088074,48.78902560296094],[2.431569410746486,48.78902783068543],[2.431583616236809,48.78903009713417],[2.431598030850244,48.78903240598495],[2.431612668216832,48.78903475550653],[2.431627539163403,48.78903715114825],[2.431642665424873,48.789039596615034],[2.431658057889227,48.789042091960496],[2.431673746436922,48.78904464272843],[2.431689747358902,48.78904725259652],[2.431706093278028,48.7890499253234],[2.431722814074798,48.7890526664527],[2.431739947754979,48.789055485165534],[2.431757540551091,48.78905838528768],[2.431775646780178,48.7890613778796],[2.431794331626756,48.789064475853976],[2.431813682071467,48.78906769043272],[2.431833806768655,48.78907104193811],[2.431854849737893,48.789074552665866],[2.431877011997134,48.78907825958272],[2.431900581544535,48.789082210877325],[2.43192602842396,48.789086484416714],[2.431954184007442,48.78909122100849],[2.431986936554156,48.78909673935603],[2.432033251850446,48.78910455688276],[2.432079564378179,48.789112379773044],[2.432222088296534,48.789136461411985],[2.433845166638544,48.789410685570296],[2.435578444264571,48.78970350107455],[2.435619060362994,48.78971036284092],[2.435659679295743,48.78971721561354],[2.435688403369389,48.789722053005136],[2.435713098239421,48.789726203296986],[2.435735415800292,48.789729948001145],[2.435756089674259,48.789733407634806],[2.435775527390704,48.789736652549365],[2.435793981609159,48.78973972715407],[2.435811634379014,48.789742661121956],[2.435828607987672,48.78974547304052],[2.435845000224135,48.78974818137678],[2.435860881738878,48.789750797269896],[2.435876314995958,48.78975333361744],[2.435891343506724,48.789755794230516],[2.435906010701532,48.789758190114505],[2.435920351946075,48.789760523241846],[2.435934388955399,48.78976279911524],[2.435948151590665,48.789765025076],[2.435961656183638,48.78976720120448],[2.435974924469723,48.78976933120478],[2.435987972740453,48.78977141875423],[2.436000814605673,48.78977346391978],[2.436013463594542,48.78977547396253],[2.436025927913378,48.7897774453255],[2.436038221111371,48.789779383471235],[2.436050354096766,48.78978128665466],[2.436062329530798,48.78978316028491],[2.436074161043758,48.789785002630296],[2.436085854059271,48.78978681551607],[2.436097411279023,48.7897886007542],[2.436108846292874,48.78979036021019],[2.436120156398968,48.789792092072055],[2.436131352444807,48.78979379999044],[2.436142437172522,48.78979548218012],[2.436153416005953,48.789797140466455],[2.436164291626683,48.789798778459975],[2.436175069519007,48.789800392590244],[2.436185752384725,48.78980198466925],[2.436196342945758,48.789803554710375],[2.436206843883694,48.78980510632409],[2.436217260662716,48.7898066377386],[2.436227596004846,48.78980814896731],[2.436237852611792,48.7898096418221],[2.436248027781808,48.78981111449112],[2.436258132362317,48.78981257062496],[2.436268160929735,48.78981400839828],[2.436278121649769,48.78981542785126],[2.436288011780452,48.78981683076902],[2.43629783676555,48.7898182171784],[2.43630759660515,48.78981958707936],[2.436317294021283,48.78982094048525],[2.436326929013831,48.789822277396155],[2.436336507006659,48.789823599637266],[2.436346025297919,48.789824905396806],[2.43635548658933,48.78982619648659],[2.436364893602926,48.78982747292005],[2.436374246338794,48.78982873469715],[2.436383544796719,48.789829981817945],[2.436392794400672,48.789831216107736],[2.436401992468913,48.78983243395598],[2.436411141683158,48.789833638973235],[2.436420244765241,48.78983483117283],[2.436429299013414,48.7898360087429],[2.436438309851549,48.78983717350866],[2.436447274557489,48.78983832545684],[2.436456193131327,48.78983946458739],[2.436465071037247,48.78984058912848],[2.436473908234828,48.78984170267725],[2.43648270202222,48.78984280342183],[2.436491455121461,48.78984389137552],[2.43650016753254,48.78984496653836],[2.436508844679133,48.789846030735625],[2.436517481137547,48.78984708214204],[2.436526079609614,48.78984812256956],[2.436534642837475,48.789849150232946],[2.436543170800817,48.78985016693078],[2.436551660797991,48.78985117085116],[2.436560118232575,48.78985216561791],[2.436568537700771,48.789853147607246],[2.436576927368813,48.789854116859196],[2.436585281752196,48.78985507694419],[2.436593606315004,48.78985602609037],[2.436601895633644,48.7898569624725],[2.436610155111492,48.7898578897144],[2.436618384768948,48.7898588060175],[2.436626581883855,48.78985971136849],[2.436634751900199,48.78986060579407],[2.436642889374082,48.78986148926749],[2.43665099972929,48.789862363614105],[2.436659080263868,48.78986322702193],[2.436667133700058,48.78986407950437],[2.436675157295406,48.78986492284663],[2.436683156514198,48.78986575527683],[2.436691125912435,48.78986657676829],[2.436699070913905,48.789867389146316],[2.436706988796657,48.789868192397485],[2.436714879580781,48.789868984723334],[2.436722745968223,48.789869767935684],[2.43673058797897,48.78987054023605],[2.436738405593024,48.789871303422956],[2.436746196088229,48.789872057483095],[2.436753964928872,48.78987280064455],[2.436761709372702,48.78987353469262],[2.436769429419714,48.78987425962723],[2.436777127791851,48.789874975461764],[2.436784801787455,48.78987568038432],[2.43678745045205,48.78987592179838],[2.437022469102157,48.78989393506384],[2.437258447192763,48.78990521335501],[2.437494942826317,48.78990973555196],[2.43773151313547,48.789907493186305],[2.437967715112944,48.78989849045714],[2.438203106441662,48.789882744223185],[2.438437246323555,48.78986028397115],[2.43843988190147,48.789859992879734],[2.438447524339074,48.789859141695864],[2.438455185951152,48.789858279813274],[2.438462872161758,48.78985740905707],[2.438470582970785,48.789856529427276],[2.438478315696349,48.78985563731349],[2.438486070298478,48.78985473631279],[2.438493852220856,48.78985382645176],[2.438501656059954,48.78985290410676],[2.438509484497443,48.78985197288811],[2.438517340275499,48.78985103101057],[2.438525220651834,48.789850080259434],[2.438533125666808,48.78984911703752],[2.438541058022329,48.78984814315674],[2.438549014976212,48.78984716040228],[2.438556999290658,48.78984616519037],[2.438565013647445,48.78984516113142],[2.438573052642836,48.78984414460171],[2.438581121700686,48.789843117426365],[2.43858921809894,48.789842079592084],[2.438597344559739,48.78984103111218],[2.438605498380958,48.78983997017476],[2.438613684986753,48.78983889860503],[2.438621901654869,48.789837816389614],[2.438630148405629,48.78983672172998],[2.438638425238824,48.78983561462614],[2.438646734836335,48.789834498688506],[2.438655079980485,48.78983336853461],[2.438663455187017,48.78983222773508],[2.438671863198099,48.789831074504576],[2.43868030945761,48.78982990886972],[2.438688788521652,48.78982873080388],[2.438697303092035,48.78982754211891],[2.438705853209002,48.7898263392177],[2.438714441574465,48.789825123912095],[2.438723065466265,48.78982389618881],[2.438731730328587,48.78982265607439],[2.438740433459501,48.789821401757],[2.43874917483877,48.78982013503516],[2.43875795718843,48.78981885592219],[2.438766783250742,48.7898175626328],[2.438775650303446,48.7898162551537],[2.43878456106868,48.78981493349812],[2.438793515526307,48.7898135994647],[2.438802516438507,48.789812249469534],[2.438811563785145,48.789810885311184],[2.438820657546088,48.78980950878823],[2.438829797781791,48.78980811450494],[2.438838989875864,48.78980670788365],[2.438848231166513,48.78980528351525],[2.438857527057571,48.78980384502355],[2.438866874826982,48.78980239239516],[2.438876274515075,48.789800922033],[2.438885734267541,48.789799435775514],[2.438895248660704,48.78979793179746],[2.438904823118213,48.78979641192404],[2.438914457640256,48.78979487615518],[2.438924152246834,48.78979332269236],[2.438933912401934,48.78979174976361],[2.43894374078755,48.78979016097926],[2.438953631999712,48.789788552715606],[2.438963596926373,48.789786925025815],[2.438973632845673,48.789785277896556],[2.43898374245942,48.78978361313968],[2.438993925807726,48.78978192715804],[2.439004191056596,48.789780219991506],[2.439014538206112,48.78977849164004],[2.439024969958079,48.78977674391547],[2.439035486372817,48.78977497142205],[2.439046095576102,48.78977317779682],[2.439056797608035,48.78977135944262],[2.43906759789246,48.789769518184535],[2.439078501913662,48.78976765045197],[2.439089506929558,48.78976575803023],[2.439100626549926,48.78976384098572],[2.439111858113231,48.78976189390938],[2.43912320974514,48.789759920438215],[2.439134686949935,48.78975791520308],[2.439146295131342,48.78975588182761],[2.439158039793634,48.789753814942664],[2.439169931804726,48.78975171639991],[2.439181973926736,48.78974958261546],[2.439194179769519,48.78974741365572],[2.439206554817429,48.78974520595008],[2.439219109978281,48.78974295775306],[2.439231856140182,48.78974066911777],[2.439244809695234,48.789738334728156],[2.439257978809393,48.789735954623964],[2.439271385318928,48.789733523515736],[2.439285045575705,48.7897310396846],[2.439298978714141,48.7897284960291],[2.439313209231997,48.78972589266877],[2.439327767171727,48.7897232207568],[2.439342685257397,48.78972047505672],[2.439358001677238,48.78971764856015],[2.439373762805376,48.7897147324999],[2.439390028666309,48.78971171457809],[2.439406875636533,48.78970858077788],[2.439424391000346,48.78970531533694],[2.439442708436742,48.789701891927294],[2.439461994348675,48.78969827898457],[2.439482510589483,48.78969442922196],[2.439504655473949,48.78969026364226],[2.439529160042455,48.78968564731399],[2.439557663807689,48.789680266273166],[2.439597968560856,48.789672645898925],[2.43963827066021,48.78966501830305],[2.441070556069259,48.78939390616426],[2.441105693837895,48.78938725658355],[2.441140834259222,48.78938061240099],[2.441165687760292,48.789375923677255],[2.441187049534451,48.78937189965684],[2.441206359871977,48.789368270353265],[2.441224248892132,48.789364918322],[2.441241065829709,48.78936177151715],[2.441257037029894,48.78935879326812],[2.441272312582029,48.78935595013059],[2.441287001565776,48.789353224648764],[2.441301185820815,48.78935060103291],[2.441314930835038,48.789348065212295],[2.44132828840597,48.78934561024442],[2.441341296761795,48.7893432255233],[2.441353994070274,48.789340905838635],[2.441366407611279,48.78933864592727],[2.441378559220834,48.78933644049942],[2.441390473436739,48.7893342860772],[2.441402166631032,48.78933217914292],[2.441413655175642,48.78933011617894],[2.441424952700543,48.78932809545297],[2.441436072855634,48.78932611343408],[2.441447023827046,48.78932416836347],[2.441457821946529,48.78932226032054],[2.441468467254178,48.78932038570826],[2.441478976122092,48.789318541008925],[2.441489348510052,48.789316729819724],[2.441499598088058,48.789314946811125],[2.441509727578159,48.78931319199643],[2.441519739702403,48.78931146538886],[2.441529645368713,48.78930976524281],[2.441539447319055,48.789308089773044],[2.441549148275372,48.78930643899272],[2.441558753701847,48.78930481112987],[2.441568266320318,48.78930320619765],[2.441577694296759,48.789301624235826],[2.441587034909273,48.789300065231195],[2.44159629364176,48.789298525613106],[2.441605473196333,48.789297007193326],[2.441614579036764,48.78929550819983],[2.441623608421335,48.78929403041796],[2.441632569555853,48.78929257029028],[2.441641459718317,48.789291127803544],[2.441650284332858,48.78928970478287],[2.441659046141325,48.78928829944287],[2.441667742421817,48.78928691177034],[2.441676381340197,48.78928554180502],[2.441684960194683,48.78928418773507],[2.441693481707102,48.78928284957378],[2.441701948579466,48.789281529132936],[2.441710360851823,48.78928022281542],[2.441718718504167,48.78927893241983],[2.441727026980543,48.7892776579726],[2.44173528628076,48.789276399473756],[2.441743496445065,48.78927515332618],[2.441751660155351,48.78927392314024],[2.441759774709527,48.78927270710416],[2.441767845551738,48.78927150524438],[2.441775875403907,48.78927031757416],[2.441783858822114,48.78926914406707],[2.441791801270211,48.78926798295096],[2.441799702728297,48.78926683602442],[2.441807563196381,48.789265703287455],[2.441815385436513,48.78926458115619],[2.441823169408474,48.78926347322777],[2.441830915112473,48.78926237950219],[2.441838622588547,48.7892612963823],[2.441846297260519,48.78926022569316],[2.441853933684466,48.7892591674083],[2.441861537304326,48.78925812155422],[2.441869105398295,48.78925708811763],[2.441876640688192,48.78925606711183],[2.441884143194138,48.789255056738234],[2.441891615617942,48.789254058808595],[2.441899055257808,48.78925307151121],[2.441906462093632,48.78925209664461],[2.441913841589462,48.78925113243667],[2.441921188281364,48.78925018065953],[2.441928507633184,48.789249239541114],[2.441935796923014,48.78924830906814],[2.441943058872774,48.78924738925383],[2.441950293482571,48.78924648009826],[2.441957500752412,48.789245581601385],[2.441964680662191,48.78924469556179],[2.441971833251934,48.78924381838236],[2.44197895850184,48.78924295186162],[2.441986061855538,48.789242096026065],[2.441993137869411,48.789241250849294],[2.442000189265174,48.78924041634441],[2.442007216043038,48.78923959251151],[2.442014218222911,48.78923877755201],[2.442021198506705,48.78923797327773],[2.442028154192521,48.78923717787683],[2.442035085260458,48.78923639314791],[2.442041994432333,48.789235619104204],[2.442048884450169,48.78923485396037],[2.44205574712813,48.78923409947531],[2.442062590652062,48.789233353890076],[2.442069415021973,48.78923261720475],[2.442076214773933,48.78923189119145],[2.442082995351978,48.78923117587657],[2.442089754074005,48.78923046764978],[2.442096493622024,48.78922977012146],[2.44210321129413,48.78922908147984],[2.442109909792238,48.78922840353664],[2.44211658915636,48.789227732694805],[2.442123249346594,48.78922707255143],[2.442129890382745,48.78922642130794],[2.442131770680742,48.78922623798153],[2.442336780021777,48.78920977608798],[2.442542782475957,48.789200144279484],[2.442749257217014,48.789197366907715],[2.442955682225191,48.7892014509945],[2.443161535606418,48.78921238621429],[2.443366296911126,48.78923014492006],[2.443569448449469,48.78925468221328],[2.443770476599536,48.78928593605732],[2.443968873105338,48.78932382743423],[2.44416413636125,48.78936826054451],[2.44435577267967,48.789419123049015],[2.444543297538714,48.78947628635306],[2.44472623680679,48.78953960593124],[2.444904127940971,48.789608921692775],[2.4450765211561,48.789684058386065],[2.445242980561743,48.78976482604151],[2.445244482856352,48.78976559412818],[2.445249788194494,48.78976831233762],[2.445255101520222,48.789771046773346],[2.445260425595369,48.78977379385131],[2.445265760399846,48.78977655537008],[2.445271105913972,48.78977933312827],[2.445276462177333,48.789782123528724],[2.445281826428412,48.789784930155406],[2.445287204130893,48.78978775123607],[2.445292592542948,48.78979058855609],[2.445297991704365,48.78979343851841],[2.445303404277627,48.78979630653178],[2.445308827580272,48.78979918898597],[2.445314261612511,48.78980208588094],[2.445319709056414,48.78980500082704],[2.445325169951869,48.78980793022707],[2.44533064155695,48.789810875866465],[2.445336126593707,48.78981383775838],[2.445341627764208,48.78981681771448],[2.445347139664345,48.78981981211143],[2.445352664976194,48.78982282455941],[2.445358203719752,48.7898258532599],[2.445363758597086,48.789828900024624],[2.445369326886259,48.78983196484039],[2.445374911329112,48.78983504592177],[2.445380511905767,48.789838145067364],[2.445386125894286,48.78984126226403],[2.445391756016726,48.789844397524874],[2.445397402253008,48.78984755264846],[2.445403067345278,48.78985072584939],[2.445408745849347,48.78985391710135],[2.445414443189436,48.7898571282292],[2.445420159365556,48.78986035923296],[2.445425891675552,48.78986360830086],[2.445431642801714,48.78986687904324],[2.445437412763938,48.789870169661455],[2.445443204284182,48.789873480168716],[2.445449011898575,48.78987681233723],[2.445454841071112,48.78988016439479],[2.445460691761935,48.78988353993844],[2.445466564010926,48.7898869353711],[2.445472457778226,48.789890354289895],[2.44547837306385,48.789893796694784],[2.445484309887692,48.78989726078723],[2.445490270971918,48.789900746580386],[2.445496256276573,48.7899042576713],[2.445502268523823,48.7899077940732],[2.445508302289463,48.789911353961166],[2.445514363017607,48.78991493736152],[2.445520450668408,48.78991854787136],[2.445526565261862,48.78992218369213],[2.445532709499954,48.789925846635505],[2.445538880680732,48.78992953488977],[2.445545081486502,48.78993325206525],[2.445551311936957,48.78993699636336],[2.445557577436463,48.789940771407416],[2.445563872580793,48.78994457357407],[2.445570200052257,48.78994840647359],[2.445576562572726,48.78995227011908],[2.445582960142422,48.789956164510556],[2.445589395463439,48.78996009145967],[2.445595868535698,48.789964050966496],[2.44560237935932,48.78996804303091],[2.44560892789447,48.78997207125014],[2.445615522327215,48.78997613386496],[2.445622157193589,48.789980232647714],[2.445628835195696,48.789984369410014],[2.445635561757895,48.789988545976726],[2.445642334177935,48.78999276053615],[2.445649157860099,48.78999701671164],[2.445656032804419,48.79000131450323],[2.445662958991148,48.790005655709464],[2.445669944586288,48.79001004036967],[2.445676984086229,48.790014473853354],[2.445684085676853,48.790018954401305],[2.445691249338423,48.79002348381204],[2.445698480475139,48.79002806570895],[2.445705779067267,48.790032701890645],[2.445713150538994,48.79003739418188],[2.445720594890361,48.79004214258265],[2.445728122929852,48.790046954339715],[2.445735731955537,48.790051827641385],[2.44574342735176,48.7900567679096],[2.445751217245014,48.790061778780824],[2.445759104337343,48.79006686206677],[2.445767096735272,48.790072023202455],[2.445775199823375,48.79007726760985],[2.445783421747835,48.790082597126876],[2.445791767873266,48.79008801897403],[2.445800251750142,48.790093538612616],[2.445808878743299,48.7900991632631],[2.445817662383261,48.79010490018535],[2.445826618883089,48.790110760249505],[2.445835759051477,48.79011675070227],[2.445845104505804,48.79012288603716],[2.445854671439114,48.79012917892285],[2.445864492317249,48.79013564750242],[2.445874588717728,48.79014230986647],[2.445885006617239,48.790149193216536],[2.445895783786393,48.790156328311966],[2.445906987858803,48.79016375325055],[2.445918697157554,48.790171524168414],[2.445931022471372,48.79017971534467],[2.44594412322805,48.79018843366875],[2.445958258855139,48.790197851264075],[2.445973894124722,48.79020827974071],[2.445992072071477,48.790220418409874],[2.446017770195956,48.79023759360822],[2.446043460112334,48.79025477415714],[2.44713347983588,48.790983790350296],[2.447162864501272,48.79100344539024],[2.447192240983915,48.79102310398041],[2.447213005193303,48.79103701038674],[2.447230842741754,48.791048967352324],[2.447246953403548,48.79105978105361],[2.447261869618628,48.79106979939524],[2.447275883169054,48.79107922343246],[2.447289177807096,48.791088176358365],[2.447301886001633,48.791096741548714],[2.447314094164772,48.791104982372445],[2.447325872574428,48.79111294413421],[2.447337278017241,48.791120661281795],[2.447348348264935,48.79112816457427],[2.447359121168761,48.79113547757626],[2.447369626492724,48.79114261661903],[2.447379883093079,48.79114959977983],[2.447389918051612,48.79115643977969],[2.447399742137637,48.79116314746235],[2.447409376969034,48.79116973732112],[2.447418830672192,48.79117621299248],[2.447428116738498,48.791182585333296],[2.447437248718796,48.791188859804734],[2.447446231958051,48.79119504542581],[2.447455077324734,48.79120114404758],[2.44746378746142,48.79120716287732],[2.447472375938805,48.79121310557767],[2.447480845419597,48.79121897755744],[2.447489201327848,48.79122478064143],[2.447497449068211,48.791230518452906],[2.44750559402523,48.791236196413834],[2.447513638901155,48.79124181633581],[2.447521589120159,48.79124738004367],[2.447529450106728,48.79125288936212],[2.447537221801273,48.79125834968691],[2.447544909667702,48.79126375924565],[2.447552516368563,48.79126912344713],[2.447560044626036,48.79127444230447],[2.447567494420064,48.791279717616234],[2.447574873877467,48.79128495301884],[2.447582180295786,48.79129014670063],[2.447589419079518,48.79129530228496],[2.44759658748679,48.791300421557295],[2.447603693683746,48.79130550455691],[2.447610737650647,48.79131055308236],[2.447617719367653,48.79131556893225],[2.447624638854435,48.791320550308015],[2.4476315014957,48.79132550263152],[2.447638310033352,48.79133042411731],[2.447645059023308,48.791335314739214],[2.447651756592011,48.79134017813366],[2.447658400017407,48.791345014287536],[2.4476649920216,48.791349823213935],[2.447671535306788,48.79135460672453],[2.447678027150918,48.791359364806276],[2.447684472998025,48.791364097485264],[2.447690870106252,48.791368806547055],[2.447697221178004,48.79137349380327],[2.447703526252666,48.79137815565682],[2.447709787992936,48.791382797516476],[2.447716006418599,48.791387417583664],[2.447722181509932,48.79139201765698],[2.44772831600875,48.791396595950914],[2.447734407173099,48.791401154251],[2.447740457705188,48.79140569436886],[2.44774647034704,48.791410214519004],[2.447752442356697,48.791414716486976],[2.447758379158509,48.79141920209746],[2.447764275347895,48.7914236677272],[2.447770133607271,48.79142811698638],[2.447775956658651,48.79143254988814],[2.447781744502224,48.79143696643242],[2.447787497137874,48.79144136661929],[2.447793211823649,48.7914457522342],[2.447798896745642,48.79145012151783],[2.447804543717732,48.79145447622951],[2.447810158203975,48.79145881459688],[2.447815742886796,48.79146314023011],[2.447821292341807,48.79146745130448],[2.447826809271232,48.79147174963169],[2.447832296416995,48.79147603342621],[2.447837751037248,48.791480304473524],[2.447843175853914,48.791484562786756],[2.447848568145147,48.79148880835277],[2.447853933354804,48.79149304119783],[2.447859266038905,48.79149726129568],[2.447864571621812,48.791501470471125],[2.447869847381378,48.79150566871101],[2.447875093337288,48.79150985421685],[2.447880314914111,48.79151402881337],[2.447885503945422,48.79151819246123],[2.447890668617423,48.79152234340125],[2.447895803426335,48.79152648700284],[2.447900913875815,48.7915306178966],[2.447905997204225,48.791534739666446],[2.447911050709208,48.791538850500864],[2.447916082537281,48.791542952237556],[2.447921084541806,48.79154704303884],[2.447926062147363,48.79155112472929],[2.447931015353739,48.791555197309044],[2.44793594416113,48.791559260778],[2.447940845847382,48.79156331512317],[2.447945723114633,48.791567362156165],[2.447950576002667,48.79157139827985],[2.447955407193825,48.79157542710444],[2.447960211263709,48.79157944680524],[2.4479625471817,48.791581404176796],[2.44809488684111,48.79169714134728],[2.448220089185262,48.79181629498468],[2.448337952373751,48.79193867304873],[2.448448286390507,48.792064078300925],[2.448550913350276,48.79219230862231],[2.44864566778562,48.79232315733913],[2.448732396913885,48.792456413555854],[2.448810960883804,48.79259186249496],[2.448812239080742,48.792594208680555],[2.448814856681345,48.79259902904999],[2.448817474064939,48.79260386920358],[2.448820088529297,48.79260872732967],[2.448822702796417,48.79261360344132],[2.448825314144306,48.7926184975255],[2.448827922572964,48.792623409582156],[2.448830530764965,48.79262834322156],[2.448833138779503,48.79263329304791],[2.44883574383529,48.792638264443944],[2.448838345952093,48.79264325561103],[2.448840950593877,48.792648264776744],[2.448843552276817,48.79265329551208],[2.44884615102078,48.792658346018484],[2.448848752250309,48.79266341812067],[2.448851350521001,48.7926685117925],[2.448853948574827,48.7926736252484],[2.448856546392024,48.79267876028705],[2.448859143972598,48.79268391690837],[2.448861741296787,48.79268909691095],[2.448864338384359,48.79269429849622],[2.44886693249335,48.79269952344969],[2.448869529087935,48.79270476999894],[2.448872125406385,48.792710041727965],[2.448874721488233,48.792715335039716],[2.448877320016059,48.79272065354433],[2.44887991554566,48.7927259972157],[2.448882513521349,48.79273136607996],[2.448885113962791,48.792736758338535],[2.448887711386156,48.79274217756244],[2.448890311255622,48.792747621979196],[2.448892913551431,48.792753093387404],[2.448895515551383,48.792758591773996],[2.448898119977585,48.79276411715204],[2.448900726810284,48.79276967132007],[2.448903333347239,48.79277525246647],[2.448905944993146,48.79278086421451],[2.448908556343218,48.79278650294091],[2.448911170060283,48.792792174054455],[2.448913786183971,48.79279787395804],[2.448916407396873,48.79280360626176],[2.448919028274439,48.79280936914096],[2.448921654241231,48.79281516442037],[2.448924282575046,48.79282099208692],[2.448926915978441,48.792826853952214],[2.448929554451322,48.79283275001623],[2.448932195271485,48.79283868026594],[2.448934841121728,48.79284464831152],[2.448937492041377,48.79285065055586],[2.448940145249149,48.79285669238157],[2.448942806228896,48.79286277021762],[2.448945472199132,48.79286888944669],[2.4489481459215,48.79287504648464],[2.448950824614715,48.792881246714195],[2.448953511040318,48.792887486551216],[2.448956202416928,48.792893771378345],[2.448958901486526,48.79290009941008],[2.448961610931717,48.79290647425663],[2.44896432805016,48.79291289410631],[2.448967052802243,48.79291936255632],[2.448969787910296,48.79292587961967],[2.448972530632253,48.792932447081874],[2.448975286373042,48.79293906856617],[2.448978052430217,48.79294574226095],[2.448980828764276,48.79295247176331],[2.448983618097449,48.792959257086345],[2.448986420370473,48.792966103625695],[2.448989235603024,48.7929730095828],[2.448992066458161,48.79297998036647],[2.4489949129358,48.79298701597665],[2.44899777229398,48.792994118198855],[2.449000649917988,48.79300129245488],[2.449003548529861,48.79300853875774],[2.449006462645762,48.79301586067854],[2.449009397650782,48.793023263639014],[2.449012353545045,48.793030747639136],[2.449015332971665,48.79303831988628],[2.449018335930669,48.793045980380384],[2.449021365065176,48.793053736328794],[2.449024423057924,48.79306159134165],[2.449027507127551,48.793069550801626],[2.449030622639307,48.793077621929065],[2.44903377501792,48.793085806548596],[2.449036961402907,48.79309411723715],[2.449040184476921,48.79310255760487],[2.4490434523079,48.793111136683734],[2.449046762055129,48.793119865252095],[2.449050124508483,48.79312875235495],[2.449053536787948,48.79313781236772],[2.449057009663656,48.79314705613403],[2.449060545640695,48.79315650345111],[2.449064152707723,48.79316617054514],[2.44906783879435,48.79317607903809],[2.449071614473507,48.793186257759125],[2.449075487595509,48.7931967355244],[2.449079476761533,48.793207553792236],[2.449083595069058,48.79321875939051],[2.449087869028905,48.79323041719799],[2.449092324954505,48.793242610079055],[2.449097007858998,48.79325545336362],[2.449101978476348,48.79326911821532],[2.449107334584733,48.79328387310289],[2.449113247813311,48.79330020268802],[2.449120111759408,48.79331920244158],[2.449129804855819,48.79334607589236],[2.449139487054002,48.79337295108863],[2.449634463638473,48.79474705113265],[2.450099611796472,48.7960382839304],[2.450102695078043,48.79604684410478],[2.450109408604396,48.7960654779426],[2.450116135767193,48.796084110046586],[2.450120902685864,48.79609728463772],[2.450125012034264,48.79610860526396],[2.450128735872009,48.79611883405916],[2.45013219575866,48.79612830615524],[2.450135460424222,48.79613720894138],[2.450138572144228,48.796145659532705],[2.450141554532307,48.79615373898171],[2.450144436903253,48.796161504985704],[2.450147226950704,48.7961690007493],[2.450149943356274,48.796176260536406],[2.450152591249192,48.79618331315003],[2.450155181301871,48.79619017842649],[2.450157718761868,48.7961968743775],[2.450160211598838,48.796203419027734],[2.450162659714151,48.79620982137001],[2.450165071117215,48.79621609583194],[2.450167445709412,48.79622225140628],[2.450169791578722,48.796228295326436],[2.450172108646352,48.79623423478662],[2.450174396833511,48.79624007698111],[2.450176661505795,48.79624582913015],[2.450178905346249,48.796251494843915],[2.450181125553689,48.79625708130368],[2.450183330294986,48.796262588548494],[2.450185514046562,48.79626802374655],[2.450187682213764,48.796273390521044],[2.45018983479668,48.796278688871936],[2.450191974438524,48.796283926006545],[2.450194098417087,48.796289101911825],[2.450196212117906,48.79629422200952],[2.450198312838285,48.796299284488036],[2.450200403241467,48.7963042947561],[2.450202403766393,48.79630905997679],[2.450268889128736,48.79645508948354],[2.450344642853941,48.79659913535764],[2.450429530060838,48.796740940971695],[2.450432434037919,48.79674550006607],[2.450435493430172,48.79675028653443],[2.450438598591107,48.796755119986685],[2.450441744056189,48.796760002195285],[2.450444935270288,48.796764933186395],[2.450448172174103,48.796769918355594],[2.450451454767859,48.79677495770287],[2.450454791159533,48.79678005666306],[2.450458178626728,48.79678521522307],[2.450461619832776,48.79679043879162],[2.450465117460721,48.79679573097881],[2.450468674193404,48.79680109539486],[2.450472295436402,48.796806535662874],[2.450475983833151,48.796812058990156],[2.450479742086514,48.79681766718821],[2.450483572820227,48.7968233692629],[2.450487484122695,48.796829172447524],[2.450491481379708,48.79683508216383],[2.450495569917845,48.79684110922919],[2.450499757805722,48.796847262675456],[2.450504050330522,48.79685355691715],[2.450508460966328,48.796860004609314],[2.450513003147829,48.79686662200406],[2.45051768480575,48.796873430723195],[2.450522530165807,48.79688045606375],[2.450527557949968,48.79688772869237],[2.450532800373654,48.796895290132184],[2.450538289514604,48.79690319449625],[2.450544084457783,48.796911515812006],[2.450550260208554,48.796920365954726],[2.450556937402952,48.7969299163736],[2.450564338571441,48.796940481098794],[2.450572959613338,48.796952769373355],[2.450585170416935,48.79697014342562],[2.450597389435607,48.796987513918424],[2.451049961919603,48.79763071805785],[2.451063964094211,48.79765061693447],[2.45107797722868,48.79767051046562],[2.451087896807491,48.79768457478035],[2.451096433212248,48.797696659360895],[2.451104157440949,48.797707578129184],[2.451111324245568,48.79771768663757],[2.45111807026493,48.79772718698832],[2.451124483980517,48.79773620371149],[2.451130627082824,48.79774482163859],[2.451136545144294,48.797753105739055],[2.451142267639066,48.79776109932139],[2.451147821358314,48.79776884208404],[2.451153227805752,48.79777635931095],[2.45115850302058,48.79778367805861],[2.45116365771536,48.79779081456604],[2.451168708027643,48.797797786896965],[2.451173661987007,48.79780460768035],[2.451178524880675,48.79781129133068],[2.451183307519669,48.79781784509423],[2.451188015230697,48.797824279788394],[2.451192653360054,48.797830604432],[2.451197227313286,48.797836822648165],[2.451201742436801,48.79784294345573],[2.451206198671609,48.79784897225041],[2.451210604145454,48.79785491266831],[2.451214958799251,48.79786077010514],[2.451219270761056,48.79786654819703],[2.451223534526821,48.79787225231366],[2.451227760966571,48.7978778843056],[2.451231944576466,48.7978834495426],[2.45123609352363,48.797888948063566],[2.451240207768876,48.797894383465724],[2.451244287272619,48.797899759346166],[2.451248337440447,48.79790507932797],[2.45125235556963,48.797910341599646],[2.451256347065558,48.7979155497843],[2.451260309166568,48.79792070746608],[2.451264247297631,48.79792581646951],[2.451268158756123,48.79793087498307],[2.451272046205374,48.79793588841539],[2.451275912387535,48.79794085498099],[2.451279754520963,48.79794578006253],[2.451283578070399,48.79795066188737],[2.451287380293661,48.79795550224123],[2.451291163913122,48.797960301136975],[2.451294928889412,48.79796506217182],[2.451298677944905,48.79796978535869],[2.451302408337623,48.79797447248323],[2.451306122789944,48.79797912355839],[2.451309821301752,48.797983738584186],[2.451313506575952,48.79798831937215],[2.451317175870262,48.7979928677079],[2.451320829184772,48.79799738359142],[2.451324471964354,48.798001867048704],[2.451328101486506,48.79800631806672],[2.451331717711863,48.798010740242674],[2.45133532336291,48.79801513358949],[2.451338915736921,48.79801949629563],[2.451342500258996,48.79802383018568],[2.451346071464562,48.798028137032155],[2.451349632076106,48.79803241684812],[2.451353184835687,48.79803666784798],[2.451356724259159,48.79804089360288],[2.451360258513696,48.79804509415176],[2.451363782154501,48.79804926946869],[2.451367297904064,48.79805341956662],[2.451370805762274,48.79805754444557],[2.451374302987055,48.79806164589116],[2.451377795042865,48.7980657221307],[2.451381279168154,48.79806977674845],[2.451384755382287,48.79807380794578],[2.451388226388182,48.79807781753423],[2.45139168948311,48.79808180370229],[2.451395147369786,48.7980857682615],[2.451398597306034,48.798089712997445],[2.451402044776088,48.79809363433895],[2.451405484295804,48.79809753585718],[2.451408918587572,48.79810141756512],[2.451412347670958,48.79810527766423],[2.451415771506813,48.79810911975161],[2.451419190134276,48.79811294023015],[2.45141958283173,48.798113379178346],[2.451522578969811,48.798222269790486],[2.451633257164936,48.79832781969241],[2.451751369644285,48.798429792546536],[2.451876651984047,48.79852796002327],[2.452008823701282,48.79862210231242],[2.452147588881781,48.7987120086155],[2.45229263684254,48.798797477617974],[2.452443642827368,48.79887831794007],[2.452600268734055,48.79895434856558],[2.452762163871476,48.79902539924729],[2.452928965744942,48.799091310888286],[2.453100300868044,48.79915193589845],[2.453100989914017,48.799152165808465],[2.453106987885763,48.79915416568093],[2.453113018527944,48.79915616570861],[2.453119079098698,48.79915816767704],[2.453125169578317,48.79916017338484],[2.453131292728585,48.79916217924776],[2.453137445787626,48.79916418884999],[2.453143631497712,48.799166200405956],[2.453149849839238,48.79916821571418],[2.453156103554175,48.79917023298902],[2.453162389920171,48.799172252217566],[2.45316871164018,48.799174275211335],[2.453175065991445,48.79917630195731],[2.4531814584389,48.79917833068292],[2.45318788624018,48.799180363173676],[2.453194349395494,48.79918239942965],[2.453200853349758,48.79918443947666],[2.453207392638357,48.79918648508744],[2.453213972745529,48.79918853269068],[2.453220590909504,48.79919058587064],[2.453227249872557,48.799192642841604],[2.453233949614983,48.79919470540221],[2.453240692878957,48.79919677176684],[2.453247479644878,48.79919884373397],[2.453254309912651,48.79920092130367],[2.453261183682386,48.79920300447589],[2.453268103676547,48.7992050932636],[2.453275069895244,48.79920718766675],[2.453282085041233,48.79920928949692],[2.453289149114625,48.799211398754025],[2.453296262135036,48.799213513639565],[2.453303426805428,48.799215635964984],[2.453310645848164,48.799217765743265],[2.453317916521295,48.79921990475999],[2.453325244289351,48.79922205124248],[2.453332626429886,48.79922420517778],[2.453340068348717,48.799226370188926],[2.45334757278802,48.799228544490305],[2.453355137025147,48.79923072806891],[2.453362763782772,48.799232920937705],[2.453370458466718,48.79923512671968],[2.453378218374041,48.79923734360335],[2.453386048949777,48.799239571614585],[2.453393952896895,48.79924181256484],[2.453401927492852,48.79924406644121],[2.453409983608101,48.79924633509403],[2.453418115817342,48.799248616698826],[2.453426334971327,48.799250914904455],[2.453434635625058,48.799253229685036],[2.453443028688296,48.79925555929382],[2.453451514102259,48.79925790912642],[2.45346009460893,48.79926027739722],[2.453468778376116,48.79926266414505],[2.4534775680869,48.79926507297994],[2.453486466464073,48.79926750391483],[2.453495481655444,48.799269958787086],[2.453504619086466,48.79927243942118],[2.453513886905259,48.79927494765444],[2.453523287834217,48.7992774834998],[2.45353283272443,48.79928005060613],[2.453542532446182,48.79928265082376],[2.453552392425149,48.79928528597709],[2.453562426234588,48.799287959727984],[2.453572644745206,48.79929067392667],[2.453583061510679,48.79929343403353],[2.453593695549718,48.799296243736286],[2.453604563158072,48.79929910670968],[2.45361568603764,48.7993020302514],[2.453627091374549,48.799305018088006],[2.453638806296054,48.799308079341614],[2.453650868799988,48.79931122498478],[2.453663325071392,48.79931446423019],[2.453676232126304,48.799317811738085],[2.453689657832177,48.799321285817484],[2.453703705370568,48.79932491213991],[2.453718502327931,48.79932872548614],[2.453734249661518,48.799332773576204],[2.453751254154635,48.799337137008926],[2.453770077861112,48.79934195695183],[2.453791980563911,48.799347557754174],[2.453822965441164,48.79935546622737],[2.453853950386847,48.79936336929649],[2.455428563067061,48.79976484299714],[2.455466252277594,48.79977445374645],[2.455503935979485,48.79978407165182],[2.455530579763562,48.799790879899014],[2.455553476557316,48.79979673868394],[2.455574163140308,48.79980204020182],[2.45559331831216,48.799806956743254],[2.455611322174147,48.79981158723715],[2.455628410981871,48.799815988561484],[2.455644750341599,48.799820204668904],[2.455660451565073,48.79982426486549],[2.455675609687333,48.79982819298415],[2.455690289893077,48.79983200372318],[2.45570454917995,48.799835713540595],[2.455718428268742,48.7998393334213],[2.455731967899991,48.79984287255174],[2.455745197963026,48.79984633646954],[2.455758142862969,48.799849734283676],[2.455770824302188,48.799853073291615],[2.455783266783323,48.7998563536095],[2.45579548382157,48.799859584294715],[2.455807489010102,48.799862767210364],[2.455819298664491,48.79986590423238],[2.455830926319477,48.79986900261958],[2.455842377439502,48.799872060599235],[2.455853665598351,48.79987508183297],[2.455864796182413,48.799878071742306],[2.455875780101334,48.799881028580295],[2.455886622780844,48.79988395417136],[2.455897332349253,48.79988685215125],[2.455907914232302,48.799889724344446],[2.455918373874941,48.79989257077671],[2.455928716702814,48.79989539327244],[2.455938945438279,48.799898191844505],[2.455949068210171,48.79990097012883],[2.45595908503777,48.79990372632677],[2.455969004049812,48.799906464074226],[2.455978825265681,48.79990918157262],[2.45598855409142,48.7999118824449],[2.455998193249706,48.79991456670395],[2.456007745482417,48.79991723256415],[2.456017213453599,48.79991988543412],[2.456026599924746,48.799922521729556],[2.456035910321623,48.7999251432749],[2.456045139179407,48.79992775184291],[2.456054297388368,48.799930347485166],[2.45606338222589,48.79993293018884],[2.456072396395045,48.79993550176532],[2.456081342637821,48.79993806042903],[2.456090223657293,48.79994060799136],[2.456099036730948,48.799943144439474],[2.456107790006757,48.799945671610615],[2.45611647803981,48.799948189479046],[2.456125109017094,48.79995069628482],[2.45613368019659,48.79995319381365],[2.456142194281279,48.79995568387703],[2.456150651290855,48.799958164676326],[2.456159053947601,48.799960636224554],[2.456167402212598,48.79996310211877],[2.456175698847442,48.79996555877473],[2.456183943813013,48.79996800978964],[2.456192139871011,48.79997045157919],[2.456200286982313,48.79997288774061],[2.456208382424413,48.79997531826095],[2.456216434384301,48.79997774138034],[2.456224437417068,48.79998015707303],[2.456232394206201,48.79998256894901],[2.456240307493692,48.79998497522263],[2.456248177279533,48.7999873758939],[2.456248264128346,48.799987401486],[2.456442995500765,48.80004938826014],[2.456634660765401,48.800115414267815],[2.456823068000789,48.800185413398964],[2.457008028545326,48.800259315565064],[2.457008109852396,48.80025935012368],[2.457015450012993,48.80026239215783],[2.457022822592324,48.80026545772717],[2.457030227609573,48.80026854503317],[2.457037665064959,48.800271654075814],[2.457045134958497,48.800274784855084],[2.45705263727063,48.80027793916956],[2.457060174743463,48.800281115233496],[2.457067750060689,48.80028431665695],[2.457075360519178,48.80028754162842],[2.457083006119049,48.800290790147905],[2.457090692285783,48.800294064039704],[2.457098419019501,48.800297363303784],[2.457106183597804,48.800300687927326],[2.457113988723559,48.800304039721695],[2.457121839842023,48.80030741871262],[2.457129731508183,48.80031082487441],[2.457137669167096,48.80031425823272],[2.457145652779949,48.800317722384705],[2.457153685108119,48.80032121374606],[2.457161766112794,48.80032473591396],[2.45716989851652,48.80032828890116],[2.457178079596801,48.80033187269487],[2.457186317501958,48.80033548913218],[2.457194609489828,48.80033913999879],[2.457202961025252,48.80034282352187],[2.457211369366068,48.80034654148711],[2.457219839938084,48.80035029571872],[2.457228372741231,48.80035408621674],[2.457236973181753,48.800357916603986],[2.457245638556731,48.80036178506902],[2.457254377014399,48.80036569344896],[2.457263188535228,48.80036964354241],[2.45727207854504,48.800373637173536],[2.457281044321354,48.80037767432952],[2.457290096715372,48.80038175865887],[2.457299232985358,48.80038589194732],[2.457308461318388,48.80039007243484],[2.457317781656225,48.80039430551704],[2.457327202147129,48.800398593031105],[2.457336728216942,48.80040293680125],[2.457346359846059,48.800407338626044],[2.457356107886119,48.80041180215396],[2.457365977762874,48.80041632920929],[2.457375974863062,48.800420925213395],[2.4573861100577,48.80042559201619],[2.457396386030573,48.80043033322766],[2.457406816336115,48.80043515430772],[2.457417409084022,48.80044006069057],[2.457428177848104,48.80044505603758],[2.457439133421789,48.80045014939291],[2.457450294824163,48.800455344443634],[2.45746167282892,48.80046065203252],[2.457473291861722,48.800466079469345],[2.457485173567152,48.80047163944685],[2.457497345054531,48.80047734288486],[2.457509836077709,48.800483207910325],[2.457522687320306,48.80048924910437],[2.45753594751653,48.80049549187812],[2.457549673549088,48.80050196347976],[2.45756394396487,48.80050870205163],[2.457578858994136,48.80051575483171],[2.457594562214685,48.800523189047546],[2.457611262215864,48.80053110281075],[2.457629281274481,48.800539655923565],[2.457649218127053,48.80054912460664],[2.457672402699896,48.80056015006043],[2.457705181695687,48.80057575159772],[2.45773795248583,48.800591358482805],[2.458292314815838,48.80085538591293],[2.45833216407966,48.80087436429631],[2.458372018896442,48.80089333549722],[2.458400206974921,48.80090674242087],[2.458424445688941,48.800918261923094],[2.458446354916856,48.80092866426977],[2.458466652456554,48.80093829458917],[2.458485739251914,48.800947340032884],[2.458503869925411,48.80095592231119],[2.458521212404139,48.800964123155254],[2.458537894009055,48.80097200252088],[2.458554004139022,48.800979602198744],[2.458569618618789,48.800986960318],[2.458584797073501,48.80099410234093],[2.458599580089498,48.801001051841475],[2.458614013756748,48.801007827023454],[2.458628125145702,48.801014442403755],[2.458641946791579,48.80102091072635],[2.458655497597031,48.801027246469616],[2.458668802007126,48.80103345514479],[2.458681876221527,48.80103954941884],[2.458694736517471,48.80104553476445],[2.458707396430243,48.80105141844009],[2.458719869514452,48.801057205905664],[2.458732166602164,48.80106290260817],[2.45874429852556,48.80106851399466],[2.45875627341358,48.80107404370081],[2.458768099375662,48.80107949716081],[2.458779784560076,48.801084876211696],[2.458791337076377,48.80109018628772],[2.458802762369801,48.801095427414566],[2.458814065827156,48.80110060501358],[2.458825255616347,48.80110571912324],[2.45883633167887,48.80111077513934],[2.458847304885897,48.8011157749117],[2.458858172514596,48.801120718427555],[2.458868945436045,48.80112560753677],[2.458879623592063,48.80113044763506],[2.458890209724356,48.80113523693674],[2.458900711981556,48.801139977278766],[2.458911130324695,48.80114467225841],[2.458921464753721,48.80114932187561],[2.458931723436376,48.80115392616888],[2.458941906314601,48.801158490533915],[2.45895201614952,48.801163011386436],[2.458962055625149,48.801167492336425],[2.458972027444504,48.80117193519523],[2.458981931626948,48.80117633816436],[2.458991770856301,48.80118070485372],[2.459001550577757,48.801185035289016],[2.459011268068612,48.80118932945741],[2.459020926012795,48.80119359096889],[2.459030527171539,48.801197816239146],[2.459040074228674,48.801202008878164],[2.459049564442202,48.80120617067162],[2.459059005999293,48.80121029985949],[2.45906839345468,48.80121439641615],[2.45907773221477,48.80121846396433],[2.459087022279535,48.801222502504054],[2.459096263668445,48.801226510236816],[2.459105459065142,48.801230490772525],[2.45911461121167,48.80123444232544],[2.459123717385533,48.80123836488279],[2.459132782992946,48.801242262067305],[2.459141802608045,48.80124613205481],[2.459150784379418,48.801249976682364],[2.459159725603769,48.80125379413856],[2.45916862624228,48.80125758802052],[2.459177489056294,48.801261354743964],[2.459186314007096,48.80126509790603],[2.459195103817135,48.80126881751952],[2.45920385576392,48.80127251357162],[2.459212575311968,48.80127618428946],[2.459221256977327,48.8012798332445],[2.45922990620512,48.80128346046239],[2.459238523014722,48.80128706414457],[2.459247107406216,48.80129064429102],[2.459255659340695,48.80129420449894],[2.459264181560308,48.80129774298249],[2.459272671342265,48.80130125972895],[2.459281131389726,48.80130475654968],[2.459289561722271,48.8013082316461],[2.459297962320389,48.801311686816774],[2.459303554648883,48.80131398123232],[2.459552714354604,48.801412451345115],[2.459806618829199,48.80150548275531],[2.460064996122742,48.80159297581038],[2.460327569489677,48.80167483678981],[2.460594057685454,48.80175097800557],[2.460864175268003,48.80182131789616],[2.461137632903701,48.801885781114066],[2.461414137677558,48.80194429860657],[2.461693393407245,48.80199680768968],[2.46197510096062,48.802043252115546],[2.462258958576476,48.802083582132525],[2.462544662188077,48.80211775453876],[2.462551159443839,48.802118457621425],[2.462560928509027,48.80211950875584],[2.462570738453247,48.80212055648329],[2.462580591979842,48.80212160261509],[2.462590486385573,48.80212264533984],[2.462600427115675,48.80212368468312],[2.462610414150976,48.80212472244338],[2.462620444768659,48.802125758607914],[2.46263052172999,48.80212678959233],[2.462640647719243,48.802127819006465],[2.4626508200135,48.802128846837526],[2.462661044058302,48.80212987311106],[2.462671314446755,48.80213089420439],[2.462681636566485,48.802131915538695],[2.462692010455935,48.80213293351678],[2.462702438818555,48.802133949949976],[2.462712918950899,48.802134963026965],[2.462723456279035,48.80213597457174],[2.462734048080449,48.80213698457154],[2.462744694355042,48.80213799302641],[2.462755403270772,48.80213899997448],[2.462766169401574,48.80214000359171],[2.462776995431733,48.80214100748793],[2.462787884122306,48.802142008078754],[2.462798835454027,48.8021430071627],[2.462809854853073,48.80214400656381],[2.462820936912641,48.802145002659415],[2.46283208703954,48.80214599907215],[2.462843307975557,48.80214699401611],[2.46285460244362,48.80214798750405],[2.462865964998087,48.802148979510406],[2.462877406510681,48.802149971884724],[2.46288892155523,48.802150962802884],[2.462900518280432,48.80215195410168],[2.462912193982836,48.80215294396971],[2.462923954088724,48.80215393423106],[2.462935798598001,48.80215492488563],[2.462947732975173,48.802155914160316],[2.462959754478464,48.802156903840896],[2.462971871256581,48.802157895764104],[2.46298408607077,48.80215888634554],[2.462996396179057,48.802159877370904],[2.46300881245287,48.802160870689704],[2.463021332188855,48.80216186449064],[2.463033963554981,48.80216285881176],[2.463046706532096,48.8021638554517],[2.463059566565452,48.802164854435745],[2.463072549100396,48.802165855789376],[2.463085659601638,48.802166857739444],[2.463098898030674,48.80216786388296],[2.463112275297454,48.80216887247225],[2.463125796828075,48.802169885331224],[2.463139465364425,48.802170900674014],[2.463153289055323,48.802171920337294],[2.463167278772214,48.802172946170465],[2.463181434534468,48.80217397637487],[2.463195772678125,48.80217501102675],[2.463210298609939,48.802176053748624],[2.463225023239866,48.80217710279269],[2.46323995745881,48.8021781582098],[2.463255114841596,48.80217922366056],[2.463270509020807,48.802180297409826],[2.463286156313244,48.80218138133249],[2.463302070332546,48.802182475491904],[2.463318272821413,48.802183583586896],[2.463334788283976,48.80218470573172],[2.463351638501847,48.80218584202797],[2.463368856108633,48.8021869962252],[2.463386471034474,48.802188170261665],[2.463404526842376,48.80218936434057],[2.463423069760031,48.80219058407354],[2.463442156925287,48.802191833324386],[2.463461859108657,48.80219311422192],[2.463482268823459,48.8021944325937],[2.46350349762245,48.802195796154756],[2.463525697860478,48.802197216407784],[2.463549081810167,48.80219870333635],[2.463573959664521,48.80220027637423],[2.463600818456155,48.80220196837083],[2.463630542536125,48.802203832016],[2.463665126416033,48.80220598993114],[2.463714036445941,48.802209033078775],[2.463762946577946,48.80221206721283],[2.464440655374848,48.802254092837],[2.464490792774683,48.80225720252775],[2.464540932826646,48.80226031940352],[2.46457638476291,48.80226253324966],[2.464606854488048,48.802264441485036],[2.464634390873997,48.802266175966906],[2.464659891905978,48.802267787645576],[2.464683866379228,48.80226931126825],[2.464706624506563,48.802270764468645],[2.464728386690379,48.80227216086473],[2.46474930800838,48.80227351197119],[2.464769505478119,48.80227482372953],[2.464789074335757,48.8022761019796],[2.464808082609897,48.80227735063586],[2.464826592883706,48.80227857358733],[2.46484465142349,48.80227977284831],[2.464862299011824,48.80228095400496],[2.464879573766347,48.80228211723492],[2.464896505617327,48.80228326447636],[2.464913116326853,48.80228439762943],[2.464929430399038,48.8022855168084],[2.464945469596183,48.802286623913346],[2.464961250216048,48.802287722617564],[2.464976791336389,48.802288811211284],[2.464992101125367,48.8022898897327],[2.46500719588065,48.80229096185506],[2.465022086512119,48.80229202583057],[2.465036786614007,48.80229308352127],[2.465051298909026,48.802294134939835],[2.46506563971384,48.802295181961064],[2.465079811770551,48.80229622279904],[2.465093825931488,48.80229726110166],[2.465107687680262,48.802298293297206],[2.465121399701119,48.80229932299554],[2.465134975626877,48.80230034846152],[2.465148415438141,48.80230137149373],[2.465161724580356,48.802302392117575],[2.465174908498871,48.80230341035846],[2.465187972619854,48.80230442804029],[2.465200922427015,48.80230544159136],[2.465213757882085,48.80230645460885],[2.465226487152839,48.80230746713074],[2.465239107536026,48.80230847734588],[2.465251629903174,48.80230948710358],[2.465264051531446,48.80231049639113],[2.465276377866294,48.80231150523391],[2.465288611630443,48.80231251364467],[2.465300755546414,48.8023135216361],[2.465312812317857,48.802314531019405],[2.465324784705849,48.802315538210195],[2.465336672671829,48.802316546805635],[2.465348478938625,48.80231755681838],[2.465360208970665,48.80231856647522],[2.465371860045418,48.80231957576358],[2.465383437588962,48.8023205865073],[2.465394941601395,48.80232159870647],[2.46540637480524,48.80232261237375],[2.4654177399424,48.80232362572322],[2.465429034251996,48.80232464233942],[2.465440263217527,48.80232565865056],[2.46545142681992,48.80232667645523],[2.465462527781901,48.80232769576607],[2.465473566103368,48.80232871658314],[2.465484544487875,48.80232974071769],[2.465495462973764,48.80233076457258],[2.465506321522691,48.80233179174498],[2.465517125618354,48.80233281866307],[2.465527869777049,48.80233384889872],[2.465538562186037,48.80233488069132],[2.465549200103416,48.80233591582684],[2.465559783548251,48.80233695250666],[2.465570315243474,48.8023379907435],[2.465580797911611,48.80233903055004],[2.465591228810763,48.802340073712166],[2.465601610663759,48.80234112024261],[2.465611943489563,48.80234216834279],[2.465622230011108,48.802343218025385],[2.465632467486393,48.802344271076265],[2.465642661379843,48.80234532572224],[2.465652808949863,48.80234638374924],[2.465662912918983,48.80234744516989],[2.465672973306364,48.80234850818571],[2.465682987370212,48.80234957458256],[2.465692963278518,48.80235064439838],[2.465702895605183,48.80235171580943],[2.465712784330943,48.80235279061422],[2.465722634920321,48.80235386703947],[2.465732447334992,48.80235494868234],[2.46574221889075,48.80235603193314],[2.46575194956823,48.802357118590336],[2.465761644832057,48.80235820688074],[2.465771299198544,48.80235930037613],[2.465780918151377,48.802360395504756],[2.465790501671292,48.802361494065195],[2.46580004703576,48.80236259604473],[2.465809559690143,48.802363701468764],[2.465819034188976,48.802364810311936],[2.465828473254891,48.80236592258691],[2.465837879629979,48.80236703650785],[2.465847253275622,48.80236815567183],[2.465856591507704,48.80236927646912],[2.465860934274958,48.802369800276864],[2.466152431741517,48.802408653033865],[2.466441603012683,48.802454468162814],[2.466728067165801,48.80250718531287],[2.467011446840858,48.80256673504111],[2.467291368737166,48.80263303890404],[2.467567464104702,48.80270600956073],[2.46783936922949,48.8027855508878],[2.468106725912378,48.802871558105956],[2.468369181940576,48.80296391791783],[2.468626391551354,48.803062508657156],[2.468878015887269,48.80316720044891],[2.469123723442356,48.80327785538018],[2.469363190498627,48.80339432768175],[2.469596101552418,48.803516463919976],[2.469822149729903,48.803644103198785],[2.470041037191308,48.803777077371315],[2.470252475523273,48.80391521126148],[2.470456186118824,48.80405832289442],[2.470651900544484,48.80420622373615],[2.470839360894019,48.80435871894172],[2.471018320128383,48.80451560761172],[2.471188542401347,48.80467668305693],[2.471349803370472,48.80484173307023],[2.471501890492942,48.80501054020627],[2.471644603305914,48.805182882067534],[2.471646650992661,48.805185465351535],[2.47165104448991,48.80519102359738],[2.471655443206403,48.80519660345086],[2.471659847123199,48.80520220671053],[2.471664256259356,48.80520783157783],[2.471668673318618,48.80521347986388],[2.471673095597157,48.80521914975753],[2.47167752305708,48.805224844855935],[2.471681955717346,48.80523056336055],[2.471686396300852,48.80523630528386],[2.471690842065768,48.80524207241193],[2.471695295734993,48.80524786475729],[2.471699754604493,48.80525368050884],[2.471704221359473,48.805259523276206],[2.471708696018689,48.80526539126084],[2.471713178582149,48.805271284462776],[2.471717669031018,48.805277204680515],[2.471722167365305,48.80528315191413],[2.471726673585019,48.80528912616356],[2.471731190412965,48.8052951274413],[2.471735712384416,48.80530115752095],[2.471740247668168,48.805307216440006],[2.471744788114394,48.805313302362364],[2.471749341853996,48.805319418922736],[2.471753903441095,48.805325566096066],[2.471758475617545,48.805331742096264],[2.471763058364411,48.80533794872196],[2.471767651662861,48.80534418777168],[2.471772258254547,48.805350457459376],[2.471776872674945,48.805356759558556],[2.47178150307361,48.805363095905406],[2.471786144023812,48.805369464676204],[2.471790795506716,48.805375867669646],[2.471795462967932,48.805382304910694],[2.471800140942834,48.80538877817288],[2.471804834877132,48.80539528748125],[2.471809544770945,48.80540183283579],[2.471814265159443,48.80540841601003],[2.471819004211443,48.80541503704151],[2.47182375648106,48.805421695905224],[2.471828527376223,48.80542839622332],[2.471833314192996,48.80543513618466],[2.471838116912553,48.805441917587885],[2.471842938238768,48.805448742244025],[2.471847778190506,48.80545560835454],[2.471852636711056,48.80546252131509],[2.471857516561127,48.80546947754108],[2.471862414980155,48.80547648061713],[2.471867334690762,48.80548353055571],[2.471872278397132,48.80549062916794],[2.47187724063444,48.80549777822733],[2.471882229571421,48.805504977771406],[2.471887242466256,48.80551222958626],[2.471892279299926,48.805519535470395],[2.471897342795467,48.80552689543637],[2.471902430192117,48.80553431306876],[2.471907549639581,48.805541790203705],[2.471912695692078,48.80554932681612],[2.471917873776411,48.805556924729636],[2.471923083854935,48.80556458754135],[2.471928323204573,48.80557231523877],[2.471933599956103,48.805580111456514],[2.471938911367919,48.80558797798065],[2.471944260124987,48.80559591842086],[2.471949646227245,48.80560393277706],[2.47195507235977,48.80561202465893],[2.471960541188695,48.805620199474646],[2.471966055436881,48.805628457236736],[2.471971615047662,48.80563680334088],[2.471977225447771,48.80564523961061],[2.471982883857638,48.80565377142916],[2.47198859840798,48.805662402431174],[2.471994369061084,48.805671136213725],[2.472000198463975,48.805679979983616],[2.472006092024778,48.80568893736298],[2.472012049667713,48.80569801554604],[2.472018082227508,48.80570721997854],[2.472024186905686,48.80571655784219],[2.472030374518051,48.80572603638129],[2.472036647692836,48.80573566460115],[2.472043011762362,48.80574545331817],[2.472049474781679,48.8057554133612],[2.472056042083029,48.80576555554668],[2.472062727129457,48.80577589432563],[2.472069537919353,48.805786445922585],[2.472076485155008,48.80579722837325],[2.472083582223688,48.80580826332288],[2.472090845197838,48.80581957602641],[2.472098292834892,48.80583119534838],[2.472105949224463,48.80584316096969],[2.472113843901761,48.805855512596295],[2.472122006213232,48.80586830791981],[2.472130487117489,48.80588162091889],[2.472139345515154,48.80589554719253],[2.472148664452812,48.805910216624916],[2.472158567139217,48.80592582403614],[2.472169249089591,48.805942679691945],[2.472181055783286,48.8059613337674],[2.47219478003945,48.80598303996566],[2.47221417152765,48.80601374206113],[2.472233554852065,48.806044445914225],[2.47235539118945,48.80623746999627],[2.472942197467096,48.80716712425787],[2.473202941494355,48.80758019631441],[2.473222666159849,48.80761144294802],[2.473242377197335,48.80764269311285],[2.473256305200628,48.807664792215554],[2.473268264286384,48.807683792211265],[2.473279063488949,48.807700963058316],[2.47328905358419,48.80771687114089],[2.47329843552542,48.8077318285467],[2.473307329786615,48.80774603188089],[2.473315827550292,48.807759614661585],[2.473323987644612,48.80777267968153],[2.473331852937942,48.807785293687296],[2.47333946633623,48.80779751982837],[2.47334684920746,48.80780939777297],[2.473354031069671,48.807820969025414],[2.473361025254296,48.80783226062658],[2.473367853261392,48.80784329965476],[2.473374525737313,48.80785410954128],[2.473381056145513,48.807864704736986],[2.473387455170173,48.80787510507602],[2.473393728105992,48.80788532497195],[2.473399885750115,48.80789537346744],[2.473405936120511,48.807905264988484],[2.473411881864442,48.80791500674182],[2.473417731037369,48.807924609556316],[2.473423489009714,48.807934080651094],[2.473429158428763,48.80794342723301],[2.473434744664749,48.80795265652125],[2.473440250403053,48.80796177212541],[2.473445680994932,48.80797078306323],[2.473451039125579,48.80797969294445],[2.473456327499074,48.807988503579985],[2.473461548743856,48.807997223975235],[2.473466705564118,48.80800585594122],[2.473471797940711,48.80801440127648],[2.473476831244114,48.80802286720027],[2.473481805474377,48.808031253712564],[2.473486726039455,48.80803956443548],[2.473491587455644,48.80804780294119],[2.473496400577197,48.808055972876716],[2.473501159957882,48.80806407421714],[2.473505868283131,48.80807211057202],[2.47351052823787,48.80808008555102],[2.473515142564093,48.80808799736805],[2.473519711186222,48.80809585321736],[2.473524234141988,48.8081036495018],[2.473528714097647,48.808111391629566],[2.473533148330118,48.808119079588195],[2.473537544989624,48.808126715213675],[2.473541898592372,48.8081343020782],[2.47354621188006,48.808141838395656],[2.473550487537937,48.80814932777567],[2.473554722843027,48.80815677020575],[2.473558923222415,48.808164167509425],[2.473559201278604,48.80816465801597],[2.473682859561006,48.808392595495015],[2.473796707988749,48.80862275197809],[2.473900655331171,48.80885494330696],[2.473994618276323,48.809088983692725],[2.474078521498058,48.809324685864325],[2.47415229771671,48.809561861218334],[2.474152444814572,48.80956237630525],[2.474154680877669,48.809570136918595],[2.474156919117578,48.8095779497027],[2.474159162257335,48.809585814669994],[2.474161410259225,48.80959373541765],[2.474163660418991,48.80960171013462],[2.474165918145276,48.809609742442966],[2.474168177991632,48.80961783231777],[2.474170445347942,48.80962598517961],[2.474172720251739,48.809634197431336],[2.474174999904561,48.80964247625485],[2.47417728704841,48.80965081986392],[2.474179581645476,48.809659231855775],[2.474181883677011,48.80966771402893],[2.474184195828336,48.809676269992956],[2.474186515376437,48.809684899735444],[2.474188844987774,48.80969360866448],[2.474191184662365,48.8097023967801],[2.474193537066777,48.80971126949045],[2.474195899459134,48.80972022858163],[2.474198277247698,48.80972927767568],[2.474200664929941,48.80973842214341],[2.47420306793299,48.80974766380824],[2.474205488942485,48.80975700627979],[2.474207922436633,48.809766456727345],[2.474210376547148,48.809776018785506],[2.474212848494341,48.80978569783742],[2.474215338202696,48.80979550107734],[2.474217853803939,48.809805432139804],[2.474220389776385,48.80981549819415],[2.474222951453187,48.80982571005665],[2.474225538758843,48.80983607492157],[2.474228157045376,48.80984660180661],[2.474230806218429,48.809857299704625],[2.474233491573461,48.80986818302901],[2.474236210255361,48.809879264357306],[2.474238972986824,48.80989055992632],[2.474241779617141,48.80990208412457],[2.474244638089199,48.8099138585723],[2.474247548158012,48.8099259066507],[2.474250523137448,48.80993825719912],[2.474253565430155,48.809950940805564],[2.474256682790488,48.80996399707584],[2.474259893771126,48.80997747465832],[2.474263205900481,48.80999143474154],[2.474266640114895,48.810005958360506],[2.474270219885232,48.81002114454827],[2.474273976323845,48.8100371427351],[2.474277964409981,48.81005416361448],[2.474282256902281,48.810072540269424],[2.474286991809041,48.81009287587884],[2.474292489760736,48.810116537084475],[2.474300248700069,48.81015000227981],[2.474307994034164,48.810183467412216],[2.474779388796613,48.81222023872461],[2.474786999398854,48.81225310784515],[2.474794620903967,48.81228597701484],[2.474800020261581,48.812309216853464],[2.474804674956165,48.8123291905393],[2.474808889568351,48.812347239457885],[2.474812807676453,48.812363956021],[2.474816499359524,48.81237966970167],[2.474820016934209,48.812394585784986],[2.474823391552953,48.81240885010393],[2.474826646688465,48.812422561691506],[2.474829800574287,48.812435799771535],[2.47483286620467,48.812448623758904],[2.474835856705869,48.81246108047842],[2.47483877983306,48.81247320953582],[2.474841640693507,48.812485043330184],[2.474844449897473,48.81249660888964],[2.4748472099421,48.81250792780949],[2.474849926066461,48.812519019898744],[2.474852600805494,48.81252990315555],[2.474855239435968,48.81254059379179],[2.474857844586925,48.812551100812776],[2.474860418812062,48.81256144041803],[2.474862967482358,48.812571619826656],[2.474865485057106,48.812581648006564],[2.474867982316294,48.812591535799],[2.474870453738061,48.81260129037324],[2.474872904712238,48.812610917149904],[2.474875337886736,48.81262042333567],[2.474877750481824,48.812629814313816],[2.474880147887445,48.81263909550489],[2.474882527323771,48.81264827229216],[2.474884894199589,48.81265734829758],[2.474887245735171,48.81266632890447],[2.474889584634855,48.81267521592382],[2.474891910823372,48.81268401654987],[2.47489422431944,48.81269272898405],[2.474896527752051,48.81270136223163],[2.474898823863423,48.812709914506485],[2.474901107169274,48.81271838938092],[2.474903383059672,48.81272679227537],[2.474905651534502,48.812735123189945],[2.474907912574915,48.812743383923184],[2.474910163420026,48.81275157805976],[2.474912409478646,48.812759709221716],[2.474914650769602,48.812767775610475],[2.47491688453201,48.812775780810654],[2.474919113470122,48.812783726633334],[2.47492133484189,48.81279161486466],[2.474923554075072,48.81279944732798],[2.474925768446355,48.81280722401096],[2.474927980641363,48.81281494852308],[2.474930185213481,48.812822620839526],[2.47493239031357,48.812830242796146],[2.474934587753181,48.812837816154165],[2.474935752492232,48.81284180008686],[2.475009747004328,48.81307645928108],[2.475094210672254,48.81330957162364],[2.475189069842863,48.81354093343693],[2.475294241776798,48.81377034257001],[2.475409634720317,48.81399759857542],[2.475535147984989,48.814222502884235],[2.47567067203525,48.81444485897976],[2.475816088583672,48.814664472569284],[2.47597127069393,48.81488115175392],[2.476136082891311,48.81509470719648],[2.476310381280757,48.8153049522869],[2.476494013672229,48.81551170330551],[2.476686819713406,48.81571477958361],[2.476888631029483,48.81591400366151],[2.477099271370058,48.816109201443716],[2.477318556762889,48.816300202351194],[2.47754629567445,48.81648683947052],[2.47778228917712,48.816668949699924],[2.478026331122844,48.81684637389191],[2.478278208323159,48.817018956992534],[2.478282541587282,48.817021836509156],[2.478290775391262,48.81702730219709],[2.478299068795663,48.81703279873194],[2.47830742452395,48.81703832612602],[2.478315842575958,48.81704388437933],[2.478324322952026,48.81704947349187],[2.478332871061525,48.81705509708546],[2.478341489628027,48.81706075517242],[2.478350173204711,48.817066447728045],[2.4783589299432,48.81707217658798],[2.478367759824927,48.817077943550714],[2.478376665554657,48.81708375042721],[2.478385647151152,48.81708959541883],[2.47839471000539,48.81709548394602],[2.478403854136037,48.81710141421015],[2.478413082229254,48.81710738982069],[2.478422399713359,48.81711341260092],[2.478431806588409,48.817119482550815],[2.478441308264015,48.81712560329216],[2.478450904740342,48.817131774825],[2.478460601408094,48.81713800256961],[2.478470403714521,48.817144286550786],[2.478480311640882,48.81715062856698],[2.47849033604379,48.81715703226473],[2.478500474162467,48.81716350122883],[2.4785107341301,48.81717003909339],[2.478521124117196,48.817176645895465],[2.478531646772559,48.81718332884158],[2.478542310229394,48.81719009156594],[2.478553119915884,48.81719693589175],[2.478564083946746,48.81720386725173],[2.478575210417597,48.81721089287716],[2.478586510166621,48.817218018213055],[2.478597994050316,48.817225246905934],[2.478609672869478,48.81723258799798],[2.47862155742472,48.81724005053133],[2.478633666687001,48.8172476435852],[2.478646014199426,48.817255374415524],[2.478658618876887,48.81726325749723],[2.478671505100305,48.817271305531285],[2.478684697213127,48.817279534815825],[2.478698224987029,48.817287963472275],[2.478712126327073,48.81729661325615],[2.478726441805518,48.817305511331014],[2.478741225556336,48.817314690317794],[2.478756545237425,48.817324191892034],[2.478772490182596,48.81733406861934],[2.478789168584981,48.81734439293593],[2.47880674560679,48.81735525911995],[2.478825453955984,48.817366813916486],[2.478845658970471,48.81737928381227],[2.478868023704693,48.817393076508026],[2.478894055602382,48.817409117944905],[2.478930883151646,48.8174317931601],[2.478967716237414,48.81745446299239],[2.479290482245423,48.8176531040116],[2.479327337332455,48.81767578461812],[2.479364197974584,48.817698458043196],[2.479390271191867,48.81771448516367],[2.479412690920079,48.81772825641687],[2.479432959203499,48.81774069411842],[2.479451739063471,48.81775220956482],[2.479469401305319,48.8177630274681],[2.479486175914941,48.81777329456065],[2.479502225313019,48.81778310690659],[2.479517663158834,48.81779253516804],[2.479532576044177,48.81780163369676],[2.479547031646051,48.81781044236961],[2.479561081374902,48.817818993795186],[2.479574771250324,48.81782731516165],[2.479588136416348,48.81783543180931],[2.479601206700904,48.81784335646387],[2.479614009114831,48.817851110831405],[2.479626562629473,48.8178587039912],[2.479638886178454,48.81786614861955],[2.479651001419211,48.817873457405085],[2.479662919170995,48.817880637591415],[2.479674652976654,48.81788769643454],[2.479686216360387,48.81789464298894],[2.479697617436582,48.817901482687326],[2.479708864319742,48.81790822096243],[2.479719970571439,48.81791486327162],[2.479730938877706,48.8179214132244],[2.479741780057888,48.81792787806434],[2.479752496816801,48.817934259602346],[2.479763097268893,48.81794056327121],[2.479773589584819,48.817946789107836],[2.479783973689735,48.81795294430656],[2.479794255030623,48.81795902889204],[2.479804441740725,48.81796504649841],[2.479814536524888,48.81797099893659],[2.479824539345614,48.817976889803695],[2.479834458354825,48.817982720935355],[2.479844293552456,48.81798849233153],[2.479854050329528,48.81799420941261],[2.47986373142823,48.81799987039235],[2.479873339516108,48.81800548067879],[2.479882874611566,48.818011038473394],[2.479892342124505,48.818016547397946],[2.479901742054874,48.81802200745243],[2.479911079830834,48.818027420460155],[2.479920355433986,48.818032788219604],[2.479929568845321,48.81803811252942],[2.479938725512175,48.8180433934142],[2.479947825434199,48.81804863087403],[2.479956871297833,48.81805382851833],[2.47996586312159,48.81805898454856],[2.479974803591709,48.818064102574155],[2.479983692726707,48.818069180796606],[2.479992535936417,48.81807422283763],[2.480001330497214,48.81807922868498],[2.480010076409065,48.81808419833864],[2.480018779100462,48.818089133621825],[2.480027438589928,48.81809403273599],[2.480036054840123,48.81809889927825],[2.480044630574608,48.818103733260976],[2.480053163069763,48.818108534671794],[2.480061657772642,48.81811330353539],[2.480070114664665,48.81811804165035],[2.480078533745806,48.81812274901665],[2.480086914997184,48.818127427432884],[2.480095258437627,48.81813207510048],[2.480103569495544,48.81813669384264],[2.480111845447216,48.81814128364709],[2.480120088997663,48.81814584632471],[2.480128297423267,48.81815038186314],[2.480136476170993,48.81815489028704],[2.480144622517426,48.81815937158416],[2.480152736462546,48.818163825754446],[2.480160823434667,48.818168254621085],[2.480168877986782,48.81817265815953],[2.480176905565859,48.81817703639433],[2.48018490615333,48.81818139112412],[2.480192877044129,48.818185720538004],[2.480200820962034,48.81819002464828],[2.480208737869427,48.818194307052096],[2.480216630527385,48.81819856416466],[2.480224496174996,48.818202799570784],[2.480232337554288,48.81820701148424],[2.4802401519232,48.81821120169125],[2.480247944747456,48.818215368417874],[2.480255713284794,48.81821951345043],[2.480263457535201,48.81822363678885],[2.480271180203509,48.81822774024404],[2.480278881308451,48.81823182201748],[2.480286558126414,48.818235882096815],[2.480294216104579,48.81823992050669],[2.480301849758342,48.81824394081959],[2.480309464572279,48.818247939463056],[2.480317057804029,48.81825191822332],[2.48032463217728,48.818255877112705],[2.480332187673273,48.81825981792977],[2.480339721587039,48.81826373886365],[2.480347236642164,48.81826763992666],[2.480354732838736,48.81827152111882],[2.480362210139354,48.81827538603722],[2.480365691469237,48.818277180635924],[2.480596899160497,48.81839208299127],[2.480834106802642,48.81850152264487],[2.481077018586402,48.81860536310281],[2.481325331582498,48.81870347485367],[2.481578736119598,48.81879573553026],[2.481836916170702,48.81888203006229],[2.482099549747523,48.81896225082011],[2.482366309302285,48.81903629774893],[2.482636862136538,48.81910407849389],[2.482910870816382,48.81916550851519],[2.483187993593645,48.8192205111937],[2.483467884832469,48.81926901792667],[2.483750195440769,48.81931096821328],[2.484034573305987,48.819346309730136],[2.484320663734699,48.819374998396796],[2.484608109895379,48.81939699843057],[2.484896553263915,48.819412282391355],[2.485185634071181,48.81942083121573],[2.485474991752228,48.81942263424099],[2.485764265396429,48.81941768921823],[2.48605309419807,48.819406002315276],[2.486341117906828,48.81938758810896],[2.486627977277519,48.8193624695669],[2.486913314518623,48.81933067801886],[2.487196773738957,48.81929225311763],[2.487201083760297,48.819291615837734],[2.487210347642013,48.819290239827914],[2.487219638888067,48.8192888513489],[2.487228960203712,48.81928745221136],[2.487238311607335,48.81928604061676],[2.487247695804186,48.81928461837579],[2.487257107383838,48.819283181867036],[2.487266549032942,48.81928173469972],[2.487276023493644,48.81928027508748],[2.487285530765831,48.81927880303026],[2.487295070849596,48.81927731852809],[2.487304641021271,48.81927582156878],[2.487314246728059,48.81927431217664],[2.487323885246394,48.81927279033952],[2.487333559318215,48.81927125427097],[2.487343268925015,48.81926970576954],[2.487353014066987,48.81926814483521],[2.487362794762411,48.819266569669495],[2.487372610992883,48.819264982070884],[2.487382465500441,48.81926338025291],[2.48739235828497,48.81926176421563],[2.487402292051825,48.81926013576971],[2.487412261371973,48.81925849309232],[2.487422274416469,48.81925683621982],[2.487432325756278,48.8192551633294],[2.487442420801919,48.8192534780425],[2.487452556848012,48.81925177854829],[2.487462733913237,48.81925006304827],[2.487472957426097,48.81924833336528],[2.487483227405169,48.819246587700704],[2.487493541108294,48.81924482784098],[2.487503901277602,48.8192430519997],[2.48751430789449,48.81924126197537],[2.487524763719572,48.819239454183005],[2.48753526871596,48.81923763221972],[2.487545825643964,48.8192357925005],[2.487556434485181,48.81923393682395],[2.487567095258082,48.81923206339145],[2.487577810667717,48.81923017401364],[2.487588578009002,48.81922826687989],[2.487599405434295,48.81922634382513],[2.487610287533139,48.81922440122793],[2.487621232457891,48.81922244092327],[2.487632234761427,48.819220462886875],[2.487643299909316,48.819218465344385],[2.487654427883057,48.81921645009436],[2.487665621443043,48.81921441355183],[2.487676880552492,48.8192123593139],[2.487688207971799,48.81921028379551],[2.48769960640611,48.81920818880739],[2.487711078597337,48.81920607256306],[2.487722621822003,48.819203935050396],[2.487734244250843,48.81920177630576],[2.487745943178555,48.81919959451845],[2.48775772403394,48.819197391511224],[2.487769586853827,48.81919516368701],[2.487781534324987,48.81919291465498],[2.487793571949622,48.819190639043704],[2.487805699691152,48.81918834045033],[2.487817923033402,48.81918601530189],[2.487830241976236,48.819183663598395],[2.487842661967026,48.8191812853641],[2.487855185729289,48.81917888061108],[2.487867818746937,48.81917644576645],[2.487880563706738,48.819173984439395],[2.487893426110972,48.81917149125853],[2.4879064059597,48.81916896622374],[2.487919514128807,48.819166411182124],[2.487932753397115,48.81916382075009],[2.487946129193305,48.81916119675036],[2.487959646982999,48.81915853740862],[2.487973314955163,48.819155840962665],[2.487987141280693,48.81915310744881],[2.488001128738189,48.819150331483435],[2.488015290927266,48.8191475149257],[2.488029633331794,48.8191446542027],[2.488044169588118,48.81914174757641],[2.488058907903643,48.81913879148605],[2.488073861896435,48.81913578599214],[2.488089045239347,48.81913272575959],[2.488104471550434,48.8191296108489],[2.488120157262909,48.81912643233998],[2.488136126870934,48.819123192140374],[2.488152396807597,48.819119881329904],[2.488168991622024,48.819116496420506],[2.488185944052435,48.8191130321618],[2.488203284150003,48.819109479694234],[2.488221052842103,48.819105832005235],[2.488239299263447,48.81910207852145],[2.488258075272457,48.81909820868164],[2.488277451866182,48.81909420481514],[2.488297516346163,48.81909005292103],[2.488318386102497,48.819085726541815],[2.488340203073902,48.81908119573179],[2.48836318017796,48.8190764146733],[2.488387620375944,48.819071321761264],[2.488414004085107,48.819065814811324],[2.488443193833471,48.819059714198424],[2.488477152180741,48.81905260777005],[2.488525170565612,48.81904254576113],[2.488573183538965,48.81903247831221],[2.501286891318298,48.81636526448828],[2.502765082608002,48.816055043705944],[2.50445563655511,48.8157002283557],[2.504501285115606,48.81569064770573],[2.504546936310922,48.81568107424364],[2.504579222558342,48.81567431200037],[2.504606975530473,48.815668508673795],[2.504632059288435,48.81566327120257],[2.504655295341947,48.81565842506275],[2.504677142150361,48.81565387870147],[2.504697886313065,48.815649568603185],[2.504717727048798,48.81564545425818],[2.504736806277626,48.8156415057013],[2.504755230444328,48.815637700009205],[2.504773081411372,48.81563402134711],[2.504790427442334,48.81563045202288],[2.504807323076735,48.81562698507713],[2.504823812013707,48.81562360810785],[2.504839932434679,48.81562031588365],[2.504855711662735,48.81561709952925],[2.504871182432235,48.815613953789814],[2.504886366583979,48.81561087336359],[2.504901283199665,48.81560785653428],[2.504915951414471,48.8156048961898],[2.504930387586612,48.815601990602026],[2.504944608092261,48.81559913624432],[2.504958623860657,48.81559632956656],[2.504972445785617,48.81559357061569],[2.504986084813926,48.81559085404299],[2.504999551821833,48.815588181694054],[2.505012855032752,48.8155855482084],[2.505026002634775,48.81558295182262],[2.505039000056916,48.815580394358875],[2.505051855522979,48.8155778704567],[2.505064577185229,48.81557538194984],[2.505077167785132,48.815572927051534],[2.505089632787101,48.81557050398668],[2.505101980379311,48.81556811099193],[2.5051142105617,48.81556574806731],[2.505126331522438,48.81556341344952],[2.505138345984816,48.81556110715029],[2.50515025941354,48.81555882739452],[2.505162071808644,48.81555657418223],[2.505173788616976,48.81555434753691],[2.505185412579674,48.815552145671774],[2.505196949143687,48.815549968610256],[2.505208398308941,48.81554781635244],[2.505219762834424,48.81554568531284],[2.505231045425968,48.81554357730189],[2.505242251530113,48.81554149234297],[2.505253378441477,48.81553942862585],[2.505264434312507,48.815537387984264],[2.505275413731909,48.81553536679766],[2.505286324869773,48.81553336510123],[2.505297167708678,48.815531384693564],[2.505307944989546,48.81552942378782],[2.50531865398904,48.815527482372346],[2.505329302895299,48.81552555868369],[2.505339888967038,48.81552365450874],[2.505350414945477,48.81552176806068],[2.505360880812789,48.81551990113805],[2.505371292051496,48.81551805016722],[2.505381645920414,48.81551621693504],[2.505391942419459,48.81551440144147],[2.505402189718916,48.815512603721785],[2.505412382389835,48.8155108219539],[2.505422525878839,48.81550905616135],[2.50543261746269,48.81550730633235],[2.505442659864858,48.815505572478656],[2.505452655808613,48.81550385461199],[2.505462602570614,48.8155021527207],[2.505472505615528,48.81550046502962],[2.50548236220207,48.81549879332561],[2.50549217507145,48.81549713582184],[2.505501944206042,48.81549549431692],[2.5055116696235,48.815493867012215],[2.505521356770744,48.81549225393123],[2.505531000200776,48.815490655050546],[2.505540602637266,48.81548907038185],[2.50555016954457,48.81548749815006],[2.505559692717162,48.815485941917125],[2.505569180360693,48.81548439812109],[2.505578632457334,48.815482868560565],[2.505588046301582,48.81548135142521],[2.505597421875608,48.81547984851364],[2.50560676464407,48.815478358050754],[2.505616071865788,48.81547688182335],[2.505625343558406,48.815475418032904],[2.505634582463226,48.815473964892554],[2.505643788544686,48.81547252599947],[2.505652959097278,48.815471099543366],[2.505662099567617,48.815469685547654],[2.505671209955815,48.815468284012375],[2.505680287538526,48.81546689492582],[2.505689332315661,48.81546551828795],[2.505698349751868,48.8154641523237],[2.505700428162895,48.815463839303874],[2.505981006200349,48.81542509441055],[2.506263553306123,48.815393195994616],[2.506547686603322,48.81536818728104],[2.506833021067609,48.81535010215857],[2.507119170048457,48.815338965133925],[2.507405745792632,48.81533479129864],[2.50769235996913,48.81533758630858],[2.507978624194921,48.81534734637626],[2.508264150560753,48.815364058276074],[2.508548552156293,48.81538769936214],[2.508831443593969,48.81541823759889],[2.509112441530722,48.81545563160459],[2.509391165187,48.81549983070726],[2.509667236862318,48.81555077501328],[2.509940282446648,48.815608395488496],[2.510209931926955,48.815672614051756],[2.510475819888231,48.815743343680474],[2.510737586008314,48.815820488528594],[2.510994875545825,48.8159039440563],[2.511247339820586,48.81599359717153],[2.511494636685863,48.816089326383185],[2.511736430991779,48.816191001965535],[2.51197239503929,48.81629848613398],[2.512202209024105,48.81641163323151],[2.512425561469948,48.816530289926035],[2.512642149650576,48.81665429541799],[2.512851679999983,48.8167834816581],[2.51305386851022,48.816917673574885],[2.513248441116348,48.817056689311876],[2.51343513406791,48.81720034047382],[2.513613694286494,48.81734843238186],[2.513783879708891,48.81750076433724],[2.513945459615339,48.817657129893064],[2.514098214942459,48.81781731713408],[2.51424193858043,48.8179811089635],[2.514376435653994,48.81814828339731],[2.514501523786945,48.81831861386485],[2.514617033349686,48.81849186951579],[2.514722807689566,48.81866781553287],[2.514818703343661,48.81884621345007],[2.514904590233706,48.81902682147563],[2.51490518999162,48.81902817298766],[2.51490779161419,48.81903403494702],[2.514910390270167,48.819039922074786],[2.514912988717911,48.819045830785306],[2.514915586922619,48.8190517646757],[2.514918184901697,48.81905772194746],[2.514920782637746,48.819063704399085],[2.514923377407117,48.81906971201911],[2.514925974657119,48.81907574483049],[2.514928568940551,48.81908180281032],[2.514931165687117,48.81908788778007],[2.514933759449618,48.8190939997168],[2.514936355692765,48.81910013684488],[2.514938948934551,48.819106302738554],[2.51494154463949,48.819112495622136],[2.514944142790183,48.819118717294266],[2.514946737956931,48.81912496593334],[2.51494933555204,48.819131245159504],[2.514951932869464,48.819137553162705],[2.514954532615261,48.81914389175299],[2.51495713206588,48.8191502609189],[2.514959733944982,48.81915666067186],[2.514962338235071,48.81916309281047],[2.514964942212596,48.81916955732324],[2.514967548618621,48.819176052423124],[2.514970157400846,48.81918258350581],[2.514972768594182,48.81918914697411],[2.514975382163731,48.81919574642523],[2.514977998127002,48.81920238006056],[2.514980616466498,48.81920904967865],[2.514983239888586,48.819215757089644],[2.514985865669514,48.81922250228194],[2.514988493826688,48.81922928345709],[2.514991127031675,48.81923610602218],[2.514993762578122,48.81924296816718],[2.514996403189798,48.819249869903636],[2.514999048831708,48.81925681482861],[2.515001699521465,48.8192638011436],[2.515004355241473,48.81927083064713],[2.515007018680708,48.81927790694782],[2.515009684426752,48.8192850264256],[2.51501235787464,48.81929219449909],[2.515015039041683,48.819299409369755],[2.515017725169527,48.81930667462325],[2.515020418981849,48.819313990271056],[2.515023120478558,48.819321356313154],[2.515025832331234,48.81932877815678],[2.515028551850922,48.81933625219325],[2.515031278985537,48.81934378381831],[2.515034016441259,48.81935137484204],[2.515036764235501,48.81935902346581],[2.515039525039748,48.81936673509683],[2.51504229342418,48.81937450791359],[2.515045077490018,48.8193823491448],[2.515047871824842,48.81939025517032],[2.51505067908264,48.81939823319595],[2.515053501987203,48.819406283233185],[2.515056340503754,48.81941440887912],[2.515059191908539,48.819422610122274],[2.515062064302898,48.819430894191434],[2.515064952239715,48.81943926106354],[2.515067858390388,48.81944771614584],[2.515070785443616,48.819456263046966],[2.515073730658657,48.81946490355397],[2.515076702154063,48.819473643096984],[2.515079697154098,48.81948248706031],[2.515082715623997,48.819491439041016],[2.51508576295885,48.8195005044578],[2.515088839071706,48.81950969230349],[2.515091943945205,48.81951900437668],[2.515095082922257,48.81952845149171],[2.51509825867439,48.819538039055836],[2.515101473820848,48.81954777787187],[2.515104728274699,48.819557676932675],[2.515108030102551,48.81956774706416],[2.515111379182691,48.81957800085627],[2.515114780823169,48.819588452720495],[2.515118240332351,48.8195991170684],[2.515121762966115,48.81961001370718],[2.515125356686644,48.8196211642541],[2.515129029421541,48.81963259392355],[2.51513279176962,48.81964433333719],[2.515136651554149,48.8196564185008],[2.515140624682088,48.81966889444748],[2.515144726956263,48.81968181700175],[2.515148984900027,48.81969526001979],[2.515153424828052,48.81970931894053],[2.515158089014418,48.81972412884037],[2.515163040930899,48.819739886038825],[2.515168372930956,48.8197568984931],[2.515174264796201,48.81977572813739],[2.515181102021488,48.81979763384777],[2.515190757701043,48.819828618395015],[2.515200402497956,48.819859602895384],[2.51533746105468,48.82030005113386],[2.515345489327475,48.820325837925736],[2.515353525796983,48.820351622952856],[2.51535922202237,48.82036985461209],[2.515364128615273,48.82038552347566],[2.515368573155892,48.82039968133113],[2.515372700959675,48.82041279284063],[2.515376593956502,48.82042511735386],[2.515380299607315,48.82043681694867],[2.515383854965411,48.82044800329702],[2.515387281054959,48.8204587556278],[2.515390604504121,48.820469137005645],[2.515393830325342,48.82047919241782],[2.515396977219382,48.82048895971454],[2.51540005306135,48.820498469505985],[2.51540306577904,48.8205077470065],[2.51540602062828,48.82051681202333],[2.515408922865215,48.820525684363716],[2.515411777798157,48.82053437843911],[2.515414590735224,48.820542908661054],[2.515417364295782,48.820551285832416],[2.515420101099101,48.820559520756134],[2.515422803799333,48.82056762063792],[2.515425477739488,48.82057559629215],[2.515428122867377,48.82058345311456],[2.515430741819774,48.820591200109455],[2.515433337302899,48.820598839086884],[2.51543590921231,48.82060638083824],[2.51543846027192,48.820613825375034],[2.515440990411962,48.82062117989152],[2.515443502338764,48.820628446197745],[2.515445995982765,48.82063563148801],[2.515448476774035,48.82064273758379],[2.515450939247697,48.820649766260765],[2.515453388798951,48.820656722937585],[2.515455822669376,48.82066361119984],[2.515458246323716,48.82067042927197],[2.515460656968679,48.820677184336795],[2.51546305732789,48.82068387640575],[2.515465447384153,48.820690507277455],[2.515467827119869,48.820697078750435],[2.51547019650046,48.82070359442182],[2.515472558231967,48.82071005610168],[2.515474912297197,48.82071646558855],[2.515477258713424,48.820722821083926],[2.515479597428586,48.820729127983455],[2.515481928442572,48.82073538628718],[2.515484254461731,48.820741597805146],[2.515486575486057,48.820747762537316],[2.515488888757029,48.82075388406936],[2.515491197015766,48.82075996061419],[2.515493502951237,48.82076599578046],[2.515495803839591,48.820771989556626],[2.515498096957276,48.82077794193125],[2.515500390440552,48.820783856535925],[2.515502678842024,48.82078973334763],[2.515504962178966,48.82079557056787],[2.515507245846817,48.82080137361527],[2.515509524432844,48.82080713886968],[2.51551180062592,48.820812869939815],[2.51551407442604,48.82081856682566],[2.515516348557048,48.8208242295386],[2.515517548160872,48.820827213143836],[2.515593464069887,48.82100179222246],[2.515679555972881,48.821174300231476],[2.515775694953848,48.821344478644484],[2.515881737035594,48.821512072423666],[2.515997523394977,48.82167683040211],[2.516122880600413,48.82183850566046],[2.516257620871317,48.821996855897],[2.516401542359085,48.82215164379086],[2.51655442944921,48.82230263735801],[2.51671605308406,48.82244961029901],[2.516886171105854,48.822592342338254],[2.517064528619342,48.82273061955439],[2.517250858373572,48.82286423470108],[2.517444881162283,48.822992987517694],[2.517646306242228,48.82311668502973],[2.517854831768848,48.823235141838175],[2.518070145248638,48.823348180397545],[2.518291924007531,48.82345563128219],[2.518519835674572,48.823557333440355],[2.518753538680191,48.8236531344358],[2.518992682768302,48.82374289067633],[2.519236909521476,48.82382646762934],[2.519485852898375,48.82390374002341],[2.519739139782672,48.82397459203639],[2.51999639054261,48.824038917469004],[2.520257219600365,48.82409661990422],[2.520521236010352,48.824147612851874],[2.520788044045609,48.824191819878386],[2.521057243791386,48.82422917472145],[2.521328431745027,48.82425962138943],[2.521601201421251,48.82428311424533],[2.521875143961935,48.82429961807529],[2.522149848749449,48.8243091081414],[2.522424904022653,48.824311570218796],[2.522699897494623,48.82430700061701],[2.522974416971138,48.82429540618552],[2.522979074737831,48.824295148520534],[2.522987916108636,48.82429465280638],[2.522996803870972,48.824294148290825],[2.523005743472709,48.824293634996444],[2.523014734947968,48.824293109326106],[2.523023775538576,48.82429257486563],[2.523032870726729,48.82429202804046],[2.523042020478091,48.824291472447754],[2.523051227533605,48.82429090630022],[2.52306048918654,48.82429032778793],[2.523069810850435,48.824289740530666],[2.523079192576621,48.82428913913266],[2.523088637037586,48.824288529000945],[2.523098144267649,48.82428790653837],[2.523107716990637,48.824287271756155],[2.523117357913366,48.8242866264642],[2.523127067052837,48.824285968863904],[2.523136849857016,48.82428529897786],[2.523146703601751,48.82428461679476],[2.52315663373501,48.82428392233713],[2.523166642997626,48.82428321381773],[2.523176734096515,48.82428249304642],[2.523186907031566,48.82428176002309],[2.523197169991586,48.82428101298312],[2.523207520269834,48.82428025011663],[2.523217963279752,48.82427947504326],[2.523228504503417,48.824278684188464],[2.523239143923606,48.82427787935081],[2.523249889729222,48.82427705876556],[2.523260744626979,48.824276224242546],[2.523271711374909,48.82427537219593],[2.523282798144704,48.824274502659506],[2.523294007643075,48.82427361744316],[2.523305345352088,48.824272712972274],[2.523316822133058,48.82427179288913],[2.523328440761214,48.824270851809274],[2.523340209390937,48.82426989156507],[2.523352136194011,48.82426891219044],[2.523364232100162,48.824267910133315],[2.523376505263867,48.82426688722607],[2.523388966614946,48.82426583991672],[2.523401632496682,48.82426476827291],[2.523414511097751,48.82426367052989],[2.523427621485466,48.82426254676668],[2.523440982744038,48.824261395263555],[2.523454611268036,48.824260210692564],[2.52346853427937,48.82425899496507],[2.523482779068035,48.824257742798096],[2.52349737563096,48.824256450718664],[2.523512362102571,48.82425511888458],[2.523527790322148,48.8242537385174],[2.523543712060771,48.82425230803283],[2.523560200948664,48.824250818742605],[2.523577349700465,48.82424926023883],[2.523595280976773,48.82424762403632],[2.523614166536043,48.824245894658574],[2.52363425452559,48.82424404435513],[2.52365594023376,48.82424204058895],[2.52367993800257,48.82423981437304],[2.5237078537059,48.82423721407841],[2.523747329476421,48.824233526722566],[2.523786805292497,48.82422983395742],[2.525483865700764,48.82407094786912],[2.525671975174424,48.82405333481394],[2.527299586732738,48.82390092169005],[2.528061146654429,48.823829599284146],[2.528095725298632,48.82382635978007],[2.528130304006192,48.82382311307137],[2.528154751558778,48.823820808628916],[2.528175763921727,48.82381882103317],[2.528194750638515,48.8238170175752],[2.528212336050721,48.82381533966434],[2.528228863687465,48.82381375453683],[2.528244554385137,48.823812241515526],[2.528259558075025,48.82381078862552],[2.528273978382775,48.82380938370181],[2.528287902522831,48.82380802170652],[2.528301390505053,48.8238066938928],[2.528314491409888,48.82380539506636],[2.528327248819172,48.823804125406056],[2.528339692763177,48.823802877840635],[2.528351853204467,48.82380165249314],[2.528363757415639,48.82380044587828],[2.52837542177374,48.823799254466],[2.528386865328952,48.8237980801332],[2.528398104458313,48.82379691934982],[2.528409152798125,48.82379577037318],[2.528420021260772,48.82379463144953],[2.528430723448608,48.82379350443332],[2.528441264843315,48.82379238574979],[2.528451659064264,48.823791275454845],[2.528461914283001,48.82379017358205],[2.528465761700802,48.82378975948727],[2.528710758949834,48.82376110264629],[2.528954543141147,48.82372824394909],[2.529196948999465,48.82369120567275],[2.529437812185,48.823650012927914],[2.529441574902407,48.823649334053975],[2.529451594299167,48.82364752246435],[2.529461744761037,48.823645677236115],[2.529472039890621,48.82364380022361],[2.529482482445347,48.82364188784074],[2.52949308332069,48.82363994013207],[2.529503853462563,48.82363795174646],[2.529514806490336,48.82363592273953],[2.529525956057035,48.823633849569916],[2.529537313074694,48.823631730483505],[2.529548899385018,48.82362956017375],[2.529560731347833,48.82362733690886],[2.529572833528327,48.82362505539329],[2.529585235956558,48.82362270855539],[2.529597968645392,48.823620291121905],[2.529611069779284,48.823617797852975],[2.529624591246572,48.823615214571774],[2.529638593056132,48.82361253253037],[2.529653151627833,48.82360973585354],[2.529668376118135,48.823606803403926],[2.52968440569658,48.82360370877103],[2.529701455969295,48.823600407870515],[2.529719859870483,48.823596835514174],[2.52974022048529,48.823592875458],[2.529763907752384,48.82358825991117],[2.529797400247659,48.82358172034825],[2.529830887337107,48.82357517535764],[2.531958636543719,48.8231591663036],[2.532010745203639,48.82314897870269],[2.532062853775321,48.82313879827244],[2.532099704900559,48.823131608013526],[2.532131384671067,48.823125434512114],[2.532160013451157,48.82311986372086],[2.532186535450388,48.82311471062716],[2.532211469171068,48.8231098730211],[2.532235144801752,48.82310528749621],[2.532257788840373,48.82310091000876],[2.532279562295528,48.82309670883897],[2.532300585267934,48.82309265749625],[2.532320958673626,48.82308874200246],[2.532340753517209,48.82308494286176],[2.532360032514053,48.823081253135],[2.532378844844216,48.82307765683471],[2.532397236846601,48.82307415055232],[2.53241524129125,48.82307072542816],[2.532432893638403,48.823067376210666],[2.53245021574579,48.82306409579432],[2.532467232161752,48.82306088068184],[2.53248396745098,48.82305772557736],[2.532500435232747,48.82305463053636],[2.53251665464116,48.82305158844224],[2.532532642036017,48.82304859756295],[2.532548405622365,48.82304565433467],[2.532563964467088,48.82304275883505],[2.53257932405145,48.823039907489175],[2.53259449528768,48.8230370985428],[2.532609486347158,48.82303433202927],[2.532624308175747,48.8230316025972],[2.532638968944815,48.82302891027992],[2.532653474102264,48.823026255099606],[2.532667829129125,48.82302363348133],[2.532682042197062,48.823021045458354],[2.532696118753766,48.8230184910529],[2.532710064280457,48.82301596668998],[2.532723881484183,48.82301347417933],[2.53273757856993,48.82301100995701],[2.53275115553794,48.823008574023085],[2.53276462055966,48.823006166410856],[2.532777976358897,48.823003787131356],[2.532791225692986,48.8230014325986],[2.532804373992938,48.82299910463332],[2.532817421275548,48.82299680143699],[2.532830372988488,48.82299452303177],[2.532843231872421,48.82299226763019],[2.532855997910515,48.82299003703084],[2.532868679307827,48.82298782766983],[2.532881273323757,48.82298564133469],[2.532893785406069,48.82298347804759],[2.532906215588311,48.82298133421137],[2.532918566577516,48.82297921163577],[2.532930843821344,48.822977110342904],[2.532943044596055,48.82297503032172],[2.532955171658954,48.82297296798617],[2.532967230424286,48.82297092695556],[2.532979218201618,48.82296890362171],[2.532991140421951,48.82296689980533],[2.533002994378296,48.822964913696815],[2.533008265196259,48.82296403398898],[2.533324441498276,48.82291393833638],[2.533642351791685,48.82286888175022],[2.533961811939504,48.82282889032718],[2.534282636908505,48.82279398723021],[2.534288566965815,48.82279339072181],[2.534300664218746,48.822792180678334],[2.534312829566339,48.82279097090944],[2.534325071180165,48.822789761448135],[2.534337386336361,48.82278855228342],[2.534349780482434,48.82278734343731],[2.534362250911331,48.82278613310019],[2.534374803037347,48.82278492489124],[2.534387436893889,48.82278371521329],[2.534400157911659,48.82278250588692],[2.534412963367095,48.822781296901134],[2.53442585872441,48.822780086479334],[2.534438846690648,48.822778876431116],[2.534451929989661,48.822777666767465],[2.534465111362003,48.82277645570084],[2.534478390790964,48.82277524502974],[2.534491776464608,48.822774032988654],[2.534505265659069,48.822772819566545],[2.534518866529211,48.82277160659496],[2.534532581815483,48.82277039228641],[2.534546411517873,48.82276917664081],[2.534560366531601,48.822767959702205],[2.5345744441329,48.82276674145953],[2.534588652509726,48.82276552014729],[2.534602997076486,48.82276429938464],[2.534617480590322,48.82276307558534],[2.534632111205892,48.822761850580996],[2.534646891663737,48.82276062258408],[2.534661832859171,48.82275939163859],[2.534676937499138,48.82275815955401],[2.534692213788584,48.82275692276628],[2.534707672589225,48.82275568491655],[2.534723319398743,48.822754440631066],[2.534739167803012,48.822753193562015],[2.534755223249322,48.82275194373134],[2.534771499390323,48.822750687596944],[2.534788009844968,48.822749425213836],[2.534804765491664,48.82274815842461],[2.534821785413971,48.82274688550766],[2.534839083247529,48.822745604719444],[2.53485668078265,48.82274431614801],[2.534874597086092,48.82274301987035],[2.534892859429355,48.82274171239937],[2.53491149503366,48.82274039564361],[2.534930536618205,48.82273906613808],[2.534950022316114,48.82273772403673],[2.534969993034721,48.82273636410891],[2.534990505957134,48.82273498838433],[2.535011623781002,48.822733591720336],[2.535033425530108,48.822732170838925],[2.535056009311578,48.82273072074056],[2.535079500453886,48.82272923833432],[2.535104073380683,48.82272771353316],[2.535129956991867,48.82272613647007],[2.535157497361259,48.822724492355746],[2.535187234086066,48.82272275279375],[2.53522015089457,48.822720874994694],[2.535258449707387,48.82271875094546],[2.535312630643272,48.8227158529135],[2.535366826715403,48.8227130844191],[2.535757464688576,48.822696870749944],[2.536148600013925,48.82268721059693],[2.536539980625447,48.822684110185584],[2.536931354299349,48.82268757151392],[2.537322468816305,48.82269759235129],[2.537713072123696,48.82271416623978],[2.538102912497748,48.822737282498366],[2.538491738705463,48.82276692622978],[2.53887930016623,48.82280307833006],[2.539265347113026,48.82284571550093],[2.539649630753102,48.822894810264664],[2.540031903428027,48.82295033098186],[2.540411918773022,48.82301224187178],[2.540789431875478,48.823080503035335],[2.541164199432525,48.823155070480766],[2.541535979907578,48.823235896151935],[2.541904533685777,48.82332292795928],[2.542269623228155,48.823416109813294],[2.542631013224532,48.823515381660606],[2.542988470744939,48.82362067952264],[2.543341765389556,48.823731935536784],[2.543349033169715,48.82373430083283],[2.543360768569473,48.82373812637957],[2.543372571789081,48.82374198277126],[2.543384442828676,48.823745870007926],[2.543396387135919,48.82374978811112],[2.543408404694669,48.82375373887948],[2.543420500936107,48.82375772413313],[2.543432670429034,48.82376174205182],[2.54344492405246,48.82376579447741],[2.543457259082719,48.823769881399045],[2.54346967821091,48.82377400642464],[2.543482186901187,48.82377816777727],[2.543494785120942,48.82378236905397],[2.543507478334132,48.823786608477874],[2.543520266524533,48.82379088784742],[2.54353315512355,48.82379520898289],[2.543546149562695,48.82379957370432],[2.543559249841926,48.82380398201177],[2.543572458668845,48.82380843571454],[2.543585786906227,48.823812938453024],[2.5435992318466,48.82381748841777],[2.543612804369225,48.82382208745056],[2.54362650442495,48.82382674094711],[2.543640340201982,48.823831447141146],[2.543654317115286,48.82383620965147],[2.543668443303954,48.82384103210757],[2.543682721491695,48.8238459145202],[2.543697162541633,48.8238508605297],[2.543711774608951,48.82385587196705],[2.543726563092378,48.82386095424942],[2.543741541595155,48.82386610922945],[2.543756718256117,48.8238713405366],[2.543772103921863,48.82387665360973],[2.543787712195562,48.82388205030143],[2.543803559355209,48.82388753787065],[2.543819658970958,48.823893121767135],[2.543836030061331,48.82389880746209],[2.54385268890407,48.823904602214526],[2.543869662656463,48.82391051512528],[2.543886975767967,48.82391655348573],[2.543904658087116,48.82392273000461],[2.543922744926392,48.82392905561359],[2.543941274289308,48.82393554485237],[2.543960300490236,48.82394221592254],[2.543979877810793,48.82394909062274],[2.544000079599734,48.82395619082732],[2.544020998142284,48.823963552874616],[2.544042750206003,48.82397121679739],[2.544065493285812,48.82397923717873],[2.544089439141809,48.82398769219921],[2.544114910903,48.82399669465474],[2.544142402746851,48.824006419172854],[2.544172821540853,48.824017189504836],[2.544208203707659,48.82402972778019],[2.544258231747017,48.82404746820137],[2.544308257032454,48.82406521578417],[2.553258371334844,48.827240151606176],[2.553313334433255,48.827259648308086],[2.553368294802339,48.8272791503688],[2.553407149076248,48.827292947529834],[2.55344054230044,48.82730481331818],[2.553470714800612,48.82731554424097],[2.553498652347418,48.82732548766804],[2.553524911608731,48.827334843612455],[2.553549837497583,48.827343730325794],[2.553573666221182,48.82735223685918],[2.553596571606103,48.827360421444475],[2.553618684006128,48.827368329554105],[2.553640098442473,48.8273759975302],[2.553660896396213,48.827383452668904],[2.553681145744195,48.82739072041492],[2.553700898099257,48.827397817156594],[2.553720196901763,48.827404759250534],[2.553739082884439,48.82741156124411],[2.553757588639543,48.82741823405582],[2.553775741311551,48.827424788583016],[2.553793568060575,48.827431233924415],[2.553811087907149,48.82743757554992],[2.553828319839197,48.82744382252652],[2.55384528560121,48.8274499803346],[2.55386199876525,48.82745605442284],[2.55387847017948,48.82746205022938],[2.553894716156017,48.827467971414855],[2.553910750267173,48.827473823427944],[2.553926575220816,48.82747960807786],[2.55394221003721,48.82748533083437],[2.553957654716436,48.827490991697566],[2.553972925538556,48.8274965979252],[2.553976672626817,48.82749797582561],[2.554265803898274,48.82760576559125],[2.55455292686761,48.82771587139866],[2.554556621687079,48.82771731023107],[2.554571672480727,48.82772316733485],[2.554586886067726,48.82772909881129],[2.554602270604411,48.82773510649052],[2.554617836971255,48.8277411922133],[2.554633593308833,48.82774735960829],[2.554649550449595,48.827753615911966],[2.554665719274049,48.82775996296501],[2.554682110630957,48.82776640620525],[2.554698740816859,48.82777295109153],[2.554715620664571,48.82777960486033],[2.554732771918937,48.827786372991625],[2.554750210860883,48.82779326274285],[2.554767959203445,48.82780028319114],[2.554786041367853,48.82780744522275],[2.554804484515479,48.82781475793579],[2.554823321207881,48.82782223584528],[2.554842586746772,48.8278298916781],[2.554862327266371,48.82783774539763],[2.554882591625206,48.827845816977785],[2.554903444978391,48.82785413185128],[2.554924966053513,48.82786272089945],[2.554947247119236,48.82787162404889],[2.554970418501781,48.827880890366735],[2.554994643056781,48.82789058703223],[2.55502015151923,48.82790080666797],[2.555047280480955,48.827911685473204],[2.555076567431328,48.82792343776542],[2.555108965146684,48.82793644853999],[2.555146653371904,48.82795159496773],[2.555199941786908,48.82797302500687],[2.555253224767473,48.82799445859726],[2.557526871345007,48.828909151994885],[2.557571751905548,48.82892720311098],[2.557616635254364,48.82894525062289],[2.557648380006979,48.82895800455566],[2.557675672893929,48.82896895890817],[2.557700340805207,48.82897885275489],[2.557723195418808,48.82898801117493],[2.557744684647216,48.82899661395694],[2.557765093541377,48.829004773713265],[2.557784617525305,48.82901257213463],[2.557803392345763,48.82902006190383],[2.55782152384756,48.82902728839412],[2.557839096209264,48.82903428250638],[2.557856174588035,48.82904106967217],[2.557872810520198,48.82904767527076],[2.557889047480997,48.82905411205998],[2.557904923449721,48.82906039817238],[2.557920468296552,48.82906654451471],[2.557935709167703,48.82907256198327],[2.557950673209315,48.82907846147437],[2.557965373978663,48.82908425023475],[2.557979833221115,48.82908993374403],[2.557994067202123,48.829095521057965],[2.55800808951074,48.82910101582614],[2.558021910980003,48.82910642528486],[2.558035545214648,48.82911175128506],[2.558049003047735,48.82911700106304],[2.558062292635916,48.8291221764488],[2.55807542211978,48.82912728107096],[2.558088399639931,48.82913231855815],[2.55810123333708,48.82913729253896],[2.558113931383559,48.82914220304483],[2.55812649645602,48.82914705548203],[2.5581389340027,48.829151849871515],[2.558151252164131,48.829156589841844],[2.558163453648696,48.829161277202175],[2.558175546612895,48.82916591378246],[2.558187531056764,48.829170499582744],[2.558199412380792,48.829175040019734],[2.558211196065149,48.8291795315172],[2.55822288204626,48.82918398126951],[2.558234475804198,48.82918838570047],[2.558245982755424,48.82919274842819],[2.558257402899986,48.829197069452704],[2.558268738930243,48.829201352381624],[2.55827999631032,48.82920559543734],[2.558291175024321,48.82920980041843],[2.558302277780562,48.82921396913399],[2.558313307303113,48.8292181015945],[2.558324263576183,48.829222199598554],[2.558335152047955,48.82922626316705],[2.558345972718391,48.82923029230008],[2.55835672827997,48.82923429060521],[2.558367421472717,48.829238256294396],[2.558378052296497,48.829242189367655],[2.558388620719578,48.82924609342211],[2.558399132206206,48.829249966680145],[2.558409586740499,48.82925381094037],[2.558419984306481,48.829257628001336],[2.558430327660027,48.82926141427642],[2.558440616769415,48.829265173362764],[2.558450857067204,48.82926890707986],[2.558461043136523,48.829272611809664],[2.558471183118403,48.829276291180726],[2.558481271564183,48.82927994517212],[2.558491313922474,48.8292835738048],[2.558501310193046,48.82928717707878],[2.558511263100193,48.82929075500449],[2.55852116990373,48.829294309370134],[2.558531033327951,48.8292978401861],[2.558540853372733,48.82930134745244],[2.558550632746429,48.82930483297817],[2.558560371480597,48.829308293166214],[2.558570069527794,48.829311733412226],[2.5585797296439,48.829315150129595],[2.558589351797111,48.82931854691543],[2.558598933294972,48.82932192016215],[2.558608482278233,48.8293252734983],[2.558617990590364,48.829328605093934],[2.558627466387759,48.82933191677898],[2.558636906946484,48.829335208543014],[2.558646312282155,48.82933847858748],[2.558655685087401,48.82934173051996],[2.558665025393776,48.82934496074335],[2.558674333169692,48.829348172854765],[2.55868360569091,48.829351366843795],[2.55869285114571,48.82935454094322],[2.55870206407,48.829357696930714],[2.558711247203617,48.82936083301821],[2.558720400515079,48.829363952802744],[2.558729524035938,48.82936705268728],[2.558738617750243,48.82937013447039],[2.558747684366567,48.82937319996109],[2.558756723900427,48.82937624736078],[2.558765733612058,48.82937927845762],[2.558774718965518,48.82938229147397],[2.558783677236573,48.829385286399344],[2.558792608393642,48.82938826683094],[2.558801515192501,48.82939122918201],[2.558810394893181,48.82939417524073],[2.558819250219688,48.829397105017534],[2.558828081172214,48.829400018512445],[2.558829175896737,48.82940037704344],[2.559101021311461,48.82948613544658],[2.559377118683166,48.829565753574954],[2.559657149929858,48.82963913969786],[2.559940792432778,48.82970620926437],[2.560227719408382,48.82976688500073],[2.56051760028517,48.829821096999595],[2.560810101084869,48.829868782800496],[2.561104884807581,48.829909887462016],[2.561401611820425,48.82994436362512],[2.561402820298144,48.82994449054178],[2.561412569845686,48.829945506186334],[2.561422357564035,48.82994651837837],[2.561432178004687,48.829947527097126],[2.561442033891995,48.82994853235299],[2.561451925241596,48.82994953234735],[2.561461852022014,48.829950530677344],[2.561471816988877,48.82995152375622],[2.561481817386659,48.82995251517076],[2.561491855970886,48.829953501334124],[2.561501932725921,48.82995448404489],[2.561512047635929,48.82995546510169],[2.561522200732481,48.8299564409073],[2.561532397448248,48.82995741328108],[2.561542629610571,48.82995838219185],[2.561552905392008,48.829959347670766],[2.561563222068509,48.82996030970744],[2.561573582364227,48.82996126831224],[2.561583983539175,48.82996222527332],[2.561594428348971,48.82996317700393],[2.56160491950224,48.82996412531302],[2.561615454258893,48.829965071988774],[2.561626032650497,48.82996601343402],[2.561636660093995,48.82996695326668],[2.561647331156714,48.82996788966734],[2.561658054011213,48.82996882266719],[2.561668823209188,48.829969752245454],[2.561679641474689,48.82997067841249],[2.561690511516244,48.82997160297724],[2.561701430625531,48.82997252413074],[2.561712404250755,48.8299734418937],[2.561723429652139,48.82997435805434],[2.561734509585189,48.8299752690259],[2.561745644002928,48.82997618020404],[2.561756835676591,48.829977086203435],[2.561768084574724,48.829977990621195],[2.561779393437413,48.8299788916691],[2.561790759524576,48.829979791135386],[2.56180218556047,48.829980689030336],[2.561813677024956,48.829981581777616],[2.561825228422452,48.82998247475213],[2.561836845232818,48.82998336437748],[2.561848530180209,48.82998425066403],[2.561860283249107,48.82998513541032],[2.561872101715055,48.829986018605965],[2.561883993750823,48.82998690028207],[2.561895959372134,48.82998777864009],[2.561907995823293,48.82998865726668],[2.56192011130841,48.829989532595874],[2.561932303087512,48.829990406415824],[2.561944576624831,48.82999127694867],[2.561956929164575,48.8299921477812],[2.561969368895234,48.82999301714592],[2.561981893092555,48.829993885032415],[2.561994507189234,48.82999475325998],[2.562007211216712,48.829995618231486],[2.562020010591865,48.82999648356473],[2.562032905330619,48.829997347461166],[2.562045900865569,48.829998211740104],[2.562058999936695,48.82999907461324],[2.562072202528284,48.829999937879144],[2.562085516828624,48.83000079977036],[2.562098942822003,48.83000166208539],[2.562112488681199,48.83000252485532],[2.562126154406014,48.830003388080144],[2.56213994544507,48.83000425178053],[2.562153864522427,48.8300051159668],[2.562167922519306,48.830005982478994],[2.562182119451324,48.83000684951846],[2.562196463475651,48.83000771891491],[2.562210960056115,48.83000858889038],[2.562225614625731,48.83000946126413],[2.562240438081129,48.830010336077656],[2.562255433130972,48.83001121513975],[2.562270610687704,48.830012096693345],[2.562285981632556,48.83001298257836],[2.562301554153816,48.83001387102726],[2.562317339117013,48.830014765678634],[2.562333350143145,48.83001566658416],[2.562349598144863,48.83001657198671],[2.562366099451618,48.83001748374695],[2.562382873117323,48.83001840373589],[2.562399932762984,48.830019332005314],[2.562417300166679,48.83002027043654],[2.562435002570502,48.83002121913315],[2.562453064492396,48.83002217818824],[2.562471518575771,48.83002315312178],[2.562490397542756,48.83002414046079],[2.562509750366215,48.83002514758599],[2.562529623373673,48.83002617287469],[2.562550081914758,48.830027220172525],[2.562571199496185,48.83002829515477],[2.562593071449844,48.83002939998224],[2.562615823026578,48.83003054232556],[2.562639614908103,48.83003172819124],[2.562664675818429,48.830032971039046],[2.562691338017502,48.83003428292351],[2.562720124318954,48.83003569281132],[2.562751976939626,48.83003724565234],[2.56278903903505,48.8300390413233],[2.562841451636389,48.83004156983158],[2.562893867014333,48.830044092930564],[2.569975489884735,48.83038440459274],[2.5700259915696,48.830386832745255],[2.570076490488896,48.83038926626108],[2.570112199672138,48.830390995156314],[2.570142892671552,48.83039248945245],[2.570170625510907,48.83039384677078],[2.57019631319297,48.83039511010351],[2.570220459484498,48.83039630651579],[2.57024338573714,48.83039744980008],[2.570265307072445,48.83039855155283],[2.570286381465034,48.83039961596229],[2.570306725979807,48.83040065245955],[2.570326438673714,48.83040166321004],[2.570345584897349,48.8304026520555],[2.57036423000152,48.830403622837686],[2.570382423006888,48.83040457753864],[2.57040020205272,48.830405516301035],[2.57041760523204,48.83040644466332],[2.570434659802527,48.83040736092881],[2.57045139571541,48.83040826700823],[2.570467832040115,48.830409162972906],[2.570483990539727,48.83041005250155],[2.570499890283986,48.83041093566555],[2.570515544893969,48.83041181251579],[2.570530970715033,48.83041268311353],[2.570546178644083,48.83041354749947],[2.570561182271479,48.83041440932175],[2.570575989785357,48.83041526681242],[2.570590614806803,48.830416120022434],[2.570605062768958,48.830416970770706],[2.570619344568728,48.830417819098045],[2.570633462930283,48.83041866501468],[2.570647428750532,48.83041950856141],[2.570661250186903,48.830420351567305],[2.570674927254591,48.83042119223386],[2.570688470835303,48.830422032400406],[2.570701883653214,48.83042287207714],[2.5707151684479,48.830423709475724],[2.570728336085466,48.83042454823403],[2.570741383857231,48.83042538654334],[2.570754319935731,48.8304262244342],[2.57076714704524,48.83042706191683],[2.57077986789463,48.830427900800025],[2.57079248794776,48.83042873930555],[2.570805007189225,48.830429579232025],[2.570817431067379,48.83043042059985],[2.570829759597822,48.830431261610435],[2.57084200093769,48.8304321040929],[2.570854152362799,48.83043294803715],[2.570866219321607,48.8304337934635],[2.570878201814112,48.83043464037195],[2.57089010257999,48.83043548697418],[2.570901927036902,48.83043633688768],[2.570913672475861,48.830437188303726],[2.57092534162135,48.83043804123249],[2.570936939906228,48.830438897492925],[2.570948464637207,48.83043975347773],[2.570959921231752,48.83044061280442],[2.570971306981278,48.83044147366423],[2.570982630042931,48.830442337886325],[2.570993884983742,48.83044320365176],[2.57100507725207,48.83044407098087],[2.57101620683252,48.83044494167229],[2.571027273725191,48.83044581572607],[2.571038283393838,48.830446691363896],[2.571049233114379,48.83044756857566],[2.571060122871217,48.83044844915999],[2.571061927839329,48.83044859618642],[2.571395587575531,48.830479182340866],[2.571727660231375,48.83051654697342],[2.572057829991941,48.83056065454913],[2.57238578284973,48.830611463120135],[2.572711206902922,48.83066892436562],[2.573033792651658,48.83073298363759],[2.573353233292068,48.83080358001288],[2.573669225007718,48.83088064635098],[2.573981467258262,48.8309641093578],[2.574289663064991,48.83105388965531],[2.574593519292992,48.831149901856946],[2.574892746929719,48.83125205464874],[2.57489434948048,48.831252623544714],[2.574904013685487,48.83125605328839],[2.574913723991005,48.83125950838249],[2.574923480397158,48.83126298882704],[2.574933282919124,48.83126649282342],[2.574943131541774,48.83127002217018],[2.574953031713485,48.831273576887455],[2.574962980695005,48.83127715876379],[2.574972981210486,48.83128076780916],[2.57498303327521,48.831284402225045],[2.574993139583027,48.831288065618594],[2.575003302858295,48.831291757999914],[2.575013520391865,48.83129547756029],[2.575023797602026,48.83129922791707],[2.575034134488606,48.83130300907014],[2.575044531067091,48.83130681922102],[2.575054992755471,48.831310661986876],[2.575065519568928,48.83131453556916],[2.575076111477203,48.83131844356501],[2.57508677394404,48.83132238419596],[2.575097506954228,48.831326359260586],[2.575108310492659,48.83133037055738],[2.575119192732065,48.831334418116555],[2.575130150948358,48.83133850192806],[2.575141190559449,48.831342625609125],[2.575152311580932,48.831346787361134],[2.575163519430622,48.83135099080136],[2.575174816833105,48.831355235939824],[2.57518620651256,48.831359522786585],[2.575197691162986,48.831363854948854],[2.5752092762328,48.831368232446685],[2.575220961707019,48.83137265707864],[2.575232755743157,48.831377130673445],[2.575244661035227,48.83138165683827],[2.575256683047106,48.83138623379465],[2.575268827181604,48.83139086695836],[2.575281098902603,48.831395554551],[2.575293503597988,48.831400303786864],[2.575306046716209,48.83140511468608],[2.575318736415015,48.83140998907733],[2.575331578112691,48.83141493057784],[2.575344585385094,48.83141994463362],[2.57535776366556,48.83142503306324],[2.575371121096531,48.83143019949406],[2.575384671269334,48.83143544757336],[2.57539842772919,48.83144078634435],[2.575412401373487,48.83144621584714],[2.575426608456576,48.831451746933446],[2.575441068018415,48.831457383270745],[2.575455799067999,48.831463132123666],[2.575470820569251,48.83146900615249],[2.575486162428367,48.831475012662025],[2.575501854506377,48.831481164352844],[2.575517929373153,48.831487475734065],[2.57553443318964,48.83149396496221],[2.575551412116939,48.8315006501938],[2.575568934064742,48.83150755506148],[2.57558707773347,48.83151471582808],[2.575605940893647,48.831522168826716],[2.575625662012937,48.831529970325654],[2.575646428459608,48.831538192961126],[2.575668511720226,48.831546949249464],[2.575692348991803,48.831556408075805],[2.575718719531277,48.83156688167873],[2.57574939366209,48.83157907625536],[2.575792764204812,48.83159633044584],[2.575836129283138,48.831613589995605],[2.57791773599216,48.832442173174115],[2.577961564113048,48.83245961887364],[2.578005386755288,48.832477071730736],[2.578036365839325,48.83248941969449],[2.578062989497556,48.832500039372874],[2.578087041686773,48.83250964237732],[2.578109312555562,48.83251854457009],[2.578130242008558,48.83252691843595],[2.578150109729307,48.832534874718085],[2.578169100336698,48.83254248963675],[2.578187355057321,48.832549815870706],[2.578204971603873,48.83255689694585],[2.578222034173654,48.832563763748006],[2.578238605229418,48.83257043988873],[2.578254733612404,48.83257694892952],[2.578270465530323,48.832583303630436],[2.578285838972533,48.83258952211729],[2.578300878367175,48.832595615271615],[2.57831561359112,48.832601593994816],[2.578330066378431,48.83260746556127],[2.578344255708733,48.83261324083242],[2.578358203346198,48.832618923485526],[2.578371920127851,48.83262452075481],[2.57838541961463,48.83263003988466],[2.578398718122253,48.83263548453225],[2.578411826517846,48.832640858334706],[2.578424750204612,48.83264616670782],[2.578437502773999,48.83265141329869],[2.578450089659382,48.83265659992601],[2.578462521727926,48.832661730226874],[2.578474804398096,48.83266680781845],[2.578486943088057,48.83267183631794],[2.578498945970949,48.83267681575531],[2.578510815755972,48.8326817479392],[2.578522560585717,48.83268663649675],[2.578534183154372,48.832691485035085],[2.578545691649913,48.83269629178569],[2.578557086042234,48.83270106034572],[2.578568369040456,48.832705792523726],[2.578579548817542,48.832710488349775],[2.578590628082619,48.83271514963241],[2.578601606820719,48.83271977817022],[2.578612493189485,48.83272437579177],[2.578623284464769,48.83272894248716],[2.578633986080017,48.832733480074864],[2.578644600744372,48.83273799036355],[2.578655131197424,48.83274247156455],[2.578665580133096,48.8327469272851],[2.578675947551352,48.832751357525225],[2.578686238901074,48.83275576230484],[2.578696451442494,48.832760143412614],[2.578706590624499,48.83276450086856],[2.578716659156245,48.832768836481186],[2.5787266570376,48.83277315025049],[2.578736584268631,48.832777442176585],[2.578746446282913,48.832781714077974],[2.578756240340989,48.83278596774328],[2.578765971921686,48.8327901995953],[2.578775638255313,48.83279441501982],[2.578785244820801,48.832798610439625],[2.578794788878595,48.83280278764338],[2.578804275847261,48.832806950248234],[2.578813705772022,48.832811092858385],[2.57882307860761,48.83281522086965],[2.578832394354001,48.83281933428199],[2.578841655750498,48.83282343130685],[2.578850862797282,48.83282751194422],[2.578860018188314,48.83283157980125],[2.578869121938788,48.832835633079405],[2.578878176772998,48.83283967178865],[2.578887179966609,48.83284369591904],[2.578896134213692,48.83284770907765],[2.578905039544452,48.832851707667444],[2.57891389865306,48.83285569529546],[2.578922711554612,48.83285967016318],[2.578931475524574,48.83286363226065],[2.578940198721163,48.832867583416366],[2.578948875695433,48.832871523610365],[2.578957506462576,48.83287545104417],[2.578966096441089,48.83287936933476],[2.578974645646066,48.83288327668365],[2.578983151353074,48.83288717308087],[2.578991616286415,48.832891058536426],[2.579000037691641,48.832894936637445],[2.579008423787113,48.83289880201815],[2.57901676635434,48.83290266004435],[2.57902507358167,48.83290650894745],[2.579033340020052,48.83291034870745],[2.579041568394194,48.83291417933438],[2.579049758703778,48.83291800082819],[2.579057913658308,48.83292181499749],[2.579066030548356,48.83292562003369],[2.579074114822646,48.832929415956805],[2.579082161002318,48.832933206344016],[2.579090171841791,48.83293698760813],[2.579098147326148,48.83294076154777],[2.579106090179596,48.8329445281729],[2.579113997677804,48.832948287473535],[2.579121872545081,48.83295203945968],[2.579129714766413,48.832955785929876],[2.579137521632473,48.83295952507564],[2.579145298591888,48.8329632569169],[2.57915304292043,48.83296698144366],[2.579160754587884,48.83297070225316],[2.579168436363867,48.83297441395953],[2.57917608547864,48.83297812194864],[2.579178144958338,48.83297912053039],[2.579408657207459,48.83309523091624],[2.579632806205658,48.83321665022537],[2.579850311528727,48.833343226580084],[2.580060901056589,48.83347480165084],[2.580264311313683,48.833611210854095],[2.580460287798597,48.83375228355812],[2.580648585302483,48.8338978432962],[2.580828968215917,48.83404770798728],[2.581001210823768,48.83420169016361],[2.581165097587748,48.83435959720505],[2.581320423416246,48.83452123157993],[2.581466993921149,48.83468639109199],[2.581604625661305,48.834854869133224],[2.581733146372327,48.83502645494216],[2.581852395182438,48.83520093386743],[2.581962222814112,48.835378087636194],[2.582062491771225,48.83555769462702],[2.58215307651152,48.835739530147144],[2.582233863604108,48.835923366713395],[2.582304751871879,48.83610897433667],[2.582365652518571,48.83629612080968],[2.5824164892404,48.83648457199732],[2.582457198322059,48.836674092129584],[2.582487728716981,48.8368644440964],[2.582508042111783,48.83705538974431],[2.58251811297477,48.8372466901744],[2.582517928588461,48.83743810604113],[2.582507489066094,48.83762939785183],[2.582507349693076,48.83763108266031],[2.582506831651711,48.837637338206605],[2.582506302546991,48.83764361349764],[2.582505759654134,48.83764990852351],[2.582505202973136,48.83765622328422],[2.582504635213681,48.83766255958828],[2.582504053666074,48.837668915627155],[2.582503458315322,48.83767529319946],[2.582502851886099,48.83768169231505],[2.582502231653823,48.8376881129641],[2.582501597618385,48.83769455514655],[2.582500952489373,48.83770102067086],[2.58250029355729,48.83770750772861],[2.58249961809745,48.83771401630988],[2.582498934253712,48.837720550041475],[2.58249823386712,48.837727107095205],[2.582497519662447,48.83773368748093],[2.582496791639685,48.83774029119863],[2.582496052508325,48.837746920056766],[2.582495296804111,48.837753575834135],[2.582494530006473,48.83776025495342],[2.582493746650953,48.83776695919337],[2.582492949447343,48.83777369036246],[2.582492141120117,48.837780448470575],[2.582491316220206,48.83778723349793],[2.582490477471982,48.83779404545439],[2.58248962213597,48.83780088612869],[2.582488755661431,48.83780775554062],[2.582487872614076,48.837814651871746],[2.58248697568851,48.83782157872916],[2.582486062160039,48.83782853610297],[2.582485134753444,48.83783552400303],[2.582484193468715,48.837842542429435],[2.582483235581059,48.83784959137216],[2.582482261075479,48.83785667262986],[2.582481272661773,48.837863788011006],[2.582480267630228,48.8378709357071],[2.582479248690438,48.837878117526614],[2.582478213117705,48.83788533345966],[2.582477160882254,48.83789258710339],[2.58247609201384,48.83789987486065],[2.582475006482587,48.837907200328594],[2.582473904303369,48.83791456170862],[2.582472788170996,48.837921962607815],[2.582471652636079,48.83792940300633],[2.58247050040831,48.83793688471268],[2.582469328777974,48.83794440591838],[2.582468143164372,48.83795197024038],[2.582466938133297,48.83795957586031],[2.582465713654562,48.8379672263753],[2.582464472437965,48.83797492359384],[2.582463211773888,48.83798266570741],[2.582461934371824,48.837990454524586],[2.582460634767589,48.837998291824036],[2.582459318395473,48.83800617942417],[2.582457982515679,48.838014119113694],[2.582456624418789,48.83802210908413],[2.582455249508918,48.83803015475092],[2.582453849612166,48.83803825608446],[2.582452432902508,48.83804641311439],[2.582450993885675,48.83805463121666],[2.582449532591524,48.83806290679413],[2.582448048960195,48.838071247041036],[2.582446542991569,48.83807965195744],[2.582445011961131,48.83808812153343],[2.582443458548402,48.83809666117462],[2.582441882738479,48.83810527267958],[2.582440281806639,48.83811395603843],[2.582438655707907,48.83812271664682],[2.582437004442259,48.83813155450486],[2.582435325225024,48.83814047679686],[2.582433618071268,48.838149481724294],[2.582431885645722,48.838158576491345],[2.58243012246888,48.83816776467532],[2.582428331265522,48.83817704628618],[2.582426506511275,48.83818643029695],[2.582424653640532,48.83819591852603],[2.582422767143906,48.8382055181479],[2.582420844281772,48.838215230951235],[2.582418890428572,48.83822506594872],[2.582416897365086,48.83823502850635],[2.582414865031529,48.83824512581841],[2.582412796092516,48.83825536508916],[2.582410682284055,48.83826575708029],[2.582408526285843,48.83827630719746],[2.582406325268208,48.83828702802074],[2.582404073676862,48.83829793212035],[2.582401771406931,48.83830903208632],[2.582399412873935,48.83832034408604],[2.5823969952184,48.83833188429677],[2.582394515550768,48.838343672492876],[2.582391965501864,48.83835573202618],[2.582389342107267,48.83836809166391],[2.582386636938122,48.83838078195216],[2.582383841475423,48.83839384422841],[2.582380944415673,48.83840732701458],[2.582377931640791,48.838421289614104],[2.582374786143067,48.83843581110483],[2.58237148798007,48.83845099573471],[2.582368000531624,48.83846698726104],[2.582364278418897,48.838483999555656],[2.582360248026773,48.83850236509739],[2.582355776273022,48.83852268594323],[2.582350560223702,48.83854632795016],[2.58234316449881,48.83857976096545],[2.582335757880328,48.838613192142],[2.582092008918367,48.83971324489957],[2.582087931721986,48.83973164443351],[2.582083840898761,48.83975004391779],[2.582080936725934,48.83976305362975],[2.582078429286182,48.83977423378042],[2.582076151549858,48.83978433558919],[2.582074029898802,48.839793691534645],[2.582072024641662,48.83980248673118],[2.582070110310802,48.839810834399856],[2.582068269882938,48.83981881541701],[2.582066489239256,48.83982648908604],[2.582064757150927,48.839833894936],[2.582063067853394,48.83984107071709],[2.582061418426894,48.839848039800884],[2.582059800502268,48.839854825539106],[2.582058211219843,48.83986144410901],[2.582056644980045,48.83986791347654],[2.582055101707992,48.839874242634586],[2.5820535785588,48.83988044596176],[2.582052075457683,48.839886532451],[2.582050880109844,48.839891330442654],[2.582042472841083,48.83992430110834],[2.582014291557762,48.84002619952165],[2.581982893868086,48.84012768741405],[2.58198134192379,48.84013244094168],[2.581979362452473,48.84013846814229],[2.581977332989636,48.8401446084747],[2.581975253460227,48.84015087093176],[2.58197311830966,48.84015726808367],[2.581970921998349,48.840163810702066],[2.581968661651496,48.84017051676274],[2.581966326264872,48.840177398816145],[2.58196391288854,48.84018448383089],[2.581961410443433,48.84019179335028],[2.581958807730331,48.840199363306176],[2.581956090780066,48.840207235016145],[2.58195323458955,48.840215465945455],[2.58195021671522,48.84022413335346],[2.581946995340059,48.84023335040166],[2.581943506263652,48.84024330031671],[2.581939629589596,48.840254310012945],[2.581935108485935,48.84026711599399],[2.581928698411976,48.84028522465663],[2.58192227744921,48.840303331480655],[2.579754147071163,48.84641388222942],[2.579747532054517,48.846432518809564],[2.579740906132536,48.84645115534945],[2.579736206393009,48.846464331102496],[2.579732157170662,48.84647565304973],[2.579728487719046,48.84648588461821],[2.579725078067697,48.846495358115504],[2.579721861230257,48.84650426215265],[2.579718795334449,48.846512715285996],[2.579715855205778,48.84652079476453],[2.579713015805392,48.84652856165001],[2.579710263130517,48.846536060857005],[2.579707586024522,48.846543322921356],[2.579704976085586,48.84655037479178],[2.579702422202212,48.84655724160849],[2.579699918788442,48.84656393953866],[2.579697462983372,48.84657048475948],[2.579695049231312,48.846576889841096],[2.579692671991448,48.846583165554925],[2.579690437141667,48.846589035299466],[2.579618989840787,48.84676387047521],[2.579616450212987,48.84676968514555],[2.579613724651089,48.846775898431375],[2.579610932644131,48.846782235579454],[2.579608068636388,48.84678870915995],[2.579605129811988,48.846795329954276],[2.579602105149556,48.84680211231119],[2.57959898903298,48.846809075995],[2.579595770395589,48.846816240750144],[2.579592435370167,48.846823635304],[2.579588972784368,48.846831291990966],[2.579585357765001,48.84683925208851],[2.579581568012691,48.846847574869805],[2.579577564711463,48.846856339332504],[2.579573295117752,48.84686566039585],[2.579568673212772,48.84687572120535],[2.579563546336728,48.84688685215017],[2.579557570294004,48.84689980020064],[2.579549099300653,48.84691810803046],[2.579540617430779,48.84693641222265],[2.579207333021326,48.84765561161654]],"type":"LineString"},"properties":{"shape_leng":32743.3056039,"id_ligne":"1500","id_sous_li":"15SU","niv_type":"Axe ligne","ligne":"Ligne 15 Sud","producteur":"SGP","date":"2017-04-01","geo_point_2d":{"lon":2.4129715544939607,"lat":48.80825362431019}}}]}