{"type": "FeatureCollection", "features": [{"type": "Feature", "geometry": {"coordinates": [[[2.384209720351069, 48.83858620193177], [3.2673805413803247, 48.19822559869753], [3.3933455145306635, 47.9736702613508], [3.512704589147005, 47.96123211217611]], [[3.512704241157958, 47.961196115633506], [3.393345247491049, 47.973634264773985], [3.2673805413803247, 48.19822559869753], [2.384209720351069, 48.83858620193177]], [[3.512704241157958, 47.961196115633506], [3.393345247491049, 47.973634264773985], [3.2673805413803247, 48.19822559869753], [2.376365660931201, 48.84340211646564]], [[2.376365660931201, 48.84340211646564], [3.2673805413803247, 48.19822559869753], [3.3933455145306635, 47.9736702613508], [3.512704589147005, 47.96123211217611]], [[3.5126763134529835, 47.96107924372578], [3.393345247491049, 47.973634264773985], [3.2673805413803247, 48.19822559869753], [2.376365660931201, 48.84340211646564]], [[2.384209720351069, 48.83858620193177], [3.2673805413803247, 48.19822559869753], [3.393667054376571, 47.973655686300866], [3.5126763134529835, 47.96107924372578]], [[3.5126763134529835, 47.96107924372578], [3.393345247491049, 47.973634264773985], [3.2673805413803247, 48.19822559869753], [2.384209720351069, 48.83858620193177]], [[2.384209720351069, 48.83858620193177], [3.0720201061041963, 48.34261875935412], [3.130154840410363, 48.32421062271411], [3.201822135556628, 48.286200143295794], [3.2673805413803247, 48.19822559869753], [3.2900826338816094, 48.13765030143217], [3.2865046950805197, 48.085206695756156], [3.302762450780337, 48.02662402302481], [3.393667054376571, 47.973655686300866], [3.5126763134529835, 47.96107924372578]], [[3.5126763134529835, 47.96107924372578], [3.393667054376571, 47.973655686300866], [3.302762450780337, 48.02662402302481], [3.2865046950805197, 48.085206695756156], [3.2900826338816094, 48.13765030143217], [3.2673805413803247, 48.19822559869753], [3.201822135556628, 48.286200143295794], [3.130154840410363, 48.32421062271411], [3.0720201061041963, 48.34261875935412], [2.384209720351069, 48.83858620193177]], [[2.384209720351069, 48.83858620193177], [3.2673805413803247, 48.19822559869753], [3.393667054376571, 47.973655686300866], [3.512704589147005, 47.96123211217611]], [[3.5126763134529835, 47.96107924372578], [3.393667054376571, 47.973655686300866], [3.302762450780337, 48.02662402302481], [3.2865046950805197, 48.085206695756156], [3.2900826338816094, 48.13765030143217], [3.2673805413803247, 48.19822559869753], [3.201822135556628, 48.286200143295794], [3.130154840410363, 48.32421062271411], [3.0720201061041963, 48.34261875935412], [2.9421572832338057, 48.3793787716125], [2.816978982225445, 48.38285029206063], [2.8013834338542525, 48.378209843455316], [2.726957503251687, 48.417269296160036], [2.6916786857051243, 48.47565918632762], [2.6547944064360576, 48.527302644235725], [2.376365660931201, 48.84340211646564]], [[3.5126763134529835, 47.96107924372578], [3.393667054376571, 47.973655686300866], [3.302762450780337, 48.02662402302481], [3.2865046950805197, 48.085206695756156], [3.2900826338816094, 48.13765030143217], [3.2673805413803247, 48.19822559869753], [3.201822135556628, 48.286200143295794], [3.130154840410363, 48.32421062271411], [3.0720201061041963, 48.34261875935412], [2.941886970863049, 48.37956757119656], [2.798746300369766, 48.40740864759136], [2.376365660931201, 48.84340211646564]], [[2.384209720351069, 48.83858620193177], [3.2673805413803247, 48.19822559869753], [3.3933455145306635, 47.9736702613508], [3.5126763134529835, 47.96107924372578]], [[3.512704241157958, 47.961196115633506], [3.393667054376571, 47.973655686300866], [3.2673805413803247, 48.19822559869753], [2.384209720351069, 48.83858620193177]], [[2.376365660931201, 48.84340211646564], [3.2673805413803247, 48.19822559869753], [3.393667054376571, 47.973655686300866], [3.512704589147005, 47.96123211217611]], [[2.384209720351069, 48.83858620193177], [2.9419005257786592, 48.379522594081244], [3.0720201061041963, 48.34261875935412], [3.130154840410363, 48.32421062271411], [3.201822135556628, 48.286200143295794], [3.2673805413803247, 48.19822559869753], [3.2900826338816094, 48.13765030143217], [3.2865046950805197, 48.085206695756156], [3.302762450780337, 48.02662402302481], [3.393667054376571, 47.973655686300866], [3.512704589147005, 47.96123211217611]], [[3.5126763134529835, 47.96107924372578], [3.393667054376571, 47.973655686300866], [3.2673805413803247, 48.19822559869753], [2.384209720351069, 48.83858620193177]], [[3.512704241157958, 47.961196115633506], [3.393667054376571, 47.973655686300866], [3.302762450780337, 48.02662402302481], [3.2865046950805197, 48.085206695756156], [3.2900826338816094, 48.13765030143217], [3.2673805413803247, 48.19822559869753], [3.201822135556628, 48.286200143295794], [3.130154840410363, 48.32421062271411], [3.0720201061041963, 48.34261875935412], [2.384209720351069, 48.83858620193177]], [[2.376365660931201, 48.84340211646564], [2.7990852091369076, 48.407121331317995], [2.9418868714700865, 48.3796575386635], [3.0720201061041963, 48.34261875935412], [3.130154840410363, 48.32421062271411], [3.201822135556628, 48.286200143295794], [3.2673805413803247, 48.19822559869753], [3.2900826338816094, 48.13765030143217], [3.2865046950805197, 48.085206695756156], [3.302762450780337, 48.02662402302481], [3.393667054376571, 47.973655686300866], [3.5126763134529835, 47.96107924372578]], [[2.376365660931201, 48.84340211646564], [2.7990852091369076, 48.407121331317995], [2.9418868714700865, 48.3796575386635], [3.0720201061041963, 48.34261875935412], [3.130154840410363, 48.32421062271411], [3.201822135556628, 48.286200143295794], [3.2673805413803247, 48.19822559869753], [3.2900826338816094, 48.13765030143217], [3.2865046950805197, 48.085206695756156], [3.302762450780337, 48.02662402302481], [3.393667054376571, 47.973655686300866], [3.512704589147005, 47.96123211217611]], [[2.376365660931201, 48.84340211646564], [2.653992393710011, 48.52775010295062], [2.691406449578979, 48.47593736006043], [2.7265853584629522, 48.416062901112994], [2.8004373439793637, 48.378406183643236], [2.816034975354176, 48.3824439769038], [2.9419005257786592, 48.379522594081244], [3.0720201061041963, 48.34261875935412], [3.130154840410363, 48.32421062271411], [3.201822135556628, 48.286200143295794], [3.2673805413803247, 48.19822559869753], [3.2900826338816094, 48.13765030143217], [3.2865046950805197, 48.085206695756156], [3.302762450780337, 48.02662402302481], [3.393667054376571, 47.973655686300866], [3.5126763134529835, 47.96107924372578]], [[2.376365660931201, 48.84340211646564], [3.2673805413803247, 48.19822559869753], [3.393667054376571, 47.973655686300866], [3.5126763134529835, 47.96107924372578]], [[3.512704241157958, 47.961196115633506], [3.393667054376571, 47.973655686300866], [3.302762450780337, 48.02662402302481], [3.2865046950805197, 48.085206695756156], [3.2900826338816094, 48.13765030143217], [3.2673805413803247, 48.19822559869753], [3.201822135556628, 48.286200143295794], [3.130154840410363, 48.32421062271411], [3.0720201061041963, 48.34261875935412], [2.376365660931201, 48.84340211646564]], [[2.376365660931201, 48.84340211646564], [3.0720201061041963, 48.34261875935412], [3.130154840410363, 48.32421062271411], [3.201822135556628, 48.286200143295794], [3.2673805413803247, 48.19822559869753], [3.2900826338816094, 48.13765030143217], [3.2865046950805197, 48.085206695756156], [3.302762450780337, 48.02662402302481], [3.393667054376571, 47.973655686300866], [3.5126763134529835, 47.96107924372578]], [[2.376365660931201, 48.84340211646564], [2.9419005257786592, 48.379522594081244], [3.0720201061041963, 48.34261875935412], [3.130154840410363, 48.32421062271411], [3.201822135556628, 48.286200143295794], [3.2673805413803247, 48.19822559869753], [3.2900826338816094, 48.13765030143217], [3.2865046950805197, 48.085206695756156], [3.302762450780337, 48.02662402302481], [3.393667054376571, 47.973655686300866], [3.512704589147005, 47.96123211217611]], [[2.376365660931201, 48.84340211646564], [3.2673805413803247, 48.19822559869753], [3.3933455145306635, 47.9736702613508], [3.5126763134529835, 47.96107924372578]]], "type": "MultiLineString"}, "properties": {"route_id": "IDFM:C01745", "route_short_name": "TER", "route_long_name": "TER Bourgogne - Franche-Comté", "route_type": "Rail", "route_color": "AAAAAA", "route_url": null, "id_ilico": "C01745", "operatorname": "SNCF", "networkname": "TER", "url": "https://ter.sncf.com/bourgogne-franche-comte", "long_name_first": "T", "geo_point_2d": {"lon": 2.9609651939470263, "lat": 48.39050804243181}}}, {"type": "Feature", "geometry": {"coordinates": [[[2.8877361621486646, 49.23110029091588], [2.699341153301264, 49.032338777075914], [2.356693437528564, 48.88230685842714]], [[2.356693437528564, 48.88230685842714], [2.6991773673106705, 49.032284416059525], [2.887749675011627, 49.23119919332447]], [[2.356693437528564, 48.88230685842714], [2.6991773673106705, 49.032284416059525], [2.745165896619675, 49.096500280964975], [2.794314153231533, 49.14285313981009], [2.887749675011627, 49.23119919332447]], [[2.8877361621486646, 49.23110029091588], [2.356693437528564, 48.88230685842714]], [[2.356693437528564, 48.88230685842714], [2.887749675011627, 49.23119919332447]], [[2.356693437528564, 48.88230685842714], [2.6991773673106705, 49.032284416059525], [2.8877361621486646, 49.23110029091588]], [[2.356693437528564, 48.88230685842714], [2.699046819624294, 49.03215183565455], [2.8877361621486646, 49.23110029091588]]], "type": "MultiLineString"}, "properties": {"route_id": "IDFM:C01863", "route_short_name": "TER", "route_long_name": "TER Hauts-de-France", "route_type": "Rail", "route_color": "AAAAAA", "route_url": null, "id_ilico": "C01863", "operatorname": "SNCF", "networkname": "TER", "url": "https://ter.sncf.com/hauts-de-france", "long_name_first": "T", "geo_point_2d": {"lon": 2.6349551191626692, "lat": 49.03852864573175}}}, {"type": "Feature", "geometry": {"coordinates": [[[3.4095842846599083, 49.03793329556799], [2.360305141171757, 48.87857171221123]], [[2.360305141171757, 48.87857171221123], [3.409543610516592, 49.03797839334402]], [[2.360305141171757, 48.87857171221123], [3.1241242139087406, 48.95073297526376], [3.409543610516592, 49.03797839334402]], [[2.360305141171757, 48.87857171221123], [3.2498913158304554, 48.5139215478158]], [[3.4095842846599083, 49.03793329556799], [3.125285000059918, 48.950830684769656], [2.360305141171757, 48.87857171221123]], [[3.2501140784117886, 48.513786141275986], [2.360305141171757, 48.87857171221123]], [[3.250147198521774, 48.51363314187917], [2.360305141171757, 48.87857171221123]], [[2.3597775177944245, 48.87878922816214], [3.2498913158304554, 48.5139215478158]], [[2.359586417668779, 48.87880619267836], [3.2498913158304554, 48.5139215478158]], [[2.360305141171757, 48.87857171221123], [3.4093798496559184, 49.038023910721314]], [[2.360305141171757, 48.87857171221123], [3.1241242139087406, 48.95073297526376], [3.4093798496559184, 49.038023910721314]], [[2.360305141171757, 48.87857171221123], [3.409522741444065, 49.037933505433955]]], "type": "MultiLineString"}, "properties": {"route_id": "IDFM:C01747", "route_short_name": "TER", "route_long_name": "TER Grand-Est", "route_type": "Rail", "route_color": "AAAAAA", "route_url": null, "id_ilico": "C01747", "operatorname": "SNCF", "networkname": "TER", "url": "https://ter.sncf.com/grand-est", "long_name_first": "T", "geo_point_2d": {"lon": 2.8546492794009817, "lat": 48.84985412417644}}}, {"type": "Feature", "geometry": {"coordinates": [[[2.384209720351069, 48.83858620193177], [2.008715650247469, 48.53370169164391], [1.779631964523447, 48.445347392939446], [1.6220416259899684, 48.27503094784323], [1.3862711811788562, 48.186422216965354], [1.3384330021828876, 48.073492940832686]], [[1.3384330021828876, 48.073492940832686], [1.3862711811788562, 48.186422216965354], [1.6220416259899684, 48.27503094784323], [1.779631964523447, 48.445347392939446], [2.0087547515531763, 48.53378298512208], [2.384209720351069, 48.83858620193177]], [[2.367818767583529, 48.84032035638395], [1.779631964523447, 48.445347392939446], [1.6220416259899684, 48.27503094784323], [1.3862711811788562, 48.186422216965354], [1.3384330021828876, 48.073492940832686]], [[1.3384330021828876, 48.073492940832686], [1.3862711811788562, 48.186422216965354], [1.6220416259899684, 48.27503094784323], [1.779631964523447, 48.445347392939446], [2.0087547515531763, 48.53378298512208], [2.367818767583529, 48.84032035638395]], [[2.367818767583529, 48.84032035638395], [2.1597838161887477, 48.437010092787695], [2.059784845749396, 48.37422410346918], [2.0327971770657607, 48.34878680472397], [2.003361165707455, 48.310797028694985]], [[2.0041399097912085, 48.31241421031221], [2.159742539155363, 48.437054784842196], [2.367818767583529, 48.84032035638395]], [[2.367818767583529, 48.84032035638395], [2.008715650247469, 48.53370169164391], [1.779631964523447, 48.445347392939446], [1.6220416259899684, 48.27503094784323], [1.3862711811788562, 48.186422216965354], [1.3384330021828876, 48.073492940832686]], [[2.368178807853333, 48.84040475532992], [2.1597838161887477, 48.437010092787695], [2.059784845749396, 48.37422410346918], [2.0327971770657607, 48.34878680472397], [2.003361165707455, 48.310797028694985]], [[2.0041399097912085, 48.31241421031221], [2.0321953016099426, 48.34848496689402], [2.0596213635423823, 48.37430378320441], [2.159742539155363, 48.437054784842196], [2.367818767583529, 48.84032035638395]], [[2.3675257201623707, 48.84032935505964], [2.1597838161887477, 48.437010092787695], [2.059784845749396, 48.37422410346918], [2.0327971770657607, 48.34878680472397], [2.003361165707455, 48.310797028694985]], [[2.0041399097912085, 48.31241421031221], [2.160144233977857, 48.43730054393787], [2.367818767583529, 48.84032035638395]], [[1.3384330021828876, 48.073492940832686], [1.3862711811788562, 48.186422216965354], [1.6220416259899684, 48.27503094784323], [1.779631964523447, 48.445347392939446], [2.367818767583529, 48.84032035638395]], [[2.367818767583529, 48.84032035638395], [2.008756915662106, 48.53376051220457], [1.779631964523447, 48.445347392939446], [1.6220416259899684, 48.27503094784323], [1.3862711811788562, 48.186422216965354], [1.3384330021828876, 48.073492940832686]], [[2.367818767583529, 48.84032035638395], [2.1597838161887477, 48.437010092787695], [2.0597027321607784, 48.37428478563944], [2.03249765465537, 48.34855884654156], [2.003361165707455, 48.310797028694985]], [[2.367818767583529, 48.84032035638395], [2.159819133907717, 48.437062675829104], [2.059784845749396, 48.37422410346918], [2.0327971770657607, 48.34878680472397], [2.003361165707455, 48.310797028694985]], [[2.0041399097912085, 48.31241421031221], [2.0321953016099426, 48.34848496689402], [2.0596213635423823, 48.37430378320441], [2.160144233977857, 48.43730054393787], [2.367818767583529, 48.84032035638395]]], "type": "MultiLineString"}, "properties": {"route_id": "IDFM:C01857", "route_short_name": "TER", "route_long_name": "TER Centre - Val-de-Loire", "route_type": "Rail", "route_color": "AAAAAA", "route_url": null, "id_ilico": "C01857", "operatorname": "SNCF", "networkname": "TER", "url": "https://ter.sncf.com/centre-val-de-loire", "long_name_first": "T", "geo_point_2d": {"lon": 1.9830458570152623, "lat": 48.49742331460292}}}, {"type": "Feature", "geometry": {"coordinates": [[[1.3704314171005363, 48.731106368847485], [2.134496264789487, 48.79504217049753], [2.316388731382968, 48.83841119933774]], [[2.316388731382968, 48.83841119933774], [1.3704314171005363, 48.731106368847485]], [[1.3704314171005363, 48.731106368847485], [2.316388731382968, 48.83841119933774]], [[2.316388731382968, 48.83841119933774], [2.1352721462429782, 48.79504778689972], [1.3704314171005363, 48.731106368847485]], [[2.316388731382968, 48.83841119933774], [2.1349078603373464, 48.79526039893613], [1.3704314171005363, 48.731106368847485]], [[1.3704314171005363, 48.731106368847485], [2.1343450409801523, 48.79513101766467], [2.316388731382968, 48.83841119933774]], [[1.3704314171005363, 48.731106368847485], [2.1349078603373464, 48.79526039893613], [2.316388731382968, 48.83841119933774]]], "type": "MultiLineString"}, "properties": {"route_id": "IDFM:C02370", "route_short_name": "TER", "route_long_name": "TER Normandie", "route_type": "Rail", "route_color": "AAAAAA", "route_url": null, "id_ilico": "C02370", "operatorname": "SNCF", "networkname": "TER", "url": null, "long_name_first": "T", "geo_point_2d": {"lon": 1.8446832511378874, "lat": 48.776805280135314}}}, {"type": "Feature", "geometry": {"coordinates": [[[1.943057018064192, 48.7551716132828], [2.0065902166898377, 48.7747853970692], [2.044615988930814, 48.78748491597792], [2.072712440765476, 48.79877460471833], [2.1349078603373464, 48.79526039893613], [2.1885894806735937, 48.81299614830529], [2.2007294495659546, 48.827253206930806], [2.2176312182469986, 48.846058536430505], [2.2210567895582143, 48.871689522026664], [2.2336164976472146, 48.8833721630466], [2.238418596250407, 48.892229801568206]], [[2.238418596250407, 48.892229801568206], [2.2336164976472146, 48.8833721630466], [2.2210567895582143, 48.871689522026664], [2.2176312182469986, 48.846058536430505], [2.2007294495659546, 48.827253206930806], [2.1885894806735937, 48.81299614830529], [2.1349078603373464, 48.79526039893613], [2.072712440765476, 48.79877460471833], [2.044615988930814, 48.78748491597792], [2.0065902166898377, 48.7747853970692], [1.943057018064192, 48.7551716132828]]], "type": "MultiLineString"}, "properties": {"route_id": "IDFM:C01741", "route_short_name": "U", "route_long_name": "U", "route_type": "Rail", "route_color": "B6134C", "route_url": null, "id_ilico": "C01741", "operatorname": "SNCF", "networkname": "Transilien", "url": "https://www.transilien.com/fr/page-lignes/ligne-u", "long_name_first": "U", "geo_point_2d": {"lon": 2.1066464679421975, "lat": 48.80508876035389}}}, {"type": "Feature", "geometry": {"coordinates": [[[1.477776772218189, 49.091626659828435], [1.5820331944921842, 49.03885766442064], [1.630567095484031, 48.99732367454093], [1.704300338058428, 48.98926613415906], [2.3244386552397684, 48.87747568635212]], [[2.3244386552397684, 48.87747568635212], [1.477776772218189, 49.091626659828435]], [[1.477776772218189, 49.091626659828435], [1.704300338058428, 48.98926613415906], [2.3244386552397684, 48.87747568635212]], [[2.3244386552397684, 48.87747568635212], [1.7035426576478747, 48.989509761909915], [1.6290670753758048, 48.99771124866978], [1.5820761825970486, 49.03878622690202], [1.477776772218189, 49.091626659828435]], [[1.477776772218189, 49.091626659828435], [2.3244386552397684, 48.87747568635212]], [[2.3244386552397684, 48.87747568635212], [1.7035426576478747, 48.989509761909915], [1.477776772218189, 49.091626659828435]], [[2.3246260929267435, 48.87774171193988], [1.477776772218189, 49.091626659828435]], [[2.3244386552397684, 48.87747568635212], [1.7038853443423192, 48.98891990531871], [1.477776772218189, 49.091626659828435]], [[2.3246668779807638, 48.877750935393365], [1.477776772218189, 49.091626659828435]]], "type": "MultiLineString"}, "properties": {"route_id": "IDFM:C01748", "route_short_name": "TER", "route_long_name": "TER Normandie", "route_type": "Rail", "route_color": "AAAAAA", "route_url": null, "id_ilico": "C01748", "operatorname": "SNCF", "networkname": "TER", "url": "https://ter.sncf.com/normandie", "long_name_first": "T", "geo_point_2d": {"lon": 1.8968810626654602, "lat": 48.97252274519799}}}, {"type": "Feature", "geometry": {"coordinates": [[[2.384209720351069, 48.83858620193177], [2.743201130533139, 48.00669739961254]], [[2.743201130533139, 48.00669739961254], [2.384209720351069, 48.83858620193177]], [[2.743201130533139, 48.00669739961254], [2.68497885542764, 48.26859672248814], [2.384209720351069, 48.83858620193177]], [[2.384209720351069, 48.83858620193177], [2.6849643033678756, 48.26877663476246], [2.743201130533139, 48.00669739961254]], [[2.743201130533139, 48.00669739961254], [2.376365660931201, 48.84340211646564]], [[2.376365660931201, 48.84340211646564], [2.743201130533139, 48.00669739961254]]], "type": "MultiLineString"}, "properties": {"route_id": "IDFM:C02368", "route_short_name": "TER", "route_long_name": "TER Centre - Val de Loire", "route_type": "Rail", "route_color": "AAAAAA", "route_url": null, "id_ilico": "C02368", "operatorname": "SNCF", "networkname": "TER", "url": null, "long_name_first": "T", "geo_point_2d": {"lon": 2.570298545005057, "lat": 48.426351540778604}}}, {"type": "Feature", "geometry": {"coordinates": [[[2.469360835201937, 49.26427285871716], [2.4595159140085237, 49.187030004663995], [2.490009985213925, 49.138693659126446], [2.356693437528564, 48.88230685842714]], [[2.356693437528564, 48.88230685842714], [2.4901117445703003, 49.13810068424878], [2.4595159140085237, 49.187030004663995], [2.4691144176757334, 49.26419086585363]], [[2.469360835201937, 49.26427285871716], [2.4595159140085237, 49.187030004663995], [2.490025988970858, 49.13845996096106], [2.356693437528564, 48.88230685842714]], [[2.3562857150065426, 48.882196955988306], [2.4691144176757334, 49.26419086585363]], [[2.356693437528564, 48.88230685842714], [2.4691144176757334, 49.26419086585363]], [[2.469059288884342, 49.264208603018034], [2.4595159140085237, 49.187030004663995], [2.489943949774739, 49.1384416312851], [2.356693437528564, 48.88230685842714]], [[2.469059288884342, 49.264208603018034], [2.4595159140085237, 49.187030004663995], [2.490009985213925, 49.138693659126446], [2.356693437528564, 48.88230685842714]], [[2.356693437528564, 48.88230685842714], [2.469059288884342, 49.264208603018034]], [[2.356693437528564, 48.88230685842714], [2.489943949774739, 49.1384416312851], [2.4595159140085237, 49.187030004663995], [2.4691144176757334, 49.26419086585363]], [[2.4688672617705345, 49.26418078822221], [2.4595159140085237, 49.187030004663995], [2.490009985213925, 49.138693659126446], [2.356693437528564, 48.88230685842714]], [[2.356454781507369, 48.881757193123505], [2.4691144176757334, 49.26419086585363]], [[2.469360835201937, 49.26427285871716], [2.356693437528564, 48.88230685842714]], [[2.469360835201937, 49.26427285871716], [2.4595159140085237, 49.187030004663995], [2.489943949774739, 49.1384416312851], [2.356693437528564, 48.88230685842714]], [[2.469059288884342, 49.264208603018034], [2.356693437528564, 48.88230685842714]]], "type": "MultiLineString"}, "properties": {"route_id": "IDFM:C02372", "route_short_name": "TER", "route_long_name": "TER Hauts-de-France", "route_type": "Rail", "route_color": "AAAAAA", "route_url": null, "id_ilico": "C02372", "operatorname": "SNCF", "networkname": "TER", "url": null, "long_name_first": "T", "geo_point_2d": {"lon": 2.4275036168126216, "lat": 49.07161731516818}}}, {"type": "Feature", "geometry": {"coordinates": [[[2.360305141171757, 48.87857171221123], [2.7589013341652717, 48.739445157221006], [2.868811725090548, 48.73481854687385], [2.9074760676708205, 48.789592035371314], [2.9538116993768355, 48.81076877713248], [2.9932738165708552, 48.80853544410162], [3.0430626039871616, 48.813701725231546], [3.0812613115733436, 48.80805936234078]], [[3.302334202203228, 48.55553092379296], [3.2866300417033125, 48.54520762505785], [3.2553403241826864, 48.52915312687445], [3.2501140784117886, 48.513786141275986], [3.0121779578254295, 48.5617195064875], [2.88807855133882, 48.61409277056721], [2.825083962015835, 48.64438940351837], [2.360305141171757, 48.87857171221123]], [[3.0812613115733436, 48.80805936234078], [3.0430626039871616, 48.813701725231546], [2.9932738165708552, 48.80853544410162], [2.9538116993768355, 48.81076877713248], [2.9074760676708205, 48.789592035371314], [2.868811725090548, 48.73481854687385], [2.7589013341652717, 48.739445157221006], [2.360305141171757, 48.87857171221123]], [[2.360305141171757, 48.87857171221123], [2.825083962015835, 48.64438940351837], [2.88807855133882, 48.61409277056721], [3.0121779578254295, 48.5617195064875], [3.2501140784117886, 48.513786141275986], [3.2553403241826864, 48.52915312687445], [3.2866300417033125, 48.54520762505785], [3.302334202203228, 48.55553092379296]], [[2.360305141171757, 48.87857171221123], [2.5833806594500697, 48.87411948897062], [2.637705554664271, 48.87517306494243], [2.7059554888008988, 48.8821904179895], [2.809640025507793, 48.902895083058525], [2.8733082321502925, 48.9566203252873]], [[2.360305141171757, 48.87857171221123], [2.8733082321502925, 48.9566203252873], [2.949685912410061, 48.96016915361593], [3.026089283734262, 48.95916631326023], [3.124704606439104, 48.95078183142266], [3.2194260927085296, 48.97400193831618], [3.3228476502480797, 48.96871609894733], [3.3644154018991057, 48.99188251331995], [3.409522741444065, 49.037933505433955]], [[2.360305141171757, 48.87857171221123], [2.8733082321502925, 48.9566203252873], [2.949685912410061, 48.96016915361593], [3.007871639575125, 48.99837487688993], [3.0317831029512066, 49.02172710081919], [3.062669111949777, 49.09189047640195], [3.0754989980809686, 49.135381005893805], [3.1206754069517184, 49.17963214095126]], [[3.1206754069517184, 49.17963214095126], [3.0754989980809686, 49.135381005893805], [3.062669111949777, 49.09189047640195], [3.0317831029512066, 49.02172710081919], [3.007871639575125, 48.99837487688993], [2.949685912410061, 48.96016915361593], [2.8733082321502925, 48.9566203252873], [2.360305141171757, 48.87857171221123]], [[2.8733082321502925, 48.9566203252873], [2.809640025507793, 48.902895083058525], [2.7059554888008988, 48.8821904179895], [2.637705554664271, 48.87517306494243], [2.5833806594500697, 48.87411948897062], [2.360305141171757, 48.87857171221123]], [[3.1206754069517184, 49.17963214095126], [3.0754989980809686, 49.135381005893805], [3.062669111949777, 49.09189047640195], [3.0317831029512066, 49.02172710081919], [3.007871639575125, 48.99837487688993], [2.949685912410061, 48.96016915361593], [2.8733082321502925, 48.9566203252873]], [[2.8733082321502925, 48.9566203252873], [2.949685912410061, 48.96016915361593], [3.007871639575125, 48.99837487688993], [3.0317831029512066, 49.02172710081919], [3.062669111949777, 49.09189047640195], [3.0754989980809686, 49.135381005893805], [3.1206754069517184, 49.17963214095126]], [[3.409522741444065, 49.037933505433955], [3.3644154018991057, 48.99188251331995], [3.3228476502480797, 48.96871609894733], [3.2194260927085296, 48.97400193831618], [3.124704606439104, 48.95078183142266], [3.026089283734262, 48.95916631326023], [2.949685912410061, 48.96016915361593], [2.8733082321502925, 48.9566203252873], [2.360305141171757, 48.87857171221123]]], "type": "MultiLineString"}, "properties": {"route_id": "IDFM:C01730", "route_short_name": "P", "route_long_name": "P", "route_type": "Rail", "route_color": "F58F53", "route_url": null, "id_ilico": "C01730", "operatorname": "SNCF", "networkname": "Transilien", "url": "https://www.transilien.com/fr/page-lignes/ligne-p", "long_name_first": "P", "geo_point_2d": {"lon": 2.809073423605927, "lat": 48.86279372322189}}}, {"type": "Feature", "geometry": {"coordinates": [[[2.356693437528564, 48.88230685842714], [2.345479004987329, 48.93482889939617], [2.3287601965958715, 48.95792884911306], [2.338131209772398, 48.975925703105524], [2.3535217052321715, 48.98436467954606], [2.3686856352535353, 48.99620491669132], [2.3622367893055722, 49.02319914892831], [2.3371269712571614, 49.03284003832482], [2.3229000286671555, 49.045103567466136], [2.3228219079408823, 49.06616021905701], [2.3505357370070645, 49.079264370566555], [2.3613265147338978, 49.09838940491585], [2.3682376422969282, 49.11663481669089], [2.3996583056293246, 49.11912737513361], [2.4200435326085863, 49.117099228494695]], [[2.0957859968423524, 49.04673337596684], [2.105230857870794, 49.04530690087292], [2.1226568963520114, 49.055049202893706], [2.131241645234573, 49.06087605161007], [2.1410848292610347, 49.069127824401804], [2.174916445478343, 49.07034498316611], [2.2019152338634327, 49.09093718795672], [2.209941858169547, 49.11454854558362], [2.242987667830016, 49.136089580289706], [2.2777997330536137, 49.147582944600785], [2.32483287423228, 49.15511620671838], [2.362237794019318, 49.16664871633883], [2.377341204610025, 49.20347714232073], [2.417071454431694, 49.21379460642065], [2.46892902764167, 49.264185555044406]], [[2.356693437528564, 48.88230685842714], [2.345479004987329, 48.93482889939617], [2.3287601965958715, 48.95792884911306], [2.3167036448125224, 48.96628415206348], [2.3067933741682713, 48.97288052394267], [2.291148632256432, 48.9796949197308], [2.2707541014797794, 48.98049890628609], [2.26320025038274, 48.990533377371726], [2.2596836105712628, 48.996079034066284], [2.2428869689226687, 49.01523840177278], [2.2294526219892656, 49.02172683988197], [2.222287008769188, 49.024976382846596], [2.2103009348975013, 49.03527556641014], [2.197098920791642, 49.045277206622124], [2.1914182364676797, 49.058277435287074], [2.205438463461229, 49.07775311707399], [2.2019152338634327, 49.09093718795672], [2.209941858169547, 49.11454854558362], [2.242987667830016, 49.136089580289706], [2.2777997330536137, 49.147582944600785]], [[2.356693437528564, 48.88230685842714], [2.345479004987329, 48.93482889939617], [2.3287601965958715, 48.95792884911306], [2.338131209772398, 48.975925703105524], [2.3535217052321715, 48.98436467954606], [2.3686856352535353, 48.99620491669132]], [[2.2777997330536137, 49.147582944600785], [2.242987667830016, 49.136089580289706], [2.209941858169547, 49.11454854558362], [2.2019152338634327, 49.09093718795672], [2.205438463461229, 49.07775311707399], [2.1914182364676797, 49.058277435287074], [2.197098920791642, 49.045277206622124], [2.2103009348975013, 49.03527556641014], [2.222287008769188, 49.024976382846596], [2.2294526219892656, 49.02172683988197], [2.2428869689226687, 49.01523840177278], [2.2596836105712628, 48.996079034066284], [2.26320025038274, 48.990533377371726], [2.2707541014797794, 48.98049890628609], [2.291148632256432, 48.9796949197308], [2.3067933741682713, 48.97288052394267], [2.3167036448125224, 48.96628415206348], [2.3287601965958715, 48.95792884911306], [2.345479004987329, 48.93482889939617], [2.356693437528564, 48.88230685842714]], [[2.356693437528564, 48.88230685842714], [2.345479004987329, 48.93482889939617], [2.3287601965958715, 48.95792884911306], [2.3167036448125224, 48.96628415206348], [2.3067933741682713, 48.97288052394267], [2.291148632256432, 48.9796949197308], [2.2707541014797794, 48.98049890628609], [2.257017857907824, 48.985149200200375], [2.2341907839306554, 48.99374640051787], [2.1965151756043033, 49.007744118117], [2.1545313948758564, 49.01917957374756], [2.128124092657316, 49.0341234164973], [2.105230857870794, 49.04530690087292], [2.0957859968423524, 49.04673337596684]], [[2.356693437528564, 48.88230685842714], [2.345479004987329, 48.93482889939617], [2.3287601965958715, 48.95792884911306], [2.338131209772398, 48.975925703105524], [2.3535217052321715, 48.98436467954606], [2.3686856352535353, 48.99620491669132], [2.3622367893055722, 49.02319914892831], [2.3371269712571614, 49.03284003832482], [2.3229000286671555, 49.045103567466136], [2.3228219079408823, 49.06616021905701], [2.2878509419549213, 49.11367528279733], [2.2799576391232472, 49.13282894869498], [2.2777997330536137, 49.147582944600785]], [[2.3686856352535353, 48.99620491669132], [2.3535217052321715, 48.98436467954606], [2.338131209772398, 48.975925703105524], [2.3287601965958715, 48.95792884911306], [2.345479004987329, 48.93482889939617], [2.356693437528564, 48.88230685842714]], [[2.46892902764167, 49.264185555044406], [2.417071454431694, 49.21379460642065], [2.377341204610025, 49.20347714232073], [2.362237794019318, 49.16664871633883], [2.32483287423228, 49.15511620671838], [2.2777997330536137, 49.147582944600785], [2.242987667830016, 49.136089580289706], [2.209941858169547, 49.11454854558362], [2.2019152338634327, 49.09093718795672], [2.174916445478343, 49.07034498316611], [2.1410848292610347, 49.069127824401804], [2.131241645234573, 49.06087605161007], [2.1226568963520114, 49.055049202893706], [2.105230857870794, 49.04530690087292], [2.0957859968423524, 49.04673337596684]], [[2.2777997330536137, 49.147582944600785], [2.242987667830016, 49.136089580289706], [2.209941858169547, 49.11454854558362], [2.2019152338634327, 49.09093718795672], [2.174916445478343, 49.07034498316611], [2.1410848292610347, 49.069127824401804], [2.131241645234573, 49.06087605161007], [2.1226568963520114, 49.055049202893706], [2.105230857870794, 49.04530690087292], [2.0957859968423524, 49.04673337596684]], [[2.4200435326085863, 49.117099228494695], [2.3996583056293246, 49.11912737513361], [2.3682376422969282, 49.11663481669089], [2.3613265147338978, 49.09838940491585], [2.3505357370070645, 49.079264370566555], [2.3228219079408823, 49.06616021905701], [2.3229000286671555, 49.045103567466136], [2.3371269712571614, 49.03284003832482], [2.3622367893055722, 49.02319914892831], [2.3686856352535353, 48.99620491669132], [2.3535217052321715, 48.98436467954606], [2.338131209772398, 48.975925703105524], [2.3287601965958715, 48.95792884911306], [2.345479004987329, 48.93482889939617], [2.356693437528564, 48.88230685842714]], [[2.2019152338634327, 49.09093718795672], [2.205438463461229, 49.07775311707399], [2.1914182364676797, 49.058277435287074], [2.197098920791642, 49.045277206622124], [2.2103009348975013, 49.03527556641014], [2.222287008769188, 49.024976382846596], [2.2294526219892656, 49.02172683988197], [2.2428869689226687, 49.01523840177278], [2.2596836105712628, 48.996079034066284], [2.26320025038274, 48.990533377371726], [2.2707541014797794, 48.98049890628609], [2.291148632256432, 48.9796949197308], [2.3067933741682713, 48.97288052394267], [2.3167036448125224, 48.96628415206348], [2.3287601965958715, 48.95792884911306], [2.345479004987329, 48.93482889939617], [2.356693437528564, 48.88230685842714]], [[2.0957859968423524, 49.04673337596684], [2.105230857870794, 49.04530690087292], [2.1226568963520114, 49.055049202893706], [2.131241645234573, 49.06087605161007], [2.1410848292610347, 49.069127824401804], [2.174916445478343, 49.07034498316611], [2.2019152338634327, 49.09093718795672], [2.209941858169547, 49.11454854558362], [2.242987667830016, 49.136089580289706], [2.2777997330536137, 49.147582944600785]], [[2.0957859968423524, 49.04673337596684], [2.105230857870794, 49.04530690087292], [2.128124092657316, 49.0341234164973], [2.1545313948758564, 49.01917957374756], [2.1965151756043033, 49.007744118117], [2.2341907839306554, 48.99374640051787], [2.257017857907824, 48.985149200200375], [2.2707541014797794, 48.98049890628609], [2.291148632256432, 48.9796949197308], [2.3067933741682713, 48.97288052394267], [2.3167036448125224, 48.96628415206348], [2.3287601965958715, 48.95792884911306], [2.345479004987329, 48.93482889939617], [2.356693437528564, 48.88230685842714]], [[2.2777997330536137, 49.147582944600785], [2.2799576391232472, 49.13282894869498], [2.2878509419549213, 49.11367528279733], [2.3228219079408823, 49.06616021905701], [2.3229000286671555, 49.045103567466136], [2.3371269712571614, 49.03284003832482], [2.3622367893055722, 49.02319914892831], [2.3686856352535353, 48.99620491669132], [2.3535217052321715, 48.98436467954606], [2.338131209772398, 48.975925703105524], [2.3287601965958715, 48.95792884911306], [2.345479004987329, 48.93482889939617], [2.356693437528564, 48.88230685842714]], [[2.356693437528564, 48.88230685842714], [2.345479004987329, 48.93482889939617], [2.3287601965958715, 48.95792884911306], [2.3167036448125224, 48.96628415206348], [2.3067933741682713, 48.97288052394267], [2.291148632256432, 48.9796949197308], [2.2707541014797794, 48.98049890628609], [2.26320025038274, 48.990533377371726], [2.2596836105712628, 48.996079034066284], [2.2428869689226687, 49.01523840177278], [2.2294526219892656, 49.02172683988197], [2.222287008769188, 49.024976382846596], [2.2103009348975013, 49.03527556641014], [2.197098920791642, 49.045277206622124], [2.1914182364676797, 49.058277435287074], [2.205438463461229, 49.07775311707399], [2.2019152338634327, 49.09093718795672]], [[2.2777997330536137, 49.147582944600785], [2.242987667830016, 49.136089580289706], [2.209941858169547, 49.11454854558362], [2.2019152338634327, 49.09093718795672], [2.205438463461229, 49.07775311707399], [2.1914182364676797, 49.058277435287074], [2.197098920791642, 49.045277206622124], [2.2103009348975013, 49.03527556641014], [2.222287008769188, 49.024976382846596], [2.2294526219892656, 49.02172683988197], [2.2428869689226687, 49.01523840177278], [2.2596836105712628, 48.996079034066284], [2.26320025038274, 48.990533377371726], [2.2707541014797794, 48.98049890628609]], [[2.2707541014797794, 48.98049890628609], [2.257017857907824, 48.985149200200375], [2.2341907839306554, 48.99374640051787], [2.1965151756043033, 49.007744118117], [2.1545313948758564, 49.01917957374756], [2.128124092657316, 49.0341234164973], [2.105230857870794, 49.04530690087292], [2.0957859968423524, 49.04673337596684]], [[2.4200435326085863, 49.117099228494695], [2.3996583056293246, 49.11912737513361], [2.3682376422969282, 49.11663481669089], [2.3613265147338978, 49.09838940491585], [2.3505357370070645, 49.079264370566555], [2.3228219079408823, 49.06616021905701], [2.3229000286671555, 49.045103567466136], [2.3371269712571614, 49.03284003832482], [2.3622367893055722, 49.02319914892831], [2.3686856352535353, 48.99620491669132]], [[2.2777997330536137, 49.147582944600785], [2.2799576391232472, 49.13282894869498], [2.2878509419549213, 49.11367528279733], [2.3228219079408823, 49.06616021905701], [2.3229000286671555, 49.045103567466136], [2.3371269712571614, 49.03284003832482], [2.3622367893055722, 49.02319914892831], [2.3686856352535353, 48.99620491669132]], [[2.2707541014797794, 48.98049890628609], [2.26320025038274, 48.990533377371726], [2.2596836105712628, 48.996079034066284], [2.2428869689226687, 49.01523840177278], [2.2294526219892656, 49.02172683988197], [2.222287008769188, 49.024976382846596], [2.2103009348975013, 49.03527556641014], [2.197098920791642, 49.045277206622124], [2.1914182364676797, 49.058277435287074], [2.205438463461229, 49.07775311707399], [2.2019152338634327, 49.09093718795672], [2.209941858169547, 49.11454854558362], [2.242987667830016, 49.136089580289706], [2.2777997330536137, 49.147582944600785]], [[2.2707541014797794, 48.98049890628609], [2.26320025038274, 48.990533377371726], [2.2596836105712628, 48.996079034066284], [2.2428869689226687, 49.01523840177278], [2.2294526219892656, 49.02172683988197], [2.222287008769188, 49.024976382846596], [2.2103009348975013, 49.03527556641014], [2.197098920791642, 49.045277206622124], [2.1914182364676797, 49.058277435287074], [2.205438463461229, 49.07775311707399], [2.2019152338634327, 49.09093718795672]], [[2.3686856352535353, 48.99620491669132], [2.3622367893055722, 49.02319914892831], [2.3371269712571614, 49.03284003832482], [2.3229000286671555, 49.045103567466136], [2.3228219079408823, 49.06616021905701], [2.2878509419549213, 49.11367528279733], [2.2799576391232472, 49.13282894869498], [2.2777997330536137, 49.147582944600785]], [[2.3686856352535353, 48.99620491669132], [2.3622367893055722, 49.02319914892831], [2.3371269712571614, 49.03284003832482], [2.3229000286671555, 49.045103567466136], [2.3228219079408823, 49.06616021905701], [2.3505357370070645, 49.079264370566555], [2.3613265147338978, 49.09838940491585], [2.3682376422969282, 49.11663481669089], [2.3996583056293246, 49.11912737513361], [2.4200435326085863, 49.117099228494695]], [[2.0957859968423524, 49.04673337596684], [2.105230857870794, 49.04530690087292], [2.128124092657316, 49.0341234164973], [2.1545313948758564, 49.01917957374756], [2.1965151756043033, 49.007744118117], [2.2341907839306554, 48.99374640051787], [2.257017857907824, 48.985149200200375], [2.2707541014797794, 48.98049890628609]], [[2.356693437528564, 48.88230685842714], [2.345479004987329, 48.93482889939617], [2.3287601965958715, 48.95792884911306], [2.3167036448125224, 48.96628415206348], [2.3067933741682713, 48.97288052394267], [2.291148632256432, 48.9796949197308], [2.2707541014797794, 48.98049890628609], [2.26320025038274, 48.990533377371726], [2.2596836105712628, 48.996079034066284], [2.2428869689226687, 49.01523840177278]], [[2.2777997330536137, 49.147582944600785], [2.2799576391232472, 49.13282894869498], [2.2878509419549213, 49.11367528279733], [2.3228219079408823, 49.06616021905701], [2.3229000286671555, 49.045103567466136], [2.3371269712571614, 49.03284003832482], [2.3622367893055722, 49.02319914892831], [2.3686856352535353, 48.99620491669132], [2.356693437528564, 48.88230685842714]], [[2.2019152338634327, 49.09093718795672], [2.2428869689226687, 49.01523840177278], [2.2596836105712628, 48.996079034066284], [2.26320025038274, 48.990533377371726], [2.2707541014797794, 48.98049890628609], [2.291148632256432, 48.9796949197308], [2.3067933741682713, 48.97288052394267], [2.3167036448125224, 48.96628415206348], [2.3287601965958715, 48.95792884911306], [2.345479004987329, 48.93482889939617], [2.356693437528564, 48.88230685842714]], [[2.2428869689226687, 49.01523840177278], [2.2596836105712628, 48.996079034066284], [2.26320025038274, 48.990533377371726], [2.2707541014797794, 48.98049890628609], [2.291148632256432, 48.9796949197308], [2.3067933741682713, 48.97288052394267], [2.3167036448125224, 48.96628415206348], [2.3287601965958715, 48.95792884911306], [2.345479004987329, 48.93482889939617], [2.356693437528564, 48.88230685842714]], [[2.356693437528564, 48.88230685842714], [2.345479004987329, 48.93482889939617], [2.3287601965958715, 48.95792884911306], [2.3686856352535353, 48.99620491669132], [2.3622367893055722, 49.02319914892831], [2.3371269712571614, 49.03284003832482], [2.3229000286671555, 49.045103567466136], [2.3228219079408823, 49.06616021905701], [2.2878509419549213, 49.11367528279733], [2.2799576391232472, 49.13282894869498], [2.2777997330536137, 49.147582944600785]], [[2.46892902764167, 49.264185555044406], [2.417071454431694, 49.21379460642065], [2.377341204610025, 49.20347714232073], [2.362237794019318, 49.16664871633883], [2.32483287423228, 49.15511620671838], [2.2777997330536137, 49.147582944600785]], [[2.356693437528564, 48.88230685842714], [2.345479004987329, 48.93482889939617], [2.3287601965958715, 48.95792884911306], [2.3686856352535353, 48.99620491669132], [2.3622367893055722, 49.02319914892831], [2.3371269712571614, 49.03284003832482], [2.3229000286671555, 49.045103567466136], [2.3228219079408823, 49.06616021905701], [2.3505357370070645, 49.079264370566555], [2.3613265147338978, 49.09838940491585], [2.3682376422969282, 49.11663481669089], [2.3996583056293246, 49.11912737513361], [2.4200435326085863, 49.117099228494695]], [[2.356693437528564, 48.88230685842714], [2.345479004987329, 48.93482889939617], [2.3287601965958715, 48.95792884911306], [2.338131209772398, 48.975925703105524], [2.3535217052321715, 48.98436467954606], [2.3686856352535353, 48.99620491669132], [2.3622367893055722, 49.02319914892831], [2.3371269712571614, 49.03284003832482], [2.3229000286671555, 49.045103567466136], [2.3228219079408823, 49.06616021905701]], [[2.356693437528564, 48.88230685842714], [2.345479004987329, 48.93482889939617], [2.3287601965958715, 48.95792884911306], [2.3067933741682713, 48.97288052394267], [2.2707541014797794, 48.98049890628609], [2.257017857907824, 48.985149200200375], [2.2341907839306554, 48.99374640051787], [2.1965151756043033, 49.007744118117], [2.1545313948758564, 49.01917957374756], [2.128124092657316, 49.0341234164973], [2.105230857870794, 49.04530690087292], [2.0957859968423524, 49.04673337596684]], [[2.4200435326085863, 49.117099228494695], [2.3996583056293246, 49.11912737513361], [2.3682376422969282, 49.11663481669089], [2.3613265147338978, 49.09838940491585], [2.3505357370070645, 49.079264370566555], [2.3228219079408823, 49.06616021905701], [2.3229000286671555, 49.045103567466136], [2.3371269712571614, 49.03284003832482], [2.3622367893055722, 49.02319914892831], [2.3686856352535353, 48.99620491669132], [2.356693437528564, 48.88230685842714]], [[2.3228219079408823, 49.06616021905701], [2.3229000286671555, 49.045103567466136], [2.3371269712571614, 49.03284003832482], [2.3622367893055722, 49.02319914892831], [2.3686856352535353, 48.99620491669132], [2.356693437528564, 48.88230685842714]], [[2.3228219079408823, 49.06616021905701], [2.3229000286671555, 49.045103567466136], [2.3371269712571614, 49.03284003832482], [2.3622367893055722, 49.02319914892831], [2.3686856352535353, 48.99620491669132], [2.3535217052321715, 48.98436467954606], [2.338131209772398, 48.975925703105524], [2.3287601965958715, 48.95792884911306], [2.345479004987329, 48.93482889939617], [2.356693437528564, 48.88230685842714]], [[2.0957859968423524, 49.04673337596684], [2.105230857870794, 49.04530690087292], [2.128124092657316, 49.0341234164973], [2.1545313948758564, 49.01917957374756], [2.1965151756043033, 49.007744118117], [2.2341907839306554, 48.99374640051787], [2.257017857907824, 48.985149200200375], [2.2707541014797794, 48.98049890628609], [2.3067933741682713, 48.97288052394267], [2.3287601965958715, 48.95792884911306], [2.345479004987329, 48.93482889939617], [2.356693437528564, 48.88230685842714]], [[2.356693437528564, 48.88230685842714], [2.345479004987329, 48.93482889939617], [2.3287601965958715, 48.95792884911306], [2.3167036448125224, 48.96628415206348], [2.3067933741682713, 48.97288052394267], [2.291148632256432, 48.9796949197308], [2.2707541014797794, 48.98049890628609], [2.26320025038274, 48.990533377371726], [2.2596836105712628, 48.996079034066284], [2.2428869689226687, 49.01523840177278], [2.2019152338634327, 49.09093718795672]], [[2.2777997330536137, 49.147582944600785], [2.2799576391232472, 49.13282894869498], [2.2878509419549213, 49.11367528279733], [2.3228219079408823, 49.06616021905701], [2.3229000286671555, 49.045103567466136], [2.3371269712571614, 49.03284003832482], [2.3622367893055722, 49.02319914892831], [2.3686856352535353, 48.99620491669132], [2.3287601965958715, 48.95792884911306], [2.345479004987329, 48.93482889939617], [2.356693437528564, 48.88230685842714]], [[2.2777997330536137, 49.147582944600785], [2.32483287423228, 49.15511620671838], [2.362237794019318, 49.16664871633883], [2.377341204610025, 49.20347714232073], [2.417071454431694, 49.21379460642065], [2.46892902764167, 49.264185555044406]], [[2.2777997330536137, 49.147582944600785], [2.242987667830016, 49.136089580289706], [2.209941858169547, 49.11454854558362], [2.2019152338634327, 49.09093718795672], [2.205438463461229, 49.07775311707399], [2.1914182364676797, 49.058277435287074], [2.197098920791642, 49.045277206622124], [2.2103009348975013, 49.03527556641014], [2.222287008769188, 49.024976382846596], [2.2294526219892656, 49.02172683988197], [2.2428869689226687, 49.01523840177278], [2.2596836105712628, 48.996079034066284], [2.26320025038274, 48.990533377371726], [2.2707541014797794, 48.98049890628609], [2.3067933741682713, 48.97288052394267], [2.3167036448125224, 48.96628415206348], [2.3287601965958715, 48.95792884911306], [2.356693437528564, 48.88230685842714]], [[2.2019152338634327, 49.09093718795672], [2.205438463461229, 49.07775311707399], [2.1914182364676797, 49.058277435287074], [2.197098920791642, 49.045277206622124], [2.2103009348975013, 49.03527556641014], [2.222287008769188, 49.024976382846596], [2.2294526219892656, 49.02172683988197], [2.2428869689226687, 49.01523840177278], [2.2596836105712628, 48.996079034066284], [2.26320025038274, 48.990533377371726], [2.2707541014797794, 48.98049890628609], [2.3067933741682713, 48.97288052394267], [2.3167036448125224, 48.96628415206348], [2.3287601965958715, 48.95792884911306], [2.356693437528564, 48.88230685842714]], [[2.356693437528564, 48.88230685842714], [2.3287601965958715, 48.95792884911306], [2.3067933741682713, 48.97288052394267], [2.2707541014797794, 48.98049890628609], [2.257017857907824, 48.985149200200375], [2.2341907839306554, 48.99374640051787], [2.1965151756043033, 49.007744118117], [2.1545313948758564, 49.01917957374756], [2.128124092657316, 49.0341234164973], [2.105230857870794, 49.04530690087292], [2.0957859968423524, 49.04673337596684]], [[2.356693437528564, 48.88230685842714], [2.3686856352535353, 48.99620491669132], [2.3622367893055722, 49.02319914892831], [2.3371269712571614, 49.03284003832482], [2.3229000286671555, 49.045103567466136], [2.3228219079408823, 49.06616021905701], [2.2878509419549213, 49.11367528279733], [2.2799576391232472, 49.13282894869498], [2.2777997330536137, 49.147582944600785]], [[2.356693437528564, 48.88230685842714], [2.3686856352535353, 48.99620491669132], [2.3622367893055722, 49.02319914892831], [2.3371269712571614, 49.03284003832482], [2.3229000286671555, 49.045103567466136], [2.3228219079408823, 49.06616021905701], [2.3505357370070645, 49.079264370566555], [2.3613265147338978, 49.09838940491585], [2.3682376422969282, 49.11663481669089], [2.3996583056293246, 49.11912737513361], [2.4200435326085863, 49.117099228494695]], [[2.4200435326085863, 49.117099228494695], [2.3996583056293246, 49.11912737513361], [2.3682376422969282, 49.11663481669089], [2.3613265147338978, 49.09838940491585], [2.3505357370070645, 49.079264370566555], [2.3228219079408823, 49.06616021905701], [2.3229000286671555, 49.045103567466136], [2.3371269712571614, 49.03284003832482], [2.3622367893055722, 49.02319914892831], [2.3686856352535353, 48.99620491669132], [2.3287601965958715, 48.95792884911306], [2.345479004987329, 48.93482889939617], [2.356693437528564, 48.88230685842714]], [[2.0957859968423524, 49.04673337596684], [2.105230857870794, 49.04530690087292], [2.128124092657316, 49.0341234164973], [2.1545313948758564, 49.01917957374756], [2.1965151756043033, 49.007744118117], [2.2341907839306554, 48.99374640051787], [2.257017857907824, 48.985149200200375], [2.2707541014797794, 48.98049890628609], [2.3067933741682713, 48.97288052394267], [2.3287601965958715, 48.95792884911306], [2.356693437528564, 48.88230685842714]], [[2.356693437528564, 48.88230685842714], [2.3287601965958715, 48.95792884911306], [2.3167036448125224, 48.96628415206348], [2.3067933741682713, 48.97288052394267], [2.2707541014797794, 48.98049890628609], [2.26320025038274, 48.990533377371726], [2.2596836105712628, 48.996079034066284], [2.2428869689226687, 49.01523840177278], [2.2294526219892656, 49.02172683988197], [2.222287008769188, 49.024976382846596], [2.2103009348975013, 49.03527556641014], [2.197098920791642, 49.045277206622124], [2.1914182364676797, 49.058277435287074], [2.205438463461229, 49.07775311707399], [2.2019152338634327, 49.09093718795672]], [[2.356693437528564, 48.88230685842714], [2.3287601965958715, 48.95792884911306], [2.3167036448125224, 48.96628415206348], [2.3067933741682713, 48.97288052394267], [2.2707541014797794, 48.98049890628609], [2.26320025038274, 48.990533377371726], [2.2596836105712628, 48.996079034066284], [2.2428869689226687, 49.01523840177278], [2.2294526219892656, 49.02172683988197], [2.222287008769188, 49.024976382846596], [2.2103009348975013, 49.03527556641014], [2.197098920791642, 49.045277206622124], [2.1914182364676797, 49.058277435287074], [2.205438463461229, 49.07775311707399], [2.2019152338634327, 49.09093718795672], [2.209941858169547, 49.11454854558362], [2.242987667830016, 49.136089580289706], [2.2777997330536137, 49.147582944600785]], [[2.3228219079408823, 49.06616021905701], [2.3686856352535353, 48.99620491669132], [2.3535217052321715, 48.98436467954606], [2.338131209772398, 48.975925703105524], [2.3287601965958715, 48.95792884911306], [2.345479004987329, 48.93482889939617], [2.356693437528564, 48.88230685842714]], [[2.356693437528564, 48.88230685842714], [2.345479004987329, 48.93482889939617], [2.3287601965958715, 48.95792884911306], [2.338131209772398, 48.975925703105524], [2.3535217052321715, 48.98436467954606], [2.3686856352535353, 48.99620491669132], [2.3228219079408823, 49.06616021905701]]], "type": "MultiLineString"}, "properties": {"route_id": "IDFM:C01737", "route_short_name": "H", "route_long_name": "H", "route_type": "Rail", "route_color": "84653D", "route_url": null, "id_ilico": "C01737", "operatorname": "SNCF", "networkname": "Transilien", "url": "https://www.transilien.com/fr/page-lignes/ligne-h", "long_name_first": "H", "geo_point_2d": {"lon": 2.2971389699154487, "lat": 49.02558835718014}}}, {"type": "Feature", "geometry": {"coordinates": [[[2.356693437528564, 48.88230685842714], [2.495597257086315, 48.932150935734064], [2.6422341369736606, 48.9757479508066], [2.6649599355374893, 48.99132968756663], [2.6802537675802913, 49.00813565335945], [2.699046819624294, 49.03215183565455], [2.745036686332378, 49.09632467804431], [2.7941647655566535, 49.14251123380041], [2.8379866073485736, 49.20071099536894], [2.8880999806451184, 49.23108254935135]], [[2.8880999806451184, 49.23108254935135], [2.8379866073485736, 49.20071099536894], [2.7941647655566535, 49.14251123380041], [2.745036686332378, 49.09632467804431], [2.699046819624294, 49.03215183565455], [2.6802537675802913, 49.00813565335945], [2.6649599355374893, 48.99132968756663], [2.6422341369736606, 48.9757479508066]], [[2.6422341369736606, 48.9757479508066], [2.6649599355374893, 48.99132968756663], [2.6802537675802913, 49.00813565335945], [2.699046819624294, 49.03215183565455], [2.745036686332378, 49.09632467804431], [2.7941647655566535, 49.14251123380041], [2.8379866073485736, 49.20071099536894], [2.8880999806451184, 49.23108254935135]], [[2.8880999806451184, 49.23108254935135], [2.8379866073485736, 49.20071099536894], [2.7941647655566535, 49.14251123380041], [2.745036686332378, 49.09632467804431], [2.699046819624294, 49.03215183565455], [2.6802537675802913, 49.00813565335945], [2.6649599355374893, 48.99132968756663], [2.6422341369736606, 48.9757479508066], [2.495597257086315, 48.932150935734064], [2.356693437528564, 48.88230685842714]], [[2.8880999806451184, 49.23108254935135], [2.7941647655566535, 49.14251123380041], [2.745036686332378, 49.09632467804431], [2.699046819624294, 49.03215183565455], [2.6422341369736606, 48.9757479508066], [2.495597257086315, 48.932150935734064], [2.356693437528564, 48.88230685842714]], [[2.356693437528564, 48.88230685842714], [2.495597257086315, 48.932150935734064], [2.6422341369736606, 48.9757479508066], [2.699046819624294, 49.03215183565455], [2.745036686332378, 49.09632467804431], [2.7941647655566535, 49.14251123380041], [2.8880999806451184, 49.23108254935135]], [[2.356693437528564, 48.88230685842714], [2.6422341369736606, 48.9757479508066], [2.6649599355374893, 48.99132968756663], [2.6802537675802913, 49.00813565335945], [2.699046819624294, 49.03215183565455], [2.745036686332378, 49.09632467804431], [2.7941647655566535, 49.14251123380041], [2.8379866073485736, 49.20071099536894], [2.8880999806451184, 49.23108254935135]]], "type": "MultiLineString"}, "properties": {"route_id": "IDFM:C01738", "route_short_name": "K", "route_long_name": "K", "route_type": "Rail", "route_color": "9B9842", "route_url": null, "id_ilico": "C01738", "operatorname": "SNCF", "networkname": "Transilien", "url": "https://www.transilien.com/fr/page-lignes/ligne-k", "long_name_first": "K", "geo_point_2d": {"lon": 2.66346798471194, "lat": 49.04068342244503}}}, {"type": "Feature", "geometry": {"coordinates": [[[2.0957859968423524, 49.04673337596684], [2.1034691329132857, 49.03909361746138], [2.090571123307668, 49.01790068888594], [2.09871661352047, 48.996919424234726], [2.1622316587721904, 48.990136140429954], [2.180341866372171, 48.97988373233732], [2.1930511780913897, 48.9686435877584], [2.2326940500534516, 48.95065749524003], [2.257913508915154, 48.9468952901277], [2.3244386552397684, 48.87747568635212]], [[1.7847679942171768, 49.285504693998305], [1.818497020989674, 49.2824007109848], [1.8732362595841847, 49.26118959499568], [1.9054790812050526, 49.22054256178432], [1.9205792747729, 49.20238205277644], [1.936865953454158, 49.16300140123273], [1.949406923865895, 49.12334471123142], [1.9705444983242866, 49.09955483034093], [2.0029460458068105, 49.080811910011626], [2.025386064104548, 49.07572135804642], [2.0581556508746317, 49.06281914403825], [2.0957859968423524, 49.04673337596684], [2.1034691329132857, 49.03909361746138], [2.090571123307668, 49.01790068888594], [2.09871661352047, 48.996919424234726], [2.1622316587721904, 48.990136140429954], [2.180341866372171, 48.97988373233732], [2.1930511780913897, 48.9686435877584], [2.2326940500534516, 48.95065749524003], [2.257913508915154, 48.9468952901277], [2.3244386552397684, 48.87747568635212]], [[2.3244386552397684, 48.87747568635212], [2.257913508915154, 48.9468952901277], [2.2326940500534516, 48.95065749524003], [2.1930511780913897, 48.9686435877584], [2.180341866372171, 48.97988373233732], [2.1622316587721904, 48.990136140429954], [2.09871661352047, 48.996919424234726], [2.090571123307668, 49.01790068888594], [2.1034691329132857, 49.03909361746138], [2.0957859968423524, 49.04673337596684]], [[1.7838404356830648, 48.9793069192499], [1.8090110590166268, 48.983003872761415], [1.8449525722587152, 48.99224048747195], [1.9021289902435004, 49.00581615609435], [1.919170589720022, 49.006673442207415], [1.9630264473162566, 49.0073550143858], [2.005709444143668, 48.98141600700941], [2.0276211497651646, 48.97035707590211], [2.0486677678528, 48.974620752632916], [2.059634534011659, 48.986862412057214], [2.0746499245710193, 48.991156287258484], [2.09871661352047, 48.996919424234726], [2.1622316587721904, 48.990136140429954], [2.180341866372171, 48.97988373233732], [2.1930511780913897, 48.9686435877584], [2.2326940500534516, 48.95065749524003], [2.257913508915154, 48.9468952901277], [2.3244386552397684, 48.87747568635212]], [[2.3244386552397684, 48.87747568635212], [2.257913508915154, 48.9468952901277], [2.2326940500534516, 48.95065749524003], [2.1930511780913897, 48.9686435877584], [2.180341866372171, 48.97988373233732], [2.1622316587721904, 48.990136140429954], [2.09871661352047, 48.996919424234726], [2.0746499245710193, 48.991156287258484], [2.059634534011659, 48.986862412057214], [2.0486677678528, 48.974620752632916], [2.0276211497651646, 48.97035707590211], [2.005709444143668, 48.98141600700941], [1.9630264473162566, 49.0073550143858], [1.919170589720022, 49.006673442207415], [1.9021289902435004, 49.00581615609435], [1.8449525722587152, 48.99224048747195], [1.8090110590166268, 48.983003872761415], [1.7838404356830648, 48.9793069192499]], [[2.3244386552397684, 48.87747568635212], [2.257913508915154, 48.9468952901277], [2.2326940500534516, 48.95065749524003], [2.1930511780913897, 48.9686435877584], [2.180341866372171, 48.97988373233732], [2.1622316587721904, 48.990136140429954], [2.09871661352047, 48.996919424234726], [2.090571123307668, 49.01790068888594], [2.1034691329132857, 49.03909361746138], [2.0957859968423524, 49.04673337596684], [2.0581556508746317, 49.06281914403825], [2.025386064104548, 49.07572135804642]], [[2.3244386552397684, 48.87747568635212], [2.257913508915154, 48.9468952901277], [2.2326940500534516, 48.95065749524003], [2.1930511780913897, 48.9686435877584], [2.180341866372171, 48.97988373233732], [2.1622316587721904, 48.990136140429954], [2.09871661352047, 48.996919424234726], [2.090571123307668, 49.01790068888594], [2.1034691329132857, 49.03909361746138], [2.0957859968423524, 49.04673337596684], [2.0581556508746317, 49.06281914403825], [2.025386064104548, 49.07572135804642], [2.0029460458068105, 49.080811910011626], [1.9705444983242866, 49.09955483034093], [1.949406923865895, 49.12334471123142], [1.936865953454158, 49.16300140123273], [1.9205792747729, 49.20238205277644], [1.9054790812050526, 49.22054256178432], [1.8732362595841847, 49.26118959499568], [1.818497020989674, 49.2824007109848], [1.7847679942171768, 49.285504693998305]], [[2.3244386552397684, 48.87747568635212], [2.2832114335873186, 48.90587474197106], [2.2716490888242244, 48.91419560591249], [2.2593187577109575, 48.92395845032284], [2.260948512567054, 48.93172049557505], [2.257913508915154, 48.9468952901277], [2.263820283806777, 48.970881176549405], [2.2707541014797794, 48.98049890628609]], [[2.025386064104548, 49.07572135804642], [2.0581556508746317, 49.06281914403825], [2.0957859968423524, 49.04673337596684], [2.1034691329132857, 49.03909361746138], [2.090571123307668, 49.01790068888594], [2.09871661352047, 48.996919424234726], [2.1622316587721904, 48.990136140429954], [2.180341866372171, 48.97988373233732], [2.1930511780913897, 48.9686435877584], [2.2326940500534516, 48.95065749524003], [2.257913508915154, 48.9468952901277], [2.3244386552397684, 48.87747568635212]], [[2.2707541014797794, 48.98049890628609], [2.263820283806777, 48.970881176549405], [2.257913508915154, 48.9468952901277], [2.260948512567054, 48.93172049557505], [2.2593187577109575, 48.92395845032284], [2.2716490888242244, 48.91419560591249], [2.2832114335873186, 48.90587474197106], [2.3244386552397684, 48.87747568635212]], [[2.0957859968423524, 49.04673337596684], [2.1034691329132857, 49.03909361746138], [2.090571123307668, 49.01790068888594], [2.09871661352047, 48.996919424234726], [2.1622316587721904, 48.990136140429954], [2.180341866372171, 48.97988373233732], [2.1930511780913897, 48.9686435877584], [2.2326940500534516, 48.95065749524003], [2.257913508915154, 48.9468952901277], [2.260948512567054, 48.93172049557505], [2.2593187577109575, 48.92395845032284], [2.2716490888242244, 48.91419560591249], [2.2832114335873186, 48.90587474197106], [2.3244386552397684, 48.87747568635212]], [[2.3244386552397684, 48.87747568635212], [2.257913508915154, 48.9468952901277], [2.2326940500534516, 48.95065749524003], [2.1930511780913897, 48.9686435877584], [2.180341866372171, 48.97988373233732], [2.1622316587721904, 48.990136140429954], [2.09871661352047, 48.996919424234726]], [[2.3244386552397684, 48.87747568635212], [2.2832114335873186, 48.90587474197106], [2.2716490888242244, 48.91419560591249], [2.2593187577109575, 48.92395845032284], [2.260948512567054, 48.93172049557505], [2.257913508915154, 48.9468952901277], [2.2326940500534516, 48.95065749524003], [2.1930511780913897, 48.9686435877584], [2.180341866372171, 48.97988373233732], [2.1622316587721904, 48.990136140429954], [2.09871661352047, 48.996919424234726]], [[2.09871661352047, 48.996919424234726], [2.1622316587721904, 48.990136140429954], [2.180341866372171, 48.97988373233732], [2.1930511780913897, 48.9686435877584], [2.2326940500534516, 48.95065749524003], [2.257913508915154, 48.9468952901277], [2.3244386552397684, 48.87747568635212]], [[2.3244386552397684, 48.87747568635212], [2.2832114335873186, 48.90587474197106], [2.2716490888242244, 48.91419560591249], [2.2593187577109575, 48.92395845032284], [2.260948512567054, 48.93172049557505], [2.257913508915154, 48.9468952901277], [2.2326940500534516, 48.95065749524003], [2.1930511780913897, 48.9686435877584], [2.180341866372171, 48.97988373233732], [2.1622316587721904, 48.990136140429954], [2.09871661352047, 48.996919424234726], [2.090571123307668, 49.01790068888594], [2.1034691329132857, 49.03909361746138], [2.0957859968423524, 49.04673337596684]], [[2.3244386552397684, 48.87747568635212], [2.1851757042018707, 48.92034757911033], [2.040804469960689, 48.93324983956547], [1.999557321396041, 48.93983138477974], [1.9829377621754614, 48.981645855003116], [1.9552440340828119, 48.99266997269272], [1.9134674211236111, 48.99259097971094]], [[1.9134674211236111, 48.99259097971094], [1.9552440340828119, 48.99266997269272], [1.9829377621754614, 48.981645855003116], [1.999557321396041, 48.93983138477974], [2.040804469960689, 48.93324983956547], [2.1851757042018707, 48.92034757911033], [2.3244386552397684, 48.87747568635212]], [[2.040804469960689, 48.93324983956547], [1.999557321396041, 48.93983138477974], [1.9829377621754614, 48.981645855003116], [1.9552440340828119, 48.99266997269272], [1.9134674211236111, 48.99259097971094]], [[1.9134674211236111, 48.99259097971094], [1.9552440340828119, 48.99266997269272], [1.9829377621754614, 48.981645855003116], [1.999557321396041, 48.93983138477974], [2.040804469960689, 48.93324983956547], [2.1446722659338855, 48.94574060746957], [2.1572200388507317, 48.93769529363442], [2.1851757042018707, 48.92034757911033], [2.3244386552397684, 48.87747568635212]], [[2.3244386552397684, 48.87747568635212], [2.257913508915154, 48.9468952901277], [2.2326940500534516, 48.95065749524003], [2.1930511780913897, 48.9686435877584], [2.180341866372171, 48.97988373233732], [2.1622316587721904, 48.990136140429954], [2.09871661352047, 48.996919424234726], [2.0746499245710193, 48.991156287258484], [2.059634534011659, 48.986862412057214], [2.0486677678528, 48.974620752632916], [2.0276211497651646, 48.97035707590211], [2.005709444143668, 48.98141600700941], [1.9630264473162566, 49.0073550143858], [1.919170589720022, 49.006673442207415], [1.9021289902435004, 49.00581615609435], [1.8449525722587152, 48.99224048747195], [1.8090110590166268, 48.983003872761415], [1.7838404356830648, 48.9793069192499], [1.7474125098984148, 48.98420212754175], [1.7151334567152097, 48.98360892717879], [1.703836824856348, 48.989295021419494]], [[1.703836824856348, 48.989295021419494], [1.7151334567152097, 48.98360892717879], [1.7474125098984148, 48.98420212754175], [1.7838404356830648, 48.9793069192499], [1.8090110590166268, 48.983003872761415], [1.8449525722587152, 48.99224048747195], [1.9021289902435004, 49.00581615609435], [1.919170589720022, 49.006673442207415], [1.9630264473162566, 49.0073550143858], [2.005709444143668, 48.98141600700941], [2.0276211497651646, 48.97035707590211], [2.0486677678528, 48.974620752632916], [2.059634534011659, 48.986862412057214], [2.0746499245710193, 48.991156287258484], [2.09871661352047, 48.996919424234726], [2.1622316587721904, 48.990136140429954], [2.180341866372171, 48.97988373233732], [2.1930511780913897, 48.9686435877584], [2.2326940500534516, 48.95065749524003], [2.257913508915154, 48.9468952901277], [2.3244386552397684, 48.87747568635212]], [[1.703836824856348, 48.989295021419494], [1.7151334567152097, 48.98360892717879], [1.7474125098984148, 48.98420212754175], [1.7838404356830648, 48.9793069192499], [1.8090110590166268, 48.983003872761415], [1.8449525722587152, 48.99224048747195], [1.9021289902435004, 49.00581615609435], [1.919170589720022, 49.006673442207415], [1.9630264473162566, 49.0073550143858], [2.005709444143668, 48.98141600700941], [2.0276211497651646, 48.97035707590211], [2.0486677678528, 48.974620752632916], [2.059634534011659, 48.986862412057214], [2.0746499245710193, 48.991156287258484], [2.09871661352047, 48.996919424234726], [2.257913508915154, 48.9468952901277], [2.3244386552397684, 48.87747568635212]], [[2.3244386552397684, 48.87747568635212], [2.1851757042018707, 48.92034757911033], [2.040804469960689, 48.93324983956547], [1.999557321396041, 48.93983138477974], [1.9829377621754614, 48.981645855003116], [1.9552440340828119, 48.99266997269272], [1.9134674211236111, 48.99259097971094], [1.8489603900783327, 48.97233225408568], [1.809133387838305, 48.96340497197892], [1.7151334567152097, 48.98360892717879], [1.703836824856348, 48.989295021419494]], [[1.703836824856348, 48.989295021419494], [1.7151334567152097, 48.98360892717879], [1.809133387838305, 48.96340497197892], [1.8489603900783327, 48.97233225408568], [1.9134674211236111, 48.99259097971094], [1.9552440340828119, 48.99266997269272], [1.9829377621754614, 48.981645855003116], [1.999557321396041, 48.93983138477974], [2.040804469960689, 48.93324983956547], [2.1851757042018707, 48.92034757911033], [2.3244386552397684, 48.87747568635212]], [[1.7838404356830648, 48.9793069192499], [1.8090110590166268, 48.983003872761415], [1.8449525722587152, 48.99224048747195], [1.9021289902435004, 49.00581615609435], [1.919170589720022, 49.006673442207415], [1.9630264473162566, 49.0073550143858], [2.005709444143668, 48.98141600700941], [2.0276211497651646, 48.97035707590211], [2.0486677678528, 48.974620752632916], [2.059634534011659, 48.986862412057214], [2.0746499245710193, 48.991156287258484], [2.09871661352047, 48.996919424234726], [2.257913508915154, 48.9468952901277], [2.3244386552397684, 48.87747568635212]], [[1.703836824856348, 48.989295021419494], [2.3244386552397684, 48.87747568635212]], [[2.3244386552397684, 48.87747568635212], [1.703836824856348, 48.989295021419494]], [[2.257913508915154, 48.9468952901277], [2.260948512567054, 48.93172049557505], [2.2593187577109575, 48.92395845032284], [2.2716490888242244, 48.91419560591249], [2.2832114335873186, 48.90587474197106], [2.3244386552397684, 48.87747568635212]], [[1.703836824856348, 48.989295021419494], [1.7151334567152097, 48.98360892717879], [1.809133387838305, 48.96340497197892], [1.8489603900783327, 48.97233225408568], [1.9134674211236111, 48.99259097971094], [1.9552440340828119, 48.99266997269272], [1.9829377621754614, 48.981645855003116], [1.999557321396041, 48.93983138477974], [2.040804469960689, 48.93324983956547], [2.1446722659338855, 48.94574060746957], [2.1572200388507317, 48.93769529363442], [2.1851757042018707, 48.92034757911033], [2.3244386552397684, 48.87747568635212]], [[2.040804469960689, 48.93324983956547], [1.999557321396041, 48.93983138477974], [1.9829377621754614, 48.981645855003116], [1.9552440340828119, 48.99266997269272], [1.9134674211236111, 48.99259097971094], [1.8489603900783327, 48.97233225408568], [1.809133387838305, 48.96340497197892], [1.7151334567152097, 48.98360892717879], [1.703836824856348, 48.989295021419494]], [[2.3244386552397684, 48.87747568635212], [2.257913508915154, 48.9468952901277], [2.1930511780913897, 48.9686435877584], [2.09871661352047, 48.996919424234726], [2.0746499245710193, 48.991156287258484], [2.059634534011659, 48.986862412057214], [2.0486677678528, 48.974620752632916], [2.0276211497651646, 48.97035707590211], [2.005709444143668, 48.98141600700941], [1.9630264473162566, 49.0073550143858], [1.919170589720022, 49.006673442207415], [1.9021289902435004, 49.00581615609435], [1.8449525722587152, 48.99224048747195], [1.8090110590166268, 48.983003872761415], [1.7838404356830648, 48.9793069192499], [1.7474125098984148, 48.98420212754175], [1.7151334567152097, 48.98360892717879], [1.703836824856348, 48.989295021419494]], [[1.477776772218189, 49.091626659828435], [1.5820546885594051, 49.03882194566387], [1.6298170882272784, 48.99751746396684], [1.703836824856348, 48.989295021419494], [2.3244386552397684, 48.87747568635212]], [[2.040804469960689, 48.93324983956547], [1.999557321396041, 48.93983138477974], [1.9829377621754614, 48.981645855003116], [1.9552440340828119, 48.99266997269272], [1.9134674211236111, 48.99259097971094], [1.8489603900783327, 48.97233225408568], [1.809133387838305, 48.96340497197892], [1.7151334567152097, 48.98360892717879], [1.703836824856348, 48.989295021419494], [1.6298170882272784, 48.99751746396684], [1.5820546885594051, 49.03882194566387], [1.477776772218189, 49.091626659828435]], [[1.7847679942171768, 49.285504693998305], [1.8732362595841847, 49.26118959499568], [1.936865953454158, 49.16300140123273], [1.9705444983242866, 49.09955483034093], [2.025386064104548, 49.07572135804642], [2.0581556508746317, 49.06281914403825], [2.0957859968423524, 49.04673337596684], [2.1034691329132857, 49.03909361746138], [2.090571123307668, 49.01790068888594], [2.09871661352047, 48.996919424234726], [2.1622316587721904, 48.990136140429954], [2.180341866372171, 48.97988373233732], [2.1930511780913897, 48.9686435877584], [2.2326940500534516, 48.95065749524003], [2.257913508915154, 48.9468952901277], [2.3244386552397684, 48.87747568635212]], [[2.257913508915154, 48.9468952901277], [2.2832114335873186, 48.90587474197106], [2.3244386552397684, 48.87747568635212]], [[2.09871661352047, 48.996919424234726], [2.1622316587721904, 48.990136140429954], [2.180341866372171, 48.97988373233732], [2.1930511780913897, 48.9686435877584], [2.2326940500534516, 48.95065749524003], [2.257913508915154, 48.9468952901277], [2.2832114335873186, 48.90587474197106], [2.3244386552397684, 48.87747568635212]], [[2.3244386552397684, 48.87747568635212], [2.257913508915154, 48.9468952901277], [2.2326940500534516, 48.95065749524003], [2.180341866372171, 48.97988373233732], [2.1622316587721904, 48.990136140429954], [2.09871661352047, 48.996919424234726], [2.090571123307668, 49.01790068888594], [2.1034691329132857, 49.03909361746138], [2.0957859968423524, 49.04673337596684], [2.0581556508746317, 49.06281914403825], [2.025386064104548, 49.07572135804642]], [[1.703836824856348, 48.989295021419494], [1.7151334567152097, 48.98360892717879], [1.7474125098984148, 48.98420212754175], [1.7838404356830648, 48.9793069192499], [1.8090110590166268, 48.983003872761415], [1.8449525722587152, 48.99224048747195], [1.9021289902435004, 49.00581615609435], [1.919170589720022, 49.006673442207415], [1.9630264473162566, 49.0073550143858], [2.005709444143668, 48.98141600700941], [2.0276211497651646, 48.97035707590211], [2.0486677678528, 48.974620752632916], [2.059634534011659, 48.986862412057214], [2.0746499245710193, 48.991156287258484], [2.09871661352047, 48.996919424234726], [2.1930511780913897, 48.9686435877584], [2.2326940500534516, 48.95065749524003], [2.257913508915154, 48.9468952901277], [2.3244386552397684, 48.87747568635212]], [[2.3244386552397684, 48.87747568635212], [2.257913508915154, 48.9468952901277], [2.2326940500534516, 48.95065749524003], [2.180341866372171, 48.97988373233732], [2.1622316587721904, 48.990136140429954], [2.09871661352047, 48.996919424234726], [2.090571123307668, 49.01790068888594], [2.1034691329132857, 49.03909361746138], [2.0957859968423524, 49.04673337596684]], [[2.3244386552397684, 48.87747568635212], [2.257913508915154, 48.9468952901277], [2.2326940500534516, 48.95065749524003], [2.180341866372171, 48.97988373233732], [2.1622316587721904, 48.990136140429954], [2.09871661352047, 48.996919424234726], [2.090571123307668, 49.01790068888594], [2.1034691329132857, 49.03909361746138], [2.0957859968423524, 49.04673337596684], [2.0581556508746317, 49.06281914403825], [2.025386064104548, 49.07572135804642], [2.0029460458068105, 49.080811910011626], [1.9705444983242866, 49.09955483034093], [1.949406923865895, 49.12334471123142], [1.936865953454158, 49.16300140123273], [1.9205792747729, 49.20238205277644], [1.9054790812050526, 49.22054256178432], [1.8732362595841847, 49.26118959499568], [1.818497020989674, 49.2824007109848], [1.7847679942171768, 49.285504693998305]], [[2.3244386552397684, 48.87747568635212], [2.257913508915154, 48.9468952901277], [2.2326940500534516, 48.95065749524003], [2.1930511780913897, 48.9686435877584], [2.180341866372171, 48.97988373233732], [2.1622316587721904, 48.990136140429954], [2.09871661352047, 48.996919424234726], [2.090571123307668, 49.01790068888594], [2.1034691329132857, 49.03909361746138], [2.0957859968423524, 49.04673337596684], [2.0581556508746317, 49.06281914403825], [2.025386064104548, 49.07572135804642], [1.9705444983242866, 49.09955483034093], [1.936865953454158, 49.16300140123273], [1.8732362595841847, 49.26118959499568], [1.7847679942171768, 49.285504693998305]], [[2.3244386552397684, 48.87747568635212], [2.2832114335873186, 48.90587474197106], [2.257913508915154, 48.9468952901277]], [[2.3244386552397684, 48.87747568635212], [2.2832114335873186, 48.90587474197106], [2.257913508915154, 48.9468952901277], [2.2326940500534516, 48.95065749524003], [2.1930511780913897, 48.9686435877584], [2.180341866372171, 48.97988373233732], [2.1622316587721904, 48.990136140429954], [2.09871661352047, 48.996919424234726]], [[2.025386064104548, 49.07572135804642], [2.0581556508746317, 49.06281914403825], [2.0957859968423524, 49.04673337596684], [2.09871661352047, 48.996919424234726], [2.1622316587721904, 48.990136140429954], [2.2326940500534516, 48.95065749524003], [2.257913508915154, 48.9468952901277], [2.3244386552397684, 48.87747568635212]], [[2.09871661352047, 48.996919424234726], [2.1622316587721904, 48.990136140429954], [2.1930511780913897, 48.9686435877584], [2.2326940500534516, 48.95065749524003], [2.257913508915154, 48.9468952901277], [2.3244386552397684, 48.87747568635212]], [[1.7847679942171768, 49.285504693998305], [1.8732362595841847, 49.26118959499568], [1.936865953454158, 49.16300140123273], [1.9705444983242866, 49.09955483034093], [2.025386064104548, 49.07572135804642], [2.0581556508746317, 49.06281914403825], [2.0957859968423524, 49.04673337596684], [2.09871661352047, 48.996919424234726], [2.1622316587721904, 48.990136140429954], [2.2326940500534516, 48.95065749524003], [2.257913508915154, 48.9468952901277], [2.3244386552397684, 48.87747568635212]], [[1.7847679942171768, 49.285504693998305], [1.818497020989674, 49.2824007109848], [1.8732362595841847, 49.26118959499568], [1.9054790812050526, 49.22054256178432], [1.9205792747729, 49.20238205277644], [1.936865953454158, 49.16300140123273], [1.949406923865895, 49.12334471123142], [1.9705444983242866, 49.09955483034093], [2.0029460458068105, 49.080811910011626], [2.025386064104548, 49.07572135804642], [2.0581556508746317, 49.06281914403825], [2.0957859968423524, 49.04673337596684], [2.09871661352047, 48.996919424234726], [2.1622316587721904, 48.990136140429954], [2.2326940500534516, 48.95065749524003], [2.257913508915154, 48.9468952901277], [2.3244386552397684, 48.87747568635212]], [[2.3244386552397684, 48.87747568635212], [2.1851757042018707, 48.92034757911033], [2.040804469960689, 48.93324983956547], [1.999557321396041, 48.93983138477974], [1.9829377621754614, 48.981645855003116], [1.9552440340828119, 48.99266997269272], [1.9134674211236111, 48.99259097971094], [1.8489603900783327, 48.97233225408568], [1.809133387838305, 48.96340497197892], [1.7151334567152097, 48.98360892717879], [1.703836824856348, 48.989295021419494], [1.6298170882272784, 48.99751746396684], [1.5820546885594051, 49.03882194566387], [1.477776772218189, 49.091626659828435]], [[1.703836824856348, 48.989295021419494], [1.7151334567152097, 48.98360892717879], [1.809133387838305, 48.96340497197892], [1.8489603900783327, 48.97233225408568], [1.9134674211236111, 48.99259097971094], [1.9829377621754614, 48.981645855003116], [2.1851757042018707, 48.92034757911033], [2.3244386552397684, 48.87747568635212]], [[1.9134674211236111, 48.99259097971094], [1.9552440340828119, 48.99266997269272], [1.9829377621754614, 48.981645855003116], [1.999557321396041, 48.93983138477974], [2.040804469960689, 48.93324983956547], [2.3244386552397684, 48.87747568635212]], [[1.477776772218189, 49.091626659828435], [1.5820546885594051, 49.03882194566387], [1.6298170882272784, 48.99751746396684], [1.703836824856348, 48.989295021419494], [1.7151334567152097, 48.98360892717879], [1.809133387838305, 48.96340497197892], [1.8489603900783327, 48.97233225408568], [1.9134674211236111, 48.99259097971094], [1.9552440340828119, 48.99266997269272], [1.9829377621754614, 48.981645855003116], [1.999557321396041, 48.93983138477974], [2.040804469960689, 48.93324983956547], [2.1851757042018707, 48.92034757911033], [2.3244386552397684, 48.87747568635212]], [[2.3244386552397684, 48.87747568635212], [1.703836824856348, 48.989295021419494], [1.6298170882272784, 48.99751746396684], [1.5820546885594051, 49.03882194566387], [1.477776772218189, 49.091626659828435]], [[2.3244386552397684, 48.87747568635212], [2.257913508915154, 48.9468952901277], [2.2326940500534516, 48.95065749524003], [2.1930511780913897, 48.9686435877584], [2.1622316587721904, 48.990136140429954], [2.09871661352047, 48.996919424234726]], [[2.025386064104548, 49.07572135804642], [2.0581556508746317, 49.06281914403825], [2.0957859968423524, 49.04673337596684], [2.1034691329132857, 49.03909361746138], [2.090571123307668, 49.01790068888594], [2.09871661352047, 48.996919424234726], [2.1622316587721904, 48.990136140429954], [2.180341866372171, 48.97988373233732], [2.2326940500534516, 48.95065749524003], [2.257913508915154, 48.9468952901277], [2.3244386552397684, 48.87747568635212]], [[1.703836824856348, 48.989295021419494], [1.7151334567152097, 48.98360892717879], [1.7474125098984148, 48.98420212754175], [1.7838404356830648, 48.9793069192499], [1.8090110590166268, 48.983003872761415], [1.8449525722587152, 48.99224048747195], [1.9021289902435004, 49.00581615609435], [1.919170589720022, 49.006673442207415], [1.9630264473162566, 49.0073550143858], [2.005709444143668, 48.98141600700941], [2.0276211497651646, 48.97035707590211], [2.0486677678528, 48.974620752632916], [2.059634534011659, 48.986862412057214], [2.0746499245710193, 48.991156287258484], [2.09871661352047, 48.996919424234726], [2.1930511780913897, 48.9686435877584], [2.257913508915154, 48.9468952901277], [2.3244386552397684, 48.87747568635212]], [[2.3244386552397684, 48.87747568635212], [2.1851757042018707, 48.92034757911033], [1.9829377621754614, 48.981645855003116], [1.9134674211236111, 48.99259097971094], [1.8489603900783327, 48.97233225408568], [1.809133387838305, 48.96340497197892], [1.7151334567152097, 48.98360892717879], [1.703836824856348, 48.989295021419494]], [[2.3244386552397684, 48.87747568635212], [2.040804469960689, 48.93324983956547], [1.999557321396041, 48.93983138477974], [1.9829377621754614, 48.981645855003116], [1.9552440340828119, 48.99266997269272], [1.9134674211236111, 48.99259097971094]], [[1.7847679942171768, 49.285504693998305], [1.8732362595841847, 49.26118959499568], [1.936865953454158, 49.16300140123273], [1.9705444983242866, 49.09955483034093], [2.025386064104548, 49.07572135804642], [2.0581556508746317, 49.06281914403825], [2.0957859968423524, 49.04673337596684], [2.1034691329132857, 49.03909361746138], [2.090571123307668, 49.01790068888594], [2.09871661352047, 48.996919424234726], [2.1622316587721904, 48.990136140429954], [2.180341866372171, 48.97988373233732], [2.2326940500534516, 48.95065749524003], [2.257913508915154, 48.9468952901277], [2.3244386552397684, 48.87747568635212]], [[2.0957859968423524, 49.04673337596684], [2.1034691329132857, 49.03909361746138], [2.090571123307668, 49.01790068888594], [2.09871661352047, 48.996919424234726], [2.1622316587721904, 48.990136140429954], [2.180341866372171, 48.97988373233732], [2.2326940500534516, 48.95065749524003], [2.257913508915154, 48.9468952901277], [2.3244386552397684, 48.87747568635212]], [[1.7847679942171768, 49.285504693998305], [1.818497020989674, 49.2824007109848], [1.8732362595841847, 49.26118959499568], [1.9054790812050526, 49.22054256178432], [1.9205792747729, 49.20238205277644], [1.936865953454158, 49.16300140123273], [1.949406923865895, 49.12334471123142], [1.9705444983242866, 49.09955483034093], [2.0029460458068105, 49.080811910011626], [2.025386064104548, 49.07572135804642], [2.0581556508746317, 49.06281914403825], [2.0957859968423524, 49.04673337596684], [2.1034691329132857, 49.03909361746138], [2.090571123307668, 49.01790068888594], [2.09871661352047, 48.996919424234726], [2.1622316587721904, 48.990136140429954], [2.180341866372171, 48.97988373233732], [2.2326940500534516, 48.95065749524003], [2.257913508915154, 48.9468952901277], [2.3244386552397684, 48.87747568635212]], [[2.3244386552397684, 48.87747568635212], [2.2832114335873186, 48.90587474197106], [2.2716490888242244, 48.91419560591249], [2.2593187577109575, 48.92395845032284], [2.260948512567054, 48.93172049557505], [2.257913508915154, 48.9468952901277]], [[2.3244386552397684, 48.87747568635212], [2.257913508915154, 48.9468952901277], [2.2326940500534516, 48.95065749524003], [2.1622316587721904, 48.990136140429954], [2.09871661352047, 48.996919424234726], [2.0957859968423524, 49.04673337596684], [2.0581556508746317, 49.06281914403825], [2.025386064104548, 49.07572135804642], [1.9705444983242866, 49.09955483034093], [1.936865953454158, 49.16300140123273], [1.8732362595841847, 49.26118959499568], [1.7847679942171768, 49.285504693998305]], [[2.3244386552397684, 48.87747568635212], [2.257913508915154, 48.9468952901277], [2.2326940500534516, 48.95065749524003], [2.1622316587721904, 48.990136140429954], [2.09871661352047, 48.996919424234726], [2.0957859968423524, 49.04673337596684], [2.0581556508746317, 49.06281914403825], [2.025386064104548, 49.07572135804642]], [[2.3244386552397684, 48.87747568635212], [2.257913508915154, 48.9468952901277], [2.2326940500534516, 48.95065749524003], [2.1622316587721904, 48.990136140429954], [2.09871661352047, 48.996919424234726], [2.0957859968423524, 49.04673337596684], [2.0581556508746317, 49.06281914403825], [2.025386064104548, 49.07572135804642], [2.0029460458068105, 49.080811910011626], [1.9705444983242866, 49.09955483034093], [1.949406923865895, 49.12334471123142], [1.936865953454158, 49.16300140123273], [1.9205792747729, 49.20238205277644], [1.9054790812050526, 49.22054256178432], [1.8732362595841847, 49.26118959499568], [1.818497020989674, 49.2824007109848], [1.7847679942171768, 49.285504693998305]], [[2.09871661352047, 48.996919424234726], [2.1622316587721904, 48.990136140429954], [2.180341866372171, 48.97988373233732], [2.1930511780913897, 48.9686435877584], [2.2326940500534516, 48.95065749524003], [2.257913508915154, 48.9468952901277], [2.260948512567054, 48.93172049557505], [2.2593187577109575, 48.92395845032284], [2.2716490888242244, 48.91419560591249], [2.2832114335873186, 48.90587474197106], [2.3244386552397684, 48.87747568635212]], [[1.7847679942171768, 49.285504693998305], [1.818497020989674, 49.2824007109848], [1.8732362595841847, 49.26118959499568], [1.9054790812050526, 49.22054256178432], [1.9205792747729, 49.20238205277644], [1.936865953454158, 49.16300140123273], [1.949406923865895, 49.12334471123142], [1.9705444983242866, 49.09955483034093], [2.0029460458068105, 49.080811910011626], [2.025386064104548, 49.07572135804642], [2.0581556508746317, 49.06281914403825], [2.0957859968423524, 49.04673337596684], [2.1034691329132857, 49.03909361746138], [2.090571123307668, 49.01790068888594], [2.09871661352047, 48.996919424234726], [2.1622316587721904, 48.990136140429954], [2.180341866372171, 48.97988373233732], [2.1930511780913897, 48.9686435877584], [2.2326940500534516, 48.95065749524003], [2.257913508915154, 48.9468952901277], [2.260948512567054, 48.93172049557505], [2.2593187577109575, 48.92395845032284], [2.2716490888242244, 48.91419560591249], [2.2832114335873186, 48.90587474197106], [2.3244386552397684, 48.87747568635212]], [[2.3244386552397684, 48.87747568635212], [2.257913508915154, 48.9468952901277], [2.2326940500534516, 48.95065749524003], [2.1930511780913897, 48.9686435877584], [2.180341866372171, 48.97988373233732], [2.1622316587721904, 48.990136140429954], [2.09871661352047, 48.996919424234726], [2.090571123307668, 49.01790068888594], [2.1034691329132857, 49.03909361746138], [2.0957859968423524, 49.04673337596684], [2.0581556508746317, 49.06281914403825], [2.025386064104548, 49.07572135804642], [1.9705444983242866, 49.09955483034093], [1.936865953454158, 49.16300140123273], [1.9205792747729, 49.20238205277644], [1.9054790812050526, 49.22054256178432], [1.8732362595841847, 49.26118959499568], [1.818497020989674, 49.2824007109848], [1.7847679942171768, 49.285504693998305]], [[2.3244386552397684, 48.87747568635212], [2.1851757042018707, 48.92034757911033], [2.1572200388507317, 48.93769529363442], [2.1446722659338855, 48.94574060746957], [2.040804469960689, 48.93324983956547], [1.999557321396041, 48.93983138477974], [1.9829377621754614, 48.981645855003116], [1.9552440340828119, 48.99266997269272], [1.9134674211236111, 48.99259097971094]], [[2.3244386552397684, 48.87747568635212], [2.1851757042018707, 48.92034757911033], [2.1572200388507317, 48.93769529363442], [2.1446722659338855, 48.94574060746957], [2.040804469960689, 48.93324983956547], [1.999557321396041, 48.93983138477974], [1.9829377621754614, 48.981645855003116], [1.9552440340828119, 48.99266997269272], [1.9134674211236111, 48.99259097971094], [1.8489603900783327, 48.97233225408568], [1.809133387838305, 48.96340497197892], [1.7151334567152097, 48.98360892717879], [1.703836824856348, 48.989295021419494]]], "type": "MultiLineString"}, "properties": {"route_id": "IDFM:C01739", "route_short_name": "J", "route_long_name": "J", "route_type": "Rail", "route_color": "CEC73D", "route_url": null, "id_ilico": "C01739", "operatorname": "SNCF", "networkname": "Transilien", "url": "https://www.transilien.com/fr/page-lignes/ligne-j", "long_name_first": "J", "geo_point_2d": {"lon": 2.0561600485526954, "lat": 48.992290610496916}}}, {"type": "Feature", "geometry": {"coordinates": [[[2.2176312182469986, 48.846058536430505], [2.2210567895582143, 48.871689522026664], [2.238418596250407, 48.892229801568206], [2.2832114335873186, 48.90587474197106], [2.2974715210323566, 48.897501127112044], [2.312950431098551, 48.88839532721545], [2.3244386552397684, 48.87747568635212]], [[2.3244386552397684, 48.87747568635212], [2.312950431098551, 48.88839532721545], [2.2974715210323566, 48.897501127112044], [2.2832114335873186, 48.90587474197106], [2.238418596250407, 48.892229801568206], [2.2210567895582143, 48.871689522026664], [2.2176312182469986, 48.846058536430505]], [[2.2176312182469986, 48.846058536430505], [2.2165513289937904, 48.85625374079433], [2.2210567895582143, 48.871689522026664], [2.2336164976472146, 48.8833721630466], [2.238418596250407, 48.892229801568206], [2.249189818087758, 48.89861561377405], [2.268790065027107, 48.90549079769296], [2.2832114335873186, 48.90587474197106], [2.2974715210323566, 48.897501127112044], [2.312950431098551, 48.88839532721545], [2.3244386552397684, 48.87747568635212]], [[2.3244386552397684, 48.87747568635212], [2.312950431098551, 48.88839532721545], [2.2974715210323566, 48.897501127112044], [2.2832114335873186, 48.90587474197106], [2.268790065027107, 48.90549079769296], [2.249189818087758, 48.89861561377405], [2.238418596250407, 48.892229801568206]], [[2.238418596250407, 48.892229801568206], [2.249189818087758, 48.89861561377405], [2.268790065027107, 48.90549079769296], [2.2832114335873186, 48.90587474197106], [2.2974715210323566, 48.897501127112044], [2.312950431098551, 48.88839532721545], [2.3244386552397684, 48.87747568635212]], [[2.3244386552397684, 48.87747568635212], [2.312950431098551, 48.88839532721545], [2.2974715210323566, 48.897501127112044], [2.2832114335873186, 48.90587474197106], [2.268790065027107, 48.90549079769296], [2.249189818087758, 48.89861561377405], [2.238418596250407, 48.892229801568206], [2.2336164976472146, 48.8833721630466], [2.2210567895582143, 48.871689522026664], [2.2165513289937904, 48.85625374079433], [2.2176312182469986, 48.846058536430505]], [[2.051299627156171, 48.867096240827834], [2.076893601882248, 48.86818814962987], [2.0965372930677657, 48.87152941199376], [2.1227777344789676, 48.8612602848357], [2.132028029856739, 48.85379323051655], [2.138236726142033, 48.84262523059504], [2.152674671677768, 48.836684490249404], [2.187092668770097, 48.838254440887944], [2.2176312182469986, 48.846058536430505], [2.2165513289937904, 48.85625374079433], [2.2210567895582143, 48.871689522026664], [2.2336164976472146, 48.8833721630466], [2.238418596250407, 48.892229801568206], [2.249189818087758, 48.89861561377405], [2.268790065027107, 48.90549079769296], [2.2832114335873186, 48.90587474197106], [2.2974715210323566, 48.897501127112044], [2.312950431098551, 48.88839532721545], [2.3244386552397684, 48.87747568635212]], [[2.3244386552397684, 48.87747568635212], [2.312950431098551, 48.88839532721545], [2.2974715210323566, 48.897501127112044], [2.2832114335873186, 48.90587474197106], [2.268790065027107, 48.90549079769296], [2.249189818087758, 48.89861561377405], [2.238418596250407, 48.892229801568206], [2.2336164976472146, 48.8833721630466], [2.2210567895582143, 48.871689522026664], [2.2165513289937904, 48.85625374079433], [2.2176312182469986, 48.846058536430505], [2.2007294495659546, 48.827253206930806], [2.1885894806735937, 48.81299614830529], [2.1676545647835206, 48.805472581494975], [2.1528278413582385, 48.805965217521], [2.1368871000602927, 48.80949051640336]], [[2.1368871000602927, 48.80949051640336], [2.1528278413582385, 48.805965217521], [2.1676545647835206, 48.805472581494975], [2.1885894806735937, 48.81299614830529], [2.2007294495659546, 48.827253206930806], [2.2176312182469986, 48.846058536430505], [2.2165513289937904, 48.85625374079433], [2.2210567895582143, 48.871689522026664], [2.2336164976472146, 48.8833721630466], [2.238418596250407, 48.892229801568206], [2.249189818087758, 48.89861561377405], [2.268790065027107, 48.90549079769296], [2.2832114335873186, 48.90587474197106], [2.2974715210323566, 48.897501127112044], [2.312950431098551, 48.88839532721545], [2.3244386552397684, 48.87747568635212]], [[2.3244386552397684, 48.87747568635212], [2.312950431098551, 48.88839532721545], [2.2974715210323566, 48.897501127112044], [2.2832114335873186, 48.90587474197106], [2.268790065027107, 48.90549079769296], [2.249189818087758, 48.89861561377405], [2.238418596250407, 48.892229801568206], [2.2336164976472146, 48.8833721630466], [2.2210567895582143, 48.871689522026664], [2.2165513289937904, 48.85625374079433], [2.2176312182469986, 48.846058536430505], [2.187092668770097, 48.838254440887944], [2.152674671677768, 48.836684490249404], [2.138236726142033, 48.84262523059504], [2.132028029856739, 48.85379323051655], [2.1227777344789676, 48.8612602848357], [2.0965372930677657, 48.87152941199376], [2.076893601882248, 48.86818814962987], [2.051299627156171, 48.867096240827834]], [[2.051299627156171, 48.867096240827834], [2.076893601882248, 48.86818814962987], [2.0965372930677657, 48.87152941199376], [2.1227777344789676, 48.8612602848357], [2.132028029856739, 48.85379323051655], [2.138236726142033, 48.84262523059504], [2.152674671677768, 48.836684490249404], [2.187092668770097, 48.838254440887944], [2.2176312182469986, 48.846058536430505], [2.238418596250407, 48.892229801568206], [2.3244386552397684, 48.87747568635212]], [[2.213536495127317, 48.90112974604822], [2.2397947530458273, 48.90957685679064], [2.2572045759752384, 48.91365276270651], [2.268790065027107, 48.90549079769296], [2.2832114335873186, 48.90587474197106], [2.2974715210323566, 48.897501127112044], [2.312950431098551, 48.88839532721545], [2.3244386552397684, 48.87747568635212]], [[2.3244386552397684, 48.87747568635212], [2.312950431098551, 48.88839532721545], [2.2974715210323566, 48.897501127112044], [2.2832114335873186, 48.90587474197106], [2.268790065027107, 48.90549079769296], [2.2572045759752384, 48.91365276270651], [2.2397947530458273, 48.90957685679064], [2.213536495127317, 48.90112974604822], [2.1851757042018707, 48.92034757911033], [2.1572200388507317, 48.93769529363442], [2.1446722659338855, 48.94574060746957]], [[2.1446722659338855, 48.94574060746957], [2.1572200388507317, 48.93769529363442], [2.1851757042018707, 48.92034757911033], [2.213536495127317, 48.90112974604822], [2.2397947530458273, 48.90957685679064], [2.2572045759752384, 48.91365276270651], [2.268790065027107, 48.90549079769296], [2.2832114335873186, 48.90587474197106], [2.2974715210323566, 48.897501127112044], [2.312950431098551, 48.88839532721545], [2.3244386552397684, 48.87747568635212]], [[2.3244386552397684, 48.87747568635212], [2.312950431098551, 48.88839532721545], [2.2974715210323566, 48.897501127112044], [2.2832114335873186, 48.90587474197106], [2.268790065027107, 48.90549079769296], [2.2572045759752384, 48.91365276270651], [2.2397947530458273, 48.90957685679064], [2.213536495127317, 48.90112974604822]], [[2.3244386552397684, 48.87747568635212], [2.312950431098551, 48.88839532721545], [2.2974715210323566, 48.897501127112044], [2.2832114335873186, 48.90587474197106], [2.268790065027107, 48.90549079769296], [2.2572045759752384, 48.91365276270651], [2.2397947530458273, 48.90957685679064], [2.213536495127317, 48.90112974604822], [2.1851757042018707, 48.92034757911033], [2.1572200388507317, 48.93769529363442]], [[2.1572200388507317, 48.93769529363442], [2.1851757042018707, 48.92034757911033], [2.213536495127317, 48.90112974604822], [2.2397947530458273, 48.90957685679064], [2.2572045759752384, 48.91365276270651], [2.268790065027107, 48.90549079769296], [2.2832114335873186, 48.90587474197106], [2.2974715210323566, 48.897501127112044], [2.312950431098551, 48.88839532721545], [2.3244386552397684, 48.87747568635212]], [[2.3244386552397684, 48.87747568635212], [2.268790065027107, 48.90549079769296], [2.249189818087758, 48.89861561377405], [2.238418596250407, 48.892229801568206], [2.2336164976472146, 48.8833721630466], [2.2165513289937904, 48.85625374079433], [2.2176312182469986, 48.846058536430505], [2.187092668770097, 48.838254440887944], [2.152674671677768, 48.836684490249404], [2.138236726142033, 48.84262523059504], [2.132028029856739, 48.85379323051655], [2.1227777344789676, 48.8612602848357], [2.0965372930677657, 48.87152941199376], [2.076893601882248, 48.86818814962987], [2.051299627156171, 48.867096240827834]], [[2.3244386552397684, 48.87747568635212], [2.312950431098551, 48.88839532721545], [2.2974715210323566, 48.897501127112044], [2.2832114335873186, 48.90587474197106], [2.268790065027107, 48.90549079769296], [2.2572045759752384, 48.91365276270651], [2.2397947530458273, 48.90957685679064], [2.213536495127317, 48.90112974604822], [2.1851757042018707, 48.92034757911033], [2.1572200388507317, 48.93769529363442], [2.1446722659338855, 48.94574060746957], [2.0777265246565433, 48.970643570814424], [2.0746499245710193, 48.991156287258484], [2.078348820578231, 49.01374275942672], [2.0797809490013073, 49.036306683133965], [2.0345219282999176, 49.049642166828754], [2.011579068023536, 49.04823262405815]], [[2.3244386552397684, 48.87747568635212], [2.312950431098551, 48.88839532721545], [2.2974715210323566, 48.897501127112044], [2.2832114335873186, 48.90587474197106], [2.238418596250407, 48.892229801568206], [2.2210567895582143, 48.871689522026664], [2.2176312182469986, 48.846058536430505], [2.2007294495659546, 48.827253206930806], [2.1885894806735937, 48.81299614830529], [2.1676545647835206, 48.805472581494975], [2.1528278413582385, 48.805965217521], [2.1368871000602927, 48.80949051640336]], [[2.051299627156171, 48.867096240827834], [2.076893601882248, 48.86818814962987], [2.0965372930677657, 48.87152941199376], [2.1227777344789676, 48.8612602848357], [2.132028029856739, 48.85379323051655], [2.138236726142033, 48.84262523059504], [2.152674671677768, 48.836684490249404], [2.187092668770097, 48.838254440887944], [2.2176312182469986, 48.846058536430505], [2.2165513289937904, 48.85625374079433], [2.2336164976472146, 48.8833721630466], [2.238418596250407, 48.892229801568206], [2.249189818087758, 48.89861561377405], [2.268790065027107, 48.90549079769296], [2.3244386552397684, 48.87747568635212]], [[2.3244386552397684, 48.87747568635212], [2.312950431098551, 48.88839532721545], [2.2974715210323566, 48.897501127112044], [2.2832114335873186, 48.90587474197106], [2.268790065027107, 48.90549079769296], [2.2572045759752384, 48.91365276270651], [2.2397947530458273, 48.90957685679064], [2.213536495127317, 48.90112974604822], [2.1851757042018707, 48.92034757911033], [2.1572200388507317, 48.93769529363442], [2.0777265246565433, 48.970643570814424], [2.0746499245710193, 48.991156287258484], [2.078348820578231, 49.01374275942672], [2.0797809490013073, 49.036306683133965], [2.0345219282999176, 49.049642166828754], [2.011579068023536, 49.04823262405815]], [[2.011579068023536, 49.04823262405815], [2.0345219282999176, 49.049642166828754], [2.0797809490013073, 49.036306683133965], [2.078348820578231, 49.01374275942672], [2.0746499245710193, 48.991156287258484], [2.0777265246565433, 48.970643570814424], [2.1446722659338855, 48.94574060746957], [2.1572200388507317, 48.93769529363442], [2.1851757042018707, 48.92034757911033], [2.213536495127317, 48.90112974604822], [2.2397947530458273, 48.90957685679064], [2.2572045759752384, 48.91365276270651], [2.268790065027107, 48.90549079769296], [2.2832114335873186, 48.90587474197106], [2.2974715210323566, 48.897501127112044], [2.312950431098551, 48.88839532721545], [2.3244386552397684, 48.87747568635212]], [[2.1368871000602927, 48.80949051640336], [2.1528278413582385, 48.805965217521], [2.1676545647835206, 48.805472581494975], [2.1885894806735937, 48.81299614830529], [2.2007294495659546, 48.827253206930806], [2.2176312182469986, 48.846058536430505], [2.2210567895582143, 48.871689522026664], [2.238418596250407, 48.892229801568206], [2.2832114335873186, 48.90587474197106], [2.2974715210323566, 48.897501127112044], [2.312950431098551, 48.88839532721545], [2.3244386552397684, 48.87747568635212]], [[2.011579068023536, 49.04823262405815], [2.0345219282999176, 49.049642166828754], [2.0797809490013073, 49.036306683133965], [2.078348820578231, 49.01374275942672], [2.0746499245710193, 48.991156287258484], [2.0777265246565433, 48.970643570814424], [2.1572200388507317, 48.93769529363442], [2.1851757042018707, 48.92034757911033], [2.213536495127317, 48.90112974604822], [2.2397947530458273, 48.90957685679064], [2.2572045759752384, 48.91365276270651], [2.268790065027107, 48.90549079769296], [2.2832114335873186, 48.90587474197106], [2.2974715210323566, 48.897501127112044], [2.312950431098551, 48.88839532721545], [2.3244386552397684, 48.87747568635212]], [[2.3244386552397684, 48.87747568635212], [2.238418596250407, 48.892229801568206], [2.2176312182469986, 48.846058536430505], [2.187092668770097, 48.838254440887944], [2.152674671677768, 48.836684490249404], [2.138236726142033, 48.84262523059504], [2.132028029856739, 48.85379323051655], [2.1227777344789676, 48.8612602848357], [2.0965372930677657, 48.87152941199376], [2.076893601882248, 48.86818814962987], [2.051299627156171, 48.867096240827834]], [[2.3244386552397684, 48.87747568635212], [2.2832114335873186, 48.90587474197106], [2.268790065027107, 48.90549079769296], [2.249189818087758, 48.89861561377405], [2.238418596250407, 48.892229801568206], [2.2336164976472146, 48.8833721630466], [2.2165513289937904, 48.85625374079433], [2.2176312182469986, 48.846058536430505], [2.187092668770097, 48.838254440887944], [2.152674671677768, 48.836684490249404], [2.138236726142033, 48.84262523059504], [2.132028029856739, 48.85379323051655], [2.1227777344789676, 48.8612602848357], [2.0965372930677657, 48.87152941199376], [2.076893601882248, 48.86818814962987], [2.051299627156171, 48.867096240827834]]], "type": "MultiLineString"}, "properties": {"route_id": "IDFM:C01740", "route_short_name": "L", "route_long_name": "L", "route_type": "Rail", "route_color": "C4A4CC", "route_url": null, "id_ilico": "C01740", "operatorname": "SNCF", "networkname": "Transilien", "url": "https://www.transilien.com/fr/page-lignes/ligne-l", "long_name_first": "L", "geo_point_2d": {"lon": 2.205996959358636, "lat": 48.896712547287045}}}, {"type": "Feature", "geometry": {"coordinates": [[[1.1498558322259897, 49.01841486817869], [2.3244386552397684, 48.87747568635212]], [[2.3244386552397684, 48.87747568635212], [1.1498558322259897, 49.01841486817869]], [[1.1498558322259897, 49.01841486817869], [1.4432942139499536, 48.92545279910358], [1.5417869888909062, 48.94351093132378], [1.7035357257047248, 48.98923988738119]], [[2.3244386552397684, 48.87747568635212], [1.7038853443423192, 48.98891990531871]], [[1.7034822002123002, 48.989194342349876], [2.3244386552397684, 48.87747568635212]], [[2.3244386552397684, 48.87747568635212], [1.7038853443423192, 48.98891990531871], [1.5418564957834917, 48.94346680677985], [1.4432434034690387, 48.92532621742936], [1.1498558322259897, 49.01841486817869]], [[2.3244386552397684, 48.87747568635212], [1.7038177086128614, 48.988892194632506], [1.5418564957834917, 48.94346680677985], [1.4432434034690387, 48.92532621742936], [1.1498558322259897, 49.01841486817869]], [[1.1498558322259897, 49.01841486817869], [1.4432942139499536, 48.92545279910358], [1.5417869888909062, 48.94351093132378], [1.7034822002123002, 48.989194342349876], [2.3244386552397684, 48.87747568635212]], [[1.1498558322259897, 49.01841486817869], [1.4434975696537509, 48.92527105599798], [1.5418227473944963, 48.943453022992934], [1.703836824856348, 48.989295021419494], [2.3244386552397684, 48.87747568635212]], [[2.3244386552397684, 48.87747568635212], [1.703836824856348, 48.989295021419494], [1.5418227473944963, 48.943453022992934], [1.4434975696537509, 48.92527105599798], [1.1498558322259897, 49.01841486817869]], [[1.7034822002123002, 48.989194342349876], [1.5418564957834917, 48.94346680677985], [1.4432434034690387, 48.92532621742936], [1.1498558322259897, 49.01841486817869]], [[1.7035357257047248, 48.98923988738119], [1.5418564957834917, 48.94346680677985], [1.4432434034690387, 48.92532621742936], [1.1498558322259897, 49.01841486817869]], [[1.1498558322259897, 49.01841486817869], [1.4432942139499536, 48.92545279910358], [1.5417869888909062, 48.94351093132378], [1.7034822002123002, 48.989194342349876]]], "type": "MultiLineString"}, "properties": {"route_id": "IDFM:C02375", "route_short_name": "TER", "route_long_name": "TER Normandie", "route_type": "Rail", "route_color": "AAAAAA", "route_url": null, "id_ilico": "C02375", "operatorname": "SNCF", "networkname": "TER", "url": "https://ter.sncf.com/normandie", "long_name_first": "T", "geo_point_2d": {"lon": 1.7044118230397318, "lat": 48.94938635757425}}}, {"type": "Feature", "geometry": {"coordinates": [[[2.1349078603373464, 48.79526039893613], [2.1468519693445356, 48.77123768805397], [2.1644478368550066, 48.764760068378486], [2.1925522822775045, 48.75897132762851], [2.2161603396773564, 48.75087243760775], [2.230807643224045, 48.74084886110891], [2.2587677282577334, 48.72551907437078]], [[2.2587677282577334, 48.72551907437078], [2.230807643224045, 48.74084886110891], [2.2161603396773564, 48.75087243760775], [2.1925522822775045, 48.75897132762851], [2.1644478368550066, 48.764760068378486], [2.1468519693445356, 48.77123768805397], [2.1349078603373464, 48.79526039893613]]], "type": "MultiLineString"}, "properties": {"route_id": "IDFM:C02711", "route_short_name": "V", "route_long_name": "V", "route_type": "Rail", "route_color": "9F9825", "route_url": null, "id_ilico": "C02711", "operatorname": "SNCF", "networkname": "Transilien", "url": "https://www.transilien.com/fr/page-lignes/ligne-v", "long_name_first": "V", "geo_point_2d": {"lon": 2.19273903683911, "lat": 48.757275899516706}}}, {"type": "Feature", "geometry": {"coordinates": [[[1.4806350241915214, 48.44829799670239], [1.5927045470687016, 48.58713020987401], [1.6816050711369555, 48.6050616178561], [1.830704942140823, 48.64305313349387], [2.134496264789487, 48.79504217049753], [2.316388731382968, 48.83841119933774]], [[2.316388731382968, 48.83841119933774], [2.135243878789995, 48.7951105420563], [1.8337103324105775, 48.644638872398815], [1.6816740107907147, 48.605017399224884], [1.5927638475501256, 48.586941980025784], [1.59010579932378, 48.54260985570034], [1.5572578124609417, 48.50977179970065], [1.5242387761354979, 48.482544705489836], [1.4806901465030624, 48.44826271060296]], [[1.4806350241915214, 48.44829799670239], [1.5244943169956446, 48.4826018663209], [1.5575474541143874, 48.510072228549895], [1.590036380769503, 48.5426720118731], [1.5927045470687016, 48.58713020987401], [1.6816050711369555, 48.6050616178561], [1.7727185182491276, 48.62605218985017], [1.830704942140823, 48.64305313349387], [2.134496264789487, 48.79504217049753], [2.316388731382968, 48.83841119933774]], [[2.316388731382968, 48.83841119933774], [2.135243878789995, 48.7951105420563], [1.8337103324105775, 48.644638872398815], [1.6816740107907147, 48.605017399224884], [1.5927638475501256, 48.586941980025784], [1.4806901465030624, 48.44826271060296]], [[2.316388731382968, 48.83841119933774], [2.135243878789995, 48.7951105420563], [1.8337103324105775, 48.644638872398815], [1.7736694855530508, 48.62600800856823], [1.6816740107907147, 48.605017399224884], [1.5927638475501256, 48.586941980025784], [1.59010579932378, 48.54260985570034], [1.5572578124609417, 48.50977179970065], [1.5242387761354979, 48.482544705489836], [1.4806901465030624, 48.44826271060296]], [[1.4806350241915214, 48.44829799670239], [1.5927045470687016, 48.58713020987401], [1.6816050711369555, 48.6050616178561], [1.830704942140823, 48.64305313349387], [2.135243878789995, 48.7951105420563], [2.316388731382968, 48.83841119933774]], [[2.316388731382968, 48.83841119933774], [2.1352721462429782, 48.79504778689972], [1.8337103324105775, 48.644638872398815], [1.7736694855530508, 48.62600800856823], [1.6816740107907147, 48.605017399224884], [1.5927638475501256, 48.586941980025784], [1.59010579932378, 48.54260985570034], [1.5572578124609417, 48.50977179970065], [1.5242387761354979, 48.482544705489836], [1.4806901465030624, 48.44826271060296]], [[2.316388731382968, 48.83841119933774], [2.1352721462429782, 48.79504778689972], [1.8337103324105775, 48.644638872398815], [1.6816740107907147, 48.605017399224884], [1.5927638475501256, 48.586941980025784], [1.59010579932378, 48.54260985570034], [1.5572578124609417, 48.50977179970065], [1.5242387761354979, 48.482544705489836], [1.4806901465030624, 48.44826271060296]], [[2.316388731382968, 48.83841119933774], [2.1352721462429782, 48.79504778689972], [2.0445303604044742, 48.78723320870915], [1.8337103324105775, 48.644638872398815], [1.7736694855530508, 48.62600800856823], [1.6816740107907147, 48.605017399224884], [1.5927638475501256, 48.586941980025784], [1.59010579932378, 48.54260985570034], [1.5572578124609417, 48.50977179970065], [1.5242387761354979, 48.482544705489836], [1.4806901465030624, 48.44826271060296]], [[1.4806350241915214, 48.44829799670239], [1.5244943169956446, 48.4826018663209], [1.5575474541143874, 48.510072228549895], [1.590036380769503, 48.5426720118731], [1.5927045470687016, 48.58713020987401], [1.6816050711369555, 48.6050616178561], [2.316388731382968, 48.83841119933774]], [[1.4806901465030624, 48.44826271060296], [1.5244943169956446, 48.4826018663209], [1.5575474541143874, 48.510072228549895], [1.590036380769503, 48.5426720118731], [1.5927045470687016, 48.58713020987401], [1.6816050711369555, 48.6050616178561], [2.316388731382968, 48.83841119933774]], [[2.316388731382968, 48.83841119933774], [2.1352721462429782, 48.79504778689972], [1.6816740107907147, 48.605017399224884], [1.5927638475501256, 48.586941980025784], [1.4806901465030624, 48.44826271060296]], [[1.4806350241915214, 48.44829799670239], [1.5244943169956446, 48.4826018663209], [1.5575474541143874, 48.510072228549895], [1.590036380769503, 48.5426720118731], [1.5926330908061617, 48.586256682993294], [1.6816050711369555, 48.6050616178561], [1.7727185182491276, 48.62605218985017], [1.8330495090353862, 48.64444348936314], [2.134496264789487, 48.79504217049753], [2.316388731382968, 48.83841119933774]], [[1.4806901465030624, 48.44826271060296], [1.5244943169956446, 48.4826018663209], [1.5575474541143874, 48.510072228549895], [1.590036380769503, 48.5426720118731], [1.5927045470687016, 48.58713020987401], [1.6816050711369555, 48.6050616178561], [1.7727185182491276, 48.62605218985017], [1.830704942140823, 48.64305313349387], [2.134496264789487, 48.79504217049753], [2.316388731382968, 48.83841119933774]], [[1.4806350241915214, 48.44829799670239], [1.5244943169956446, 48.4826018663209], [1.5575474541143874, 48.510072228549895], [1.590036380769503, 48.5426720118731], [1.5927045470687016, 48.58713020987401], [1.6816050711369555, 48.6050616178561], [1.7727185182491276, 48.62605218985017], [1.8330495090353862, 48.64444348936314], [2.135243878789995, 48.7951105420563], [2.316388731382968, 48.83841119933774]], [[1.4806350241915214, 48.44829799670239], [1.5244943169956446, 48.4826018663209], [1.5575474541143874, 48.510072228549895], [1.590036380769503, 48.5426720118731], [1.5927045470687016, 48.58713020987401], [1.6816050711369555, 48.6050616178561], [1.7727185182491276, 48.62605218985017], [1.830704942140823, 48.64305313349387], [2.135243878789995, 48.7951105420563], [2.316388731382968, 48.83841119933774]], [[1.4806350241915214, 48.44829799670239], [2.134496264789487, 48.79504217049753], [2.316388731382968, 48.83841119933774]], [[1.4806901465030624, 48.44826271060296], [1.5927045470687016, 48.58713020987401], [1.6816050711369555, 48.6050616178561], [1.830704942140823, 48.64305313349387], [2.134496264789487, 48.79504217049753], [2.316388731382968, 48.83841119933774]], [[1.4806350241915214, 48.44829799670239], [1.5244943169956446, 48.4826018663209], [1.5575474541143874, 48.510072228549895], [1.590036380769503, 48.5426720118731], [1.5926330908061617, 48.586256682993294], [1.6816050711369555, 48.6050616178561], [1.7727185182491276, 48.62605218985017], [1.830704942140823, 48.64305313349387], [2.134496264789487, 48.79504217049753], [2.316388731382968, 48.83841119933774]], [[2.316388731382968, 48.83841119933774], [2.1344548320758383, 48.79507784740487], [1.8337103324105775, 48.644638872398815], [1.6816740107907147, 48.605017399224884], [1.5927638475501256, 48.586941980025784], [1.4806901465030624, 48.44826271060296]], [[1.4806350241915214, 48.44829799670239], [1.5244943169956446, 48.4826018663209], [1.5575474541143874, 48.510072228549895], [1.590036380769503, 48.5426720118731], [1.5927045470687016, 48.58713020987401], [1.6816050711369555, 48.6050616178561], [1.7727185182491276, 48.62605218985017], [1.830704942140823, 48.64305313349387], [2.1343450409801523, 48.79513101766467], [2.316388731382968, 48.83841119933774]]], "type": "MultiLineString"}, "properties": {"route_id": "IDFM:C01744", "route_short_name": "TER", "route_long_name": "TER Centre - Val de Loire", "route_type": "Rail", "route_color": "AAAAAA", "route_url": null, "id_ilico": "C01744", "operatorname": "SNCF", "networkname": "TER", "url": "https://ter.sncf.com/centre-val-de-loire", "long_name_first": "T", "geo_point_2d": {"lon": 1.8766940625230977, "lat": 48.670912969306535}}}, {"type": "Feature", "geometry": {"coordinates": [[[2.0883529511661725, 49.42623398197768], [2.356693437528564, 48.88230685842714]], [[2.0880754691387353, 49.42633975667528], [2.2776450993479274, 49.14769440553777], [2.356693437528564, 48.88230685842714]], [[2.46892902764167, 49.264185555044406], [2.2777997330536137, 49.147582944600785], [2.322994793358273, 49.06615407169485], [2.356693437528564, 48.88230685842714]], [[2.356693437528564, 48.88230685842714], [2.3228219079408823, 49.06616021905701], [2.2777997330536137, 49.147582944600785], [2.46892902764167, 49.264185555044406]], [[2.46892902764167, 49.264185555044406], [2.356693437528564, 48.88230685842714]], [[2.356693437528564, 48.88230685842714], [2.0880754691387353, 49.42633975667528]], [[2.088576271957709, 49.42607386646542], [2.2776450993479274, 49.14769440553777], [2.356693437528564, 48.88230685842714]], [[2.088575794818811, 49.42610082906883], [2.2776450993479274, 49.14769440553777], [2.356693437528564, 48.88230685842714]], [[2.088576271957709, 49.42607386646542], [2.356693437528564, 48.88230685842714]], [[2.356693437528564, 48.88230685842714], [2.2776173134854045, 49.14772121210366], [2.0880754691387353, 49.42633975667528]], [[2.356693437528564, 48.88230685842714], [2.2776173134854045, 49.14772121210366], [2.088576271957709, 49.42607386646542]], [[2.356693437528564, 48.88230685842714], [2.2776173134854045, 49.14772121210366], [2.0883396498087277, 49.42620691560976]], [[2.3572504774105076, 48.88247193824394], [2.2776173134854045, 49.14772121210366], [2.0880754691387353, 49.42633975667528]], [[2.356693437528564, 48.88230685842714], [2.2776173134854045, 49.14772121210366], [2.0883529511661725, 49.42623398197768]], [[2.3571549201947968, 48.882480418494936], [2.2776173134854045, 49.14772121210366], [2.0880754691387353, 49.42633975667528]], [[2.356693437528564, 48.88230685842714], [2.088576271957709, 49.42607386646542]], [[2.356693437528564, 48.88230685842714], [2.2776173134854045, 49.14772121210366], [2.088575794818811, 49.42610082906883]], [[2.0880754691387353, 49.42633975667528], [2.356693437528564, 48.88230685842714]], [[2.356693437528564, 48.88230685842714], [2.0883529511661725, 49.42623398197768]], [[2.0883396498087277, 49.42620691560976], [2.2776450993479274, 49.14769440553777], [2.356693437528564, 48.88230685842714]]], "type": "MultiLineString"}, "properties": {"route_id": "IDFM:C01746", "route_short_name": "TER", "route_long_name": "TER Hauts-de-France", "route_type": "Rail", "route_color": "AAAAAA", "route_url": null, "id_ilico": "C01746", "operatorname": "SNCF", "networkname": "TER", "url": "https://ter.sncf.com/hauts-de-france", "long_name_first": "T", "geo_point_2d": {"lon": 2.25164776955774, "lat": 49.152747861371616}}}, {"type": "Feature", "geometry": {"coordinates": [[[2.376365660931201, 48.84340211646564], [2.65469836071817, 48.527491277248295], [2.691542568002651, 48.47579827327959], [2.7267714287220346, 48.416666098921], [2.764187149192088, 48.39428183783365], [2.800462899908886, 48.37789836789835], [2.738336123575285, 48.33649861774928], [2.6918764214147592, 48.332451033464054], [2.6850524330729284, 48.26863657605134], [2.7040329448732985, 48.22938980618883], [2.7358697259911766, 48.18117871674994], [2.762658376432018, 48.14790552423752], [2.7720920761530037, 48.09588996416835], [2.743201130533139, 48.00669739961254]], [[2.743201130533139, 48.00669739961254], [2.7720920761530037, 48.09588996416835], [2.762658376432018, 48.14790552423752], [2.7358697259911766, 48.18117871674994], [2.7040329448732985, 48.22938980618883], [2.6850524330729284, 48.26863657605134], [2.6918764214147592, 48.332451033464054], [2.738336123575285, 48.33649861774928], [2.800462899908886, 48.37789836789835], [2.764187149192088, 48.39428183783365], [2.7267714287220346, 48.416666098921], [2.691542568002651, 48.47579827327959], [2.65469836071817, 48.527491277248295], [2.376365660931201, 48.84340211646564]], [[2.942541935520315, 48.37960363189276], [2.816506976966753, 48.38264713543743], [2.800462899908886, 48.37789836789835], [2.7267714287220346, 48.416666098921], [2.691542568002651, 48.47579827327959], [2.65469836071817, 48.527491277248295], [2.376365660931201, 48.84340211646564]], [[2.942541935520315, 48.37960363189276], [2.896902458012003, 48.37863280606578], [2.8421499951400837, 48.38667549692297], [2.798915755216375, 48.40726498958356], [2.752898337073854, 48.430461048527036], [2.7607507689116346, 48.44272124429534], [2.750465255041539, 48.48734840615557], [2.6952691308240335, 48.48701587175729], [2.6789439431211646, 48.510288065207455], [2.65469836071817, 48.527491277248295]], [[2.376365660931201, 48.84340211646564], [2.65469836071817, 48.527491277248295], [2.691542568002651, 48.47579827327959], [2.7267714287220346, 48.416666098921], [2.800462899908886, 48.37789836789835], [2.816506976966753, 48.38264713543743], [2.942541935520315, 48.37960363189276]], [[2.65469836071817, 48.527491277248295], [2.6789439431211646, 48.510288065207455], [2.6952691308240335, 48.48701587175729], [2.750465255041539, 48.48734840615557], [2.7607507689116346, 48.44272124429534], [2.752898337073854, 48.430461048527036], [2.798915755216375, 48.40726498958356], [2.8421499951400837, 48.38667549692297], [2.896902458012003, 48.37863280606578], [2.942541935520315, 48.37960363189276]], [[2.376365660931201, 48.84340211646564], [2.65469836071817, 48.527491277248295], [2.691542568002651, 48.47579827327959], [2.7267714287220346, 48.416666098921], [2.764187149192088, 48.39428183783365], [2.800462899908886, 48.37789836789835], [2.6850524330729284, 48.26863657605134], [2.7358697259911766, 48.18117871674994], [2.743201130533139, 48.00669739961254]], [[2.743201130533139, 48.00669739961254], [2.7358697259911766, 48.18117871674994], [2.6850524330729284, 48.26863657605134], [2.800462899908886, 48.37789836789835], [2.764187149192088, 48.39428183783365], [2.7267714287220346, 48.416666098921], [2.691542568002651, 48.47579827327959], [2.65469836071817, 48.527491277248295], [2.376365660931201, 48.84340211646564]], [[2.376365660931201, 48.84340211646564], [2.65469836071817, 48.527491277248295], [2.691542568002651, 48.47579827327959], [2.7267714287220346, 48.416666098921], [2.764187149192088, 48.39428183783365], [2.800462899908886, 48.37789836789835]], [[2.376365660931201, 48.84340211646564], [2.65469836071817, 48.527491277248295], [2.691542568002651, 48.47579827327959], [2.7267714287220346, 48.416666098921], [2.764187149192088, 48.39428183783365], [2.800462899908886, 48.37789836789835], [2.816506976966753, 48.38264713543743], [2.942541935520315, 48.37960363189276]], [[2.65469836071817, 48.527491277248295], [2.691542568002651, 48.47579827327959], [2.7267714287220346, 48.416666098921], [2.764187149192088, 48.39428183783365], [2.800462899908886, 48.37789836789835], [2.6850524330729284, 48.26863657605134], [2.7358697259911766, 48.18117871674994], [2.743201130533139, 48.00669739961254]]], "type": "MultiLineString"}, "properties": {"route_id": "IDFM:C01731", "route_short_name": "R", "route_long_name": "R", "route_type": "Rail", "route_color": "F49FB3", "route_url": null, "id_ilico": "C01731", "operatorname": "SNCF", "networkname": "Transilien", "url": "https://www.transilien.com/fr/page-lignes/ligne-r", "long_name_first": "R", "geo_point_2d": {"lon": 2.6580247502153034, "lat": 48.47304897577417}}}, {"type": "Feature", "geometry": {"coordinates": [[[2.316388731382968, 48.83841119933774], [2.2919742374890983, 48.81828945559893], [2.274243860950152, 48.814225639142954], [2.2428787225795106, 48.81436409632574], [2.2299563222165655, 48.818872981385084], [2.215079572125279, 48.82121360785643], [2.189425762809199, 48.8051904761828], [2.17158260741522, 48.800665521455045], [2.1349078603373464, 48.79526039893613], [2.072712440765476, 48.79877460471833], [2.044615988930814, 48.78748491597792], [2.0065902166898377, 48.7747853970692], [1.943057018064192, 48.7551716132828], [1.9214184023981655, 48.74374799338111], [1.8896613918946876, 48.721693353095276], [1.8566531860615936, 48.69336112490438], [1.832207614506548, 48.6438460126836]], [[2.316388731382968, 48.83841119933774], [2.1349078603373464, 48.79526039893613], [1.943537514733802, 48.831926089228816], [1.8775357849413559, 48.81532337552301], [1.8158352700699214, 48.802662371849536], [1.7645793224017485, 48.810463686279576], [1.7030300359022215, 48.82662740630846], [1.6686619019959739, 48.829319654250604], [1.6021344463889766, 48.79602555328117], [1.5135715190299066, 48.76839076858962], [1.3704314171005363, 48.731106368847485]], [[1.703836824856348, 48.989295021419494], [1.809133387838305, 48.96340497197892], [1.8404153320794885, 48.93882932493657], [1.8568974216555532, 48.90932809474093], [1.8718488171877579, 48.89302020567544], [1.8755955719389825, 48.860056612665424], [1.943537514733802, 48.831926089228816], [1.960091444651348, 48.830838967119995], [1.992798523459497, 48.82366793006802], [2.0407045118857456, 48.807273444277804], [2.072712440765476, 48.79877460471833], [2.1349078603373464, 48.79526039893613], [2.17158260741522, 48.800665521455045], [2.189425762809199, 48.8051904761828], [2.215079572125279, 48.82121360785643], [2.2299563222165655, 48.818872981385084], [2.2428787225795106, 48.81436409632574], [2.274243860950152, 48.814225639142954], [2.2919742374890983, 48.81828945559893], [2.316388731382968, 48.83841119933774]], [[2.316388731382968, 48.83841119933774], [2.2919742374890983, 48.81828945559893], [2.274243860950152, 48.814225639142954], [2.2428787225795106, 48.81436409632574], [2.2299563222165655, 48.818872981385084], [2.215079572125279, 48.82121360785643], [2.189425762809199, 48.8051904761828], [2.17158260741522, 48.800665521455045], [2.1349078603373464, 48.79526039893613], [2.072712440765476, 48.79877460471833], [2.0407045118857456, 48.807273444277804], [1.992798523459497, 48.82366793006802], [1.960091444651348, 48.830838967119995], [1.943537514733802, 48.831926089228816], [1.8755955719389825, 48.860056612665424], [1.8718488171877579, 48.89302020567544], [1.8568974216555532, 48.90932809474093], [1.8404153320794885, 48.93882932493657], [1.809133387838305, 48.96340497197892]], [[1.832207614506548, 48.6438460126836], [1.8566531860615936, 48.69336112490438], [1.8896613918946876, 48.721693353095276], [1.9214184023981655, 48.74374799338111], [1.943057018064192, 48.7551716132828], [2.0065902166898377, 48.7747853970692], [2.044615988930814, 48.78748491597792], [2.072712440765476, 48.79877460471833], [2.1349078603373464, 48.79526039893613], [2.17158260741522, 48.800665521455045], [2.189425762809199, 48.8051904761828], [2.215079572125279, 48.82121360785643], [2.2299563222165655, 48.818872981385084], [2.2428787225795106, 48.81436409632574], [2.274243860950152, 48.814225639142954], [2.2919742374890983, 48.81828945559893], [2.316388731382968, 48.83841119933774]], [[2.316388731382968, 48.83841119933774], [2.2919742374890983, 48.81828945559893], [2.274243860950152, 48.814225639142954], [2.2428787225795106, 48.81436409632574], [2.2299563222165655, 48.818872981385084], [2.215079572125279, 48.82121360785643], [2.189425762809199, 48.8051904761828], [2.17158260741522, 48.800665521455045], [2.1349078603373464, 48.79526039893613], [2.072712440765476, 48.79877460471833], [2.0407045118857456, 48.807273444277804], [1.992798523459497, 48.82366793006802], [1.960091444651348, 48.830838967119995], [1.943537514733802, 48.831926089228816]], [[1.3704314171005363, 48.731106368847485], [1.5135715190299066, 48.76839076858962], [1.6021344463889766, 48.79602555328117], [1.6686619019959739, 48.829319654250604], [1.7030300359022215, 48.82662740630846], [1.7645793224017485, 48.810463686279576], [1.8158352700699214, 48.802662371849536], [1.8775357849413559, 48.81532337552301], [1.943537514733802, 48.831926089228816], [2.1349078603373464, 48.79526039893613], [2.316388731382968, 48.83841119933774]], [[1.809133387838305, 48.96340497197892], [1.8404153320794885, 48.93882932493657], [1.8568974216555532, 48.90932809474093], [1.8718488171877579, 48.89302020567544], [1.8755955719389825, 48.860056612665424], [1.943537514733802, 48.831926089228816], [1.960091444651348, 48.830838967119995], [1.992798523459497, 48.82366793006802], [2.0407045118857456, 48.807273444277804], [2.072712440765476, 48.79877460471833], [2.1349078603373464, 48.79526039893613], [2.17158260741522, 48.800665521455045], [2.189425762809199, 48.8051904761828], [2.215079572125279, 48.82121360785643], [2.2299563222165655, 48.818872981385084], [2.2428787225795106, 48.81436409632574], [2.274243860950152, 48.814225639142954], [2.2919742374890983, 48.81828945559893], [2.316388731382968, 48.83841119933774]], [[2.316388731382968, 48.83841119933774], [2.2919742374890983, 48.81828945559893], [2.274243860950152, 48.814225639142954], [2.2428787225795106, 48.81436409632574], [2.2299563222165655, 48.818872981385084], [2.215079572125279, 48.82121360785643], [2.189425762809199, 48.8051904761828], [2.17158260741522, 48.800665521455045], [2.1349078603373464, 48.79526039893613], [2.072712440765476, 48.79877460471833], [2.0407045118857456, 48.807273444277804], [1.992798523459497, 48.82366793006802], [1.960091444651348, 48.830838967119995], [1.943537514733802, 48.831926089228816], [1.8755955719389825, 48.860056612665424], [1.8718488171877579, 48.89302020567544], [1.8568974216555532, 48.90932809474093], [1.8404153320794885, 48.93882932493657], [1.809133387838305, 48.96340497197892], [1.703836824856348, 48.989295021419494]], [[1.943537514733802, 48.831926089228816], [1.960091444651348, 48.830838967119995], [1.992798523459497, 48.82366793006802], [2.0407045118857456, 48.807273444277804], [2.072712440765476, 48.79877460471833], [2.1349078603373464, 48.79526039893613], [2.17158260741522, 48.800665521455045], [2.189425762809199, 48.8051904761828], [2.215079572125279, 48.82121360785643], [2.2299563222165655, 48.818872981385084], [2.2428787225795106, 48.81436409632574], [2.274243860950152, 48.814225639142954], [2.2919742374890983, 48.81828945559893], [2.316388731382968, 48.83841119933774]], [[2.316388731382968, 48.83841119933774], [2.17158260741522, 48.800665521455045], [2.1349078603373464, 48.79526039893613], [2.072712440765476, 48.79877460471833], [2.044615988930814, 48.78748491597792], [2.0065902166898377, 48.7747853970692], [1.943057018064192, 48.7551716132828], [1.9214184023981655, 48.74374799338111], [1.8896613918946876, 48.721693353095276], [1.8566531860615936, 48.69336112490438], [1.832207614506548, 48.6438460126836]], [[1.832207614506548, 48.6438460126836], [2.044615988930814, 48.78748491597792], [2.1349078603373464, 48.79526039893613], [2.316388731382968, 48.83841119933774]], [[2.044615988930814, 48.78748491597792], [2.1349078603373464, 48.79526039893613], [2.316388731382968, 48.83841119933774]], [[1.943537514733802, 48.831926089228816], [2.1349078603373464, 48.79526039893613], [2.316388731382968, 48.83841119933774]], [[2.316388731382968, 48.83841119933774], [2.1349078603373464, 48.79526039893613], [1.943537514733802, 48.831926089228816]], [[2.316388731382968, 48.83841119933774], [2.1349078603373464, 48.79526039893613], [1.943537514733802, 48.831926089228816], [1.8158352700699214, 48.802662371849536], [1.6021344463889766, 48.79602555328117], [1.3704314171005363, 48.731106368847485]], [[2.316388731382968, 48.83841119933774], [2.1349078603373464, 48.79526039893613], [2.044615988930814, 48.78748491597792]], [[2.316388731382968, 48.83841119933774], [2.1349078603373464, 48.79526039893613], [2.044615988930814, 48.78748491597792], [1.832207614506548, 48.6438460126836]], [[1.3704314171005363, 48.731106368847485], [1.6021344463889766, 48.79602555328117], [1.8158352700699214, 48.802662371849536], [1.943537514733802, 48.831926089228816], [2.1349078603373464, 48.79526039893613], [2.316388731382968, 48.83841119933774]], [[1.832207614506548, 48.6438460126836], [1.8566531860615936, 48.69336112490438], [1.8896613918946876, 48.721693353095276], [1.9214184023981655, 48.74374799338111], [1.943057018064192, 48.7551716132828], [2.0065902166898377, 48.7747853970692], [2.044615988930814, 48.78748491597792], [2.072712440765476, 48.79877460471833], [2.1349078603373464, 48.79526039893613], [2.17158260741522, 48.800665521455045], [2.316388731382968, 48.83841119933774]], [[2.316388731382968, 48.83841119933774], [2.2919742374890983, 48.81828945559893], [2.274243860950152, 48.814225639142954], [2.2428787225795106, 48.81436409632574], [2.2299563222165655, 48.818872981385084], [2.215079572125279, 48.82121360785643], [2.189425762809199, 48.8051904761828], [2.17158260741522, 48.800665521455045], [2.1349078603373464, 48.79526039893613]], [[1.832207614506548, 48.6438460126836], [1.8566531860615936, 48.69336112490438], [1.8896613918946876, 48.721693353095276], [1.9214184023981655, 48.74374799338111], [1.943057018064192, 48.7551716132828], [2.1349078603373464, 48.79526039893613], [2.17158260741522, 48.800665521455045], [2.189425762809199, 48.8051904761828], [2.215079572125279, 48.82121360785643], [2.2299563222165655, 48.818872981385084], [2.2428787225795106, 48.81436409632574], [2.274243860950152, 48.814225639142954], [2.2919742374890983, 48.81828945559893], [2.316388731382968, 48.83841119933774]], [[1.832207614506548, 48.6438460126836], [1.8566531860615936, 48.69336112490438], [1.8896613918946876, 48.721693353095276], [1.9214184023981655, 48.74374799338111], [1.943057018064192, 48.7551716132828], [2.0065902166898377, 48.7747853970692], [2.044615988930814, 48.78748491597792], [2.072712440765476, 48.79877460471833], [2.1349078603373464, 48.79526039893613], [2.17158260741522, 48.800665521455045], [2.274243860950152, 48.814225639142954], [2.316388731382968, 48.83841119933774]], [[2.316388731382968, 48.83841119933774], [2.274243860950152, 48.814225639142954], [2.17158260741522, 48.800665521455045], [2.1349078603373464, 48.79526039893613], [2.072712440765476, 48.79877460471833], [2.044615988930814, 48.78748491597792], [2.0065902166898377, 48.7747853970692], [1.943057018064192, 48.7551716132828], [1.9214184023981655, 48.74374799338111], [1.8896613918946876, 48.721693353095276], [1.8566531860615936, 48.69336112490438], [1.832207614506548, 48.6438460126836]], [[2.316388731382968, 48.83841119933774], [2.1349078603373464, 48.79526039893613]], [[2.316388731382968, 48.83841119933774], [2.2919742374890983, 48.81828945559893], [2.274243860950152, 48.814225639142954], [2.2428787225795106, 48.81436409632574], [2.2299563222165655, 48.818872981385084], [2.215079572125279, 48.82121360785643], [2.189425762809199, 48.8051904761828], [2.17158260741522, 48.800665521455045], [2.1349078603373464, 48.79526039893613], [2.0407045118857456, 48.807273444277804], [1.992798523459497, 48.82366793006802], [1.960091444651348, 48.830838967119995], [1.943537514733802, 48.831926089228816]]], "type": "MultiLineString"}, "properties": {"route_id": "IDFM:C01736", "route_short_name": "N", "route_long_name": "N", "route_type": "Rail", "route_color": "00B297", "route_url": null, "id_ilico": "C01736", "operatorname": "SNCF", "networkname": "Transilien", "url": "https://www.transilien.com/fr/page-lignes/ligne-n", "long_name_first": "N", "geo_point_2d": {"lon": 2.01201184176297, "lat": 48.80117361815084}}}]}