{"type": "FeatureCollection", "features": [{"type": "Feature", "geometry": {"coordinates": [[[2.356693437528564, 48.88230685842714], [2.362459916604931, 48.918076675621], [2.3861140570949475, 48.92429743203911], [2.425825637815098, 48.930744340383264], [2.454883180745302, 48.932732553959134], [2.4753884360764298, 48.93230698220945], [2.495597257086315, 48.932150935734064], [2.5247262164471342, 48.94700236504643], [2.512783848981341, 48.96256540760733], [2.5145512908225953, 48.97356812654279], [2.5614121946317394, 49.00979397116337], [2.5709800477570233, 49.0041455478504]], [[2.6422341369736606, 48.9757479508066], [2.603220561532749, 48.95316214687084], [2.5663968806983126, 48.944091645418105], [2.5352889927291447, 48.93640164880271], [2.495597257086315, 48.932150935734064], [2.4753884360764298, 48.93230698220945], [2.454883180745302, 48.932732553959134], [2.425825637815098, 48.930744340383264], [2.3861140570949475, 48.92429743203911], [2.362459916604931, 48.918076675621], [2.356693437528564, 48.88230685842714], [2.34697651043533, 48.86174503191322], [2.344959780029387, 48.853023793740164], [2.3398088878203698, 48.84543177842458], [2.3371383995944486, 48.840064350218256], [2.333220634641387, 48.83318643678081], [2.3388576809777035, 48.82150600684166], [2.312278311834309, 48.78026436884244], [2.3042107053612133, 48.76171816323692], [2.300890371505836, 48.754632057173126], [2.2587677282577334, 48.72551907437078], [2.24558429554376, 48.71686524330362], [2.237329249708309, 48.7081489333421], [2.212717641845953, 48.705912413627026], [2.1929739951487424, 48.705497380193584], [2.1808087044597166, 48.6975077019159], [2.1643461393269345, 48.69621022314541], [2.1516106103390045, 48.695299548452454], [2.13649439862523, 48.698175579920274], [2.097722386795541, 48.70131367727702], [2.071385742904064, 48.702732696472715]], [[2.356693437528564, 48.88230685842714], [2.362459916604931, 48.918076675621], [2.3861140570949475, 48.92429743203911], [2.425825637815098, 48.930744340383264], [2.454883180745302, 48.932732553959134], [2.4753884360764298, 48.93230698220945], [2.495597257086315, 48.932150935734064], [2.5352889927291447, 48.93640164880271], [2.5663968806983126, 48.944091645418105], [2.603220561532749, 48.95316214687084], [2.6422341369736606, 48.9757479508066]], [[2.281364769669608, 48.78023982792202], [2.2929083820455323, 48.78756698215643], [2.2979282159439305, 48.781307920937515], [2.312278311834309, 48.78026436884244], [2.3220087047421583, 48.79333690627149], [2.328093276131277, 48.79869767228883], [2.3343440158701894, 48.808360137202826], [2.340926830790754, 48.815228092611335], [2.3388576809777035, 48.82150600684166], [2.333220634641387, 48.83318643678081], [2.3371383995944486, 48.840064350218256], [2.3398088878203698, 48.84543177842458], [2.344959780029387, 48.853023793740164], [2.34697651043533, 48.86174503191322], [2.356693437528564, 48.88230685842714], [2.362459916604931, 48.918076675621], [2.3861140570949475, 48.92429743203911], [2.425825637815098, 48.930744340383264], [2.454883180745302, 48.932732553959134], [2.4753884360764298, 48.93230698220945], [2.495597257086315, 48.932150935734064], [2.5352889927291447, 48.93640164880271], [2.5663968806983126, 48.944091645418105], [2.603220561532749, 48.95316214687084], [2.6422341369736606, 48.9757479508066]], [[2.6422341369736606, 48.9757479508066], [2.603220561532749, 48.95316214687084], [2.5663968806983126, 48.944091645418105], [2.5352889927291447, 48.93640164880271], [2.495597257086315, 48.932150935734064], [2.4753884360764298, 48.93230698220945], [2.454883180745302, 48.932732553959134], [2.425825637815098, 48.930744340383264], [2.3861140570949475, 48.92429743203911], [2.362459916604931, 48.918076675621], [2.356693437528564, 48.88230685842714], [2.34697651043533, 48.86174503191322], [2.344959780029387, 48.853023793740164], [2.3398088878203698, 48.84543177842458], [2.3371383995944486, 48.840064350218256], [2.333220634641387, 48.83318643678081], [2.3388576809777035, 48.82150600684166], [2.340926830790754, 48.815228092611335], [2.3343440158701894, 48.808360137202826], [2.328093276131277, 48.79869767228883], [2.3220087047421583, 48.79333690627149], [2.312278311834309, 48.78026436884244], [2.2979282159439305, 48.781307920937515], [2.2929083820455323, 48.78756698215643], [2.281364769669608, 48.78023982792202]], [[2.6422341369736606, 48.9757479508066], [2.603220561532749, 48.95316214687084], [2.5663968806983126, 48.944091645418105], [2.5352889927291447, 48.93640164880271], [2.495597257086315, 48.932150935734064], [2.4753884360764298, 48.93230698220945], [2.454883180745302, 48.932732553959134], [2.425825637815098, 48.930744340383264], [2.3861140570949475, 48.92429743203911], [2.362459916604931, 48.918076675621], [2.356693437528564, 48.88230685842714], [2.34697651043533, 48.86174503191322], [2.344959780029387, 48.853023793740164], [2.3398088878203698, 48.84543177842458], [2.3371383995944486, 48.840064350218256], [2.333220634641387, 48.83318643678081], [2.3388576809777035, 48.82150600684166], [2.340926830790754, 48.815228092611335], [2.3343440158701894, 48.808360137202826], [2.328093276131277, 48.79869767228883], [2.3220087047421583, 48.79333690627149], [2.312278311834309, 48.78026436884244], [2.309934691589042, 48.769718949712896], [2.3042107053612133, 48.76171816323692], [2.300890371505836, 48.754632057173126], [2.2959559818374013, 48.74304953436299], [2.288108127151424, 48.73984612871272], [2.273978779055319, 48.7349579552114], [2.2587677282577334, 48.72551907437078]], [[2.356693437528564, 48.88230685842714], [2.34697651043533, 48.86174503191322], [2.344959780029387, 48.853023793740164], [2.3398088878203698, 48.84543177842458], [2.3371383995944486, 48.840064350218256], [2.333220634641387, 48.83318643678081], [2.3388576809777035, 48.82150600684166], [2.340926830790754, 48.815228092611335], [2.3343440158701894, 48.808360137202826], [2.328093276131277, 48.79869767228883], [2.3220087047421583, 48.79333690627149], [2.312278311834309, 48.78026436884244], [2.309934691589042, 48.769718949712896], [2.3042107053612133, 48.76171816323692], [2.300890371505836, 48.754632057173126], [2.2959559818374013, 48.74304953436299], [2.288108127151424, 48.73984612871272], [2.273978779055319, 48.7349579552114], [2.2587677282577334, 48.72551907437078]], [[2.356693437528564, 48.88230685842714], [2.34697651043533, 48.86174503191322], [2.344959780029387, 48.853023793740164], [2.3398088878203698, 48.84543177842458], [2.3371383995944486, 48.840064350218256], [2.333220634641387, 48.83318643678081], [2.3388576809777035, 48.82150600684166], [2.312278311834309, 48.78026436884244], [2.3042107053612133, 48.76171816323692], [2.300890371505836, 48.754632057173126], [2.2587677282577334, 48.72551907437078], [2.24558429554376, 48.71686524330362], [2.237329249708309, 48.7081489333421], [2.212717641845953, 48.705912413627026], [2.1929739951487424, 48.705497380193584], [2.1808087044597166, 48.6975077019159], [2.1643461393269345, 48.69621022314541], [2.1516106103390045, 48.695299548452454], [2.13649439862523, 48.698175579920274], [2.097722386795541, 48.70131367727702], [2.071385742904064, 48.702732696472715]], [[2.356693437528564, 48.88230685842714], [2.34697651043533, 48.86174503191322], [2.344959780029387, 48.853023793740164], [2.3398088878203698, 48.84543177842458], [2.3371383995944486, 48.840064350218256], [2.333220634641387, 48.83318643678081], [2.3388576809777035, 48.82150600684166], [2.312278311834309, 48.78026436884244], [2.309934691589042, 48.769718949712896], [2.3042107053612133, 48.76171816323692], [2.300890371505836, 48.754632057173126], [2.2959559818374013, 48.74304953436299], [2.288108127151424, 48.73984612871272], [2.273978779055319, 48.7349579552114], [2.2587677282577334, 48.72551907437078]], [[2.5709800477570233, 49.0041455478504], [2.5614121946317394, 49.00979397116337], [2.5145512908225953, 48.97356812654279], [2.512783848981341, 48.96256540760733], [2.5247262164471342, 48.94700236504643], [2.495597257086315, 48.932150935734064], [2.4753884360764298, 48.93230698220945], [2.454883180745302, 48.932732553959134], [2.425825637815098, 48.930744340383264], [2.3861140570949475, 48.92429743203911], [2.362459916604931, 48.918076675621], [2.356693437528564, 48.88230685842714], [2.34697651043533, 48.86174503191322], [2.344959780029387, 48.853023793740164], [2.3398088878203698, 48.84543177842458], [2.3371383995944486, 48.840064350218256], [2.333220634641387, 48.83318643678081], [2.3388576809777035, 48.82150600684166], [2.340926830790754, 48.815228092611335], [2.3343440158701894, 48.808360137202826], [2.328093276131277, 48.79869767228883], [2.3220087047421583, 48.79333690627149], [2.312278311834309, 48.78026436884244], [2.309934691589042, 48.769718949712896], [2.3042107053612133, 48.76171816323692], [2.300890371505836, 48.754632057173126], [2.2959559818374013, 48.74304953436299], [2.288108127151424, 48.73984612871272], [2.273978779055319, 48.7349579552114], [2.2587677282577334, 48.72551907437078]], [[2.356693437528564, 48.88230685842714], [2.34697651043533, 48.86174503191322], [2.344959780029387, 48.853023793740164], [2.3398088878203698, 48.84543177842458], [2.3371383995944486, 48.840064350218256], [2.333220634641387, 48.83318643678081], [2.3388576809777035, 48.82150600684166], [2.340926830790754, 48.815228092611335], [2.3343440158701894, 48.808360137202826], [2.328093276131277, 48.79869767228883], [2.3220087047421583, 48.79333690627149], [2.312278311834309, 48.78026436884244], [2.2979282159439305, 48.781307920937515], [2.2929083820455323, 48.78756698215643], [2.281364769669608, 48.78023982792202]], [[2.5709800477570233, 49.0041455478504], [2.5614121946317394, 49.00979397116337], [2.5145512908225953, 48.97356812654279], [2.512783848981341, 48.96256540760733], [2.5247262164471342, 48.94700236504643], [2.495597257086315, 48.932150935734064], [2.4753884360764298, 48.93230698220945], [2.454883180745302, 48.932732553959134], [2.425825637815098, 48.930744340383264], [2.3861140570949475, 48.92429743203911], [2.362459916604931, 48.918076675621], [2.356693437528564, 48.88230685842714], [2.34697651043533, 48.86174503191322], [2.344959780029387, 48.853023793740164], [2.3398088878203698, 48.84543177842458], [2.3371383995944486, 48.840064350218256], [2.333220634641387, 48.83318643678081], [2.3388576809777035, 48.82150600684166], [2.340926830790754, 48.815228092611335], [2.3343440158701894, 48.808360137202826], [2.328093276131277, 48.79869767228883], [2.3220087047421583, 48.79333690627149], [2.312278311834309, 48.78026436884244], [2.2979282159439305, 48.781307920937515], [2.2929083820455323, 48.78756698215643], [2.281364769669608, 48.78023982792202]], [[2.2587677282577334, 48.72551907437078], [2.273978779055319, 48.7349579552114], [2.288108127151424, 48.73984612871272], [2.2959559818374013, 48.74304953436299], [2.300890371505836, 48.754632057173126], [2.3042107053612133, 48.76171816323692], [2.309934691589042, 48.769718949712896], [2.312278311834309, 48.78026436884244], [2.3220087047421583, 48.79333690627149], [2.328093276131277, 48.79869767228883], [2.3343440158701894, 48.808360137202826], [2.340926830790754, 48.815228092611335], [2.3388576809777035, 48.82150600684166], [2.333220634641387, 48.83318643678081], [2.3371383995944486, 48.840064350218256], [2.3398088878203698, 48.84543177842458], [2.344959780029387, 48.853023793740164], [2.34697651043533, 48.86174503191322], [2.356693437528564, 48.88230685842714], [2.362459916604931, 48.918076675621], [2.3861140570949475, 48.92429743203911], [2.425825637815098, 48.930744340383264], [2.454883180745302, 48.932732553959134], [2.4753884360764298, 48.93230698220945], [2.495597257086315, 48.932150935734064], [2.5247262164471342, 48.94700236504643], [2.512783848981341, 48.96256540760733], [2.5145512908225953, 48.97356812654279], [2.5614121946317394, 49.00979397116337], [2.5709800477570233, 49.0041455478504]], [[2.281364769669608, 48.78023982792202], [2.2929083820455323, 48.78756698215643], [2.2979282159439305, 48.781307920937515], [2.312278311834309, 48.78026436884244], [2.3220087047421583, 48.79333690627149], [2.328093276131277, 48.79869767228883], [2.3343440158701894, 48.808360137202826], [2.340926830790754, 48.815228092611335], [2.3388576809777035, 48.82150600684166], [2.333220634641387, 48.83318643678081], [2.3371383995944486, 48.840064350218256], [2.3398088878203698, 48.84543177842458], [2.344959780029387, 48.853023793740164], [2.34697651043533, 48.86174503191322], [2.356693437528564, 48.88230685842714]], [[2.071385742904064, 48.702732696472715], [2.097722386795541, 48.70131367727702], [2.13649439862523, 48.698175579920274], [2.1516106103390045, 48.695299548452454], [2.1643461393269345, 48.69621022314541], [2.1808087044597166, 48.6975077019159], [2.1929739951487424, 48.705497380193584], [2.212717641845953, 48.705912413627026], [2.237329249708309, 48.7081489333421], [2.24558429554376, 48.71686524330362], [2.2587677282577334, 48.72551907437078], [2.300890371505836, 48.754632057173126], [2.3042107053612133, 48.76171816323692], [2.312278311834309, 48.78026436884244], [2.3388576809777035, 48.82150600684166], [2.333220634641387, 48.83318643678081], [2.3371383995944486, 48.840064350218256], [2.3398088878203698, 48.84543177842458], [2.344959780029387, 48.853023793740164], [2.34697651043533, 48.86174503191322], [2.356693437528564, 48.88230685842714], [2.362459916604931, 48.918076675621], [2.3861140570949475, 48.92429743203911], [2.425825637815098, 48.930744340383264], [2.454883180745302, 48.932732553959134], [2.4753884360764298, 48.93230698220945], [2.495597257086315, 48.932150935734064], [2.5352889927291447, 48.93640164880271], [2.5663968806983126, 48.944091645418105], [2.603220561532749, 48.95316214687084], [2.6422341369736606, 48.9757479508066]], [[2.2587677282577334, 48.72551907437078], [2.273978779055319, 48.7349579552114], [2.288108127151424, 48.73984612871272], [2.2959559818374013, 48.74304953436299], [2.300890371505836, 48.754632057173126], [2.3042107053612133, 48.76171816323692], [2.309934691589042, 48.769718949712896], [2.312278311834309, 48.78026436884244], [2.3220087047421583, 48.79333690627149], [2.328093276131277, 48.79869767228883], [2.3343440158701894, 48.808360137202826], [2.340926830790754, 48.815228092611335], [2.3388576809777035, 48.82150600684166], [2.333220634641387, 48.83318643678081], [2.3371383995944486, 48.840064350218256], [2.3398088878203698, 48.84543177842458], [2.344959780029387, 48.853023793740164], [2.34697651043533, 48.86174503191322], [2.356693437528564, 48.88230685842714], [2.362459916604931, 48.918076675621], [2.3861140570949475, 48.92429743203911], [2.425825637815098, 48.930744340383264], [2.454883180745302, 48.932732553959134], [2.4753884360764298, 48.93230698220945], [2.495597257086315, 48.932150935734064], [2.5352889927291447, 48.93640164880271], [2.5663968806983126, 48.944091645418105], [2.603220561532749, 48.95316214687084], [2.6422341369736606, 48.9757479508066]], [[2.281364769669608, 48.78023982792202], [2.2929083820455323, 48.78756698215643], [2.2979282159439305, 48.781307920937515], [2.312278311834309, 48.78026436884244], [2.3220087047421583, 48.79333690627149], [2.328093276131277, 48.79869767228883], [2.3343440158701894, 48.808360137202826], [2.340926830790754, 48.815228092611335], [2.3388576809777035, 48.82150600684166], [2.333220634641387, 48.83318643678081], [2.3371383995944486, 48.840064350218256], [2.3398088878203698, 48.84543177842458], [2.344959780029387, 48.853023793740164], [2.34697651043533, 48.86174503191322], [2.356693437528564, 48.88230685842714], [2.362459916604931, 48.918076675621], [2.3861140570949475, 48.92429743203911], [2.425825637815098, 48.930744340383264], [2.454883180745302, 48.932732553959134], [2.4753884360764298, 48.93230698220945], [2.495597257086315, 48.932150935734064], [2.5247262164471342, 48.94700236504643], [2.512783848981341, 48.96256540760733], [2.5145512908225953, 48.97356812654279], [2.5614121946317394, 49.00979397116337], [2.5709800477570233, 49.0041455478504]], [[2.6422341369736606, 48.9757479508066], [2.603220561532749, 48.95316214687084], [2.5663968806983126, 48.944091645418105], [2.5352889927291447, 48.93640164880271], [2.495597257086315, 48.932150935734064], [2.4753884360764298, 48.93230698220945], [2.454883180745302, 48.932732553959134], [2.425825637815098, 48.930744340383264], [2.3861140570949475, 48.92429743203911], [2.362459916604931, 48.918076675621], [2.356693437528564, 48.88230685842714]], [[2.6422341369736606, 48.9757479508066], [2.603220561532749, 48.95316214687084], [2.5663968806983126, 48.944091645418105], [2.5352889927291447, 48.93640164880271], [2.495597257086315, 48.932150935734064], [2.4753884360764298, 48.93230698220945], [2.454883180745302, 48.932732553959134], [2.425825637815098, 48.930744340383264], [2.3861140570949475, 48.92429743203911], [2.362459916604931, 48.918076675621], [2.356693437528564, 48.88230685842714], [2.34697651043533, 48.86174503191322], [2.344959780029387, 48.853023793740164], [2.3398088878203698, 48.84543177842458], [2.3371383995944486, 48.840064350218256], [2.333220634641387, 48.83318643678081], [2.3388576809777035, 48.82150600684166], [2.340926830790754, 48.815228092611335], [2.3343440158701894, 48.808360137202826], [2.328093276131277, 48.79869767228883], [2.3220087047421583, 48.79333690627149], [2.312278311834309, 48.78026436884244], [2.3042107053612133, 48.76171816323692], [2.300890371505836, 48.754632057173126], [2.2587677282577334, 48.72551907437078], [2.24558429554376, 48.71686524330362], [2.1929739951487424, 48.705497380193584], [2.1808087044597166, 48.6975077019159], [2.1643461393269345, 48.69621022314541], [2.1516106103390045, 48.695299548452454], [2.13649439862523, 48.698175579920274], [2.097722386795541, 48.70131367727702], [2.071385742904064, 48.702732696472715]], [[2.6422341369736606, 48.9757479508066], [2.603220561532749, 48.95316214687084], [2.5663968806983126, 48.944091645418105], [2.5352889927291447, 48.93640164880271], [2.495597257086315, 48.932150935734064], [2.4753884360764298, 48.93230698220945], [2.454883180745302, 48.932732553959134], [2.425825637815098, 48.930744340383264], [2.3861140570949475, 48.92429743203911], [2.362459916604931, 48.918076675621], [2.356693437528564, 48.88230685842714], [2.34697651043533, 48.86174503191322], [2.344959780029387, 48.853023793740164], [2.3398088878203698, 48.84543177842458], [2.3371383995944486, 48.840064350218256], [2.333220634641387, 48.83318643678081], [2.3388576809777035, 48.82150600684166], [2.340926830790754, 48.815228092611335], [2.3343440158701894, 48.808360137202826], [2.328093276131277, 48.79869767228883], [2.3220087047421583, 48.79333690627149], [2.312278311834309, 48.78026436884244], [2.3042107053612133, 48.76171816323692], [2.300890371505836, 48.754632057173126], [2.2587677282577334, 48.72551907437078], [2.24558429554376, 48.71686524330362], [2.237329249708309, 48.7081489333421], [2.212717641845953, 48.705912413627026], [2.1929739951487424, 48.705497380193584], [2.1808087044597166, 48.6975077019159], [2.1643461393269345, 48.69621022314541], [2.1516106103390045, 48.695299548452454], [2.13649439862523, 48.698175579920274], [2.097722386795541, 48.70131367727702], [2.071385742904064, 48.702732696472715]], [[2.6422341369736606, 48.9757479508066], [2.603220561532749, 48.95316214687084], [2.5663968806983126, 48.944091645418105], [2.5352889927291447, 48.93640164880271], [2.495597257086315, 48.932150935734064], [2.4753884360764298, 48.93230698220945], [2.454883180745302, 48.932732553959134], [2.425825637815098, 48.930744340383264], [2.3861140570949475, 48.92429743203911], [2.362459916604931, 48.918076675621], [2.356693437528564, 48.88230685842714], [2.34697651043533, 48.86174503191322], [2.344959780029387, 48.853023793740164], [2.3398088878203698, 48.84543177842458], [2.3371383995944486, 48.840064350218256], [2.333220634641387, 48.83318643678081], [2.3388576809777035, 48.82150600684166], [2.340926830790754, 48.815228092611335], [2.3343440158701894, 48.808360137202826], [2.328093276131277, 48.79869767228883], [2.3220087047421583, 48.79333690627149], [2.312278311834309, 48.78026436884244], [2.3042107053612133, 48.76171816323692], [2.300890371505836, 48.754632057173126], [2.2587677282577334, 48.72551907437078], [2.1929739951487424, 48.705497380193584], [2.1808087044597166, 48.6975077019159], [2.1643461393269345, 48.69621022314541], [2.1516106103390045, 48.695299548452454], [2.13649439862523, 48.698175579920274], [2.097722386795541, 48.70131367727702], [2.071385742904064, 48.702732696472715]], [[2.6422341369736606, 48.9757479508066], [2.603220561532749, 48.95316214687084], [2.5663968806983126, 48.944091645418105], [2.5352889927291447, 48.93640164880271], [2.495597257086315, 48.932150935734064], [2.4753884360764298, 48.93230698220945], [2.454883180745302, 48.932732553959134], [2.425825637815098, 48.930744340383264], [2.3861140570949475, 48.92429743203911], [2.362459916604931, 48.918076675621], [2.356693437528564, 48.88230685842714], [2.34697651043533, 48.86174503191322], [2.344959780029387, 48.853023793740164], [2.3398088878203698, 48.84543177842458], [2.3371383995944486, 48.840064350218256], [2.333220634641387, 48.83318643678081], [2.3388576809777035, 48.82150600684166], [2.340926830790754, 48.815228092611335], [2.3343440158701894, 48.808360137202826], [2.328093276131277, 48.79869767228883], [2.3220087047421583, 48.79333690627149], [2.312278311834309, 48.78026436884244], [2.309934691589042, 48.769718949712896], [2.3042107053612133, 48.76171816323692], [2.300890371505836, 48.754632057173126], [2.288108127151424, 48.73984612871272], [2.273978779055319, 48.7349579552114], [2.2587677282577334, 48.72551907437078]], [[2.362459916604931, 48.918076675621], [2.356693437528564, 48.88230685842714], [2.34697651043533, 48.86174503191322], [2.344959780029387, 48.853023793740164], [2.3398088878203698, 48.84543177842458], [2.3371383995944486, 48.840064350218256], [2.333220634641387, 48.83318643678081], [2.3388576809777035, 48.82150600684166], [2.340926830790754, 48.815228092611335], [2.3343440158701894, 48.808360137202826], [2.328093276131277, 48.79869767228883], [2.3220087047421583, 48.79333690627149], [2.312278311834309, 48.78026436884244], [2.309934691589042, 48.769718949712896], [2.3042107053612133, 48.76171816323692], [2.300890371505836, 48.754632057173126], [2.288108127151424, 48.73984612871272], [2.273978779055319, 48.7349579552114], [2.2587677282577334, 48.72551907437078]], [[2.356693437528564, 48.88230685842714], [2.34697651043533, 48.86174503191322], [2.344959780029387, 48.853023793740164], [2.3398088878203698, 48.84543177842458], [2.3371383995944486, 48.840064350218256], [2.333220634641387, 48.83318643678081], [2.3388576809777035, 48.82150600684166], [2.312278311834309, 48.78026436884244], [2.309934691589042, 48.769718949712896], [2.3042107053612133, 48.76171816323692], [2.300890371505836, 48.754632057173126], [2.2959559818374013, 48.74304953436299], [2.288108127151424, 48.73984612871272], [2.273978779055319, 48.7349579552114], [2.2587677282577334, 48.72551907437078], [2.24558429554376, 48.71686524330362], [2.237329249708309, 48.7081489333421], [2.212717641845953, 48.705912413627026], [2.1929739951487424, 48.705497380193584], [2.1808087044597166, 48.6975077019159], [2.1643461393269345, 48.69621022314541], [2.1516106103390045, 48.695299548452454], [2.13649439862523, 48.698175579920274], [2.097722386795541, 48.70131367727702], [2.071385742904064, 48.702732696472715]], [[2.5709800477570233, 49.0041455478504], [2.5614121946317394, 49.00979397116337], [2.5145512908225953, 48.97356812654279], [2.512783848981341, 48.96256540760733], [2.5247262164471342, 48.94700236504643], [2.495597257086315, 48.932150935734064], [2.4753884360764298, 48.93230698220945], [2.454883180745302, 48.932732553959134], [2.425825637815098, 48.930744340383264], [2.3861140570949475, 48.92429743203911], [2.362459916604931, 48.918076675621], [2.356693437528564, 48.88230685842714], [2.34697651043533, 48.86174503191322], [2.344959780029387, 48.853023793740164], [2.3398088878203698, 48.84543177842458], [2.3371383995944486, 48.840064350218256], [2.333220634641387, 48.83318643678081], [2.3388576809777035, 48.82150600684166], [2.312278311834309, 48.78026436884244], [2.309934691589042, 48.769718949712896], [2.3042107053612133, 48.76171816323692], [2.300890371505836, 48.754632057173126], [2.2959559818374013, 48.74304953436299], [2.288108127151424, 48.73984612871272], [2.273978779055319, 48.7349579552114], [2.2587677282577334, 48.72551907437078], [2.24558429554376, 48.71686524330362], [2.237329249708309, 48.7081489333421], [2.212717641845953, 48.705912413627026], [2.1929739951487424, 48.705497380193584], [2.1808087044597166, 48.6975077019159], [2.1643461393269345, 48.69621022314541], [2.1516106103390045, 48.695299548452454], [2.13649439862523, 48.698175579920274], [2.097722386795541, 48.70131367727702], [2.071385742904064, 48.702732696472715]], [[2.5709800477570233, 49.0041455478504], [2.5614121946317394, 49.00979397116337], [2.5145512908225953, 48.97356812654279], [2.512783848981341, 48.96256540760733], [2.5247262164471342, 48.94700236504643], [2.495597257086315, 48.932150935734064], [2.4753884360764298, 48.93230698220945], [2.454883180745302, 48.932732553959134], [2.425825637815098, 48.930744340383264], [2.3861140570949475, 48.92429743203911], [2.362459916604931, 48.918076675621], [2.356693437528564, 48.88230685842714], [2.34697651043533, 48.86174503191322], [2.344959780029387, 48.853023793740164], [2.3398088878203698, 48.84543177842458], [2.3371383995944486, 48.840064350218256], [2.333220634641387, 48.83318643678081], [2.3388576809777035, 48.82150600684166], [2.312278311834309, 48.78026436884244], [2.3042107053612133, 48.76171816323692], [2.300890371505836, 48.754632057173126], [2.2587677282577334, 48.72551907437078], [2.24558429554376, 48.71686524330362], [2.237329249708309, 48.7081489333421], [2.212717641845953, 48.705912413627026], [2.1929739951487424, 48.705497380193584], [2.1808087044597166, 48.6975077019159], [2.1643461393269345, 48.69621022314541], [2.1516106103390045, 48.695299548452454], [2.13649439862523, 48.698175579920274], [2.097722386795541, 48.70131367727702], [2.071385742904064, 48.702732696472715]], [[2.5709800477570233, 49.0041455478504], [2.5614121946317394, 49.00979397116337], [2.5145512908225953, 48.97356812654279], [2.495597257086315, 48.932150935734064], [2.356693437528564, 48.88230685842714], [2.34697651043533, 48.86174503191322], [2.344959780029387, 48.853023793740164], [2.3398088878203698, 48.84543177842458], [2.3371383995944486, 48.840064350218256], [2.333220634641387, 48.83318643678081], [2.3388576809777035, 48.82150600684166], [2.340926830790754, 48.815228092611335], [2.3343440158701894, 48.808360137202826], [2.328093276131277, 48.79869767228883], [2.3220087047421583, 48.79333690627149], [2.312278311834309, 48.78026436884244], [2.309934691589042, 48.769718949712896], [2.3042107053612133, 48.76171816323692], [2.300890371505836, 48.754632057173126], [2.2959559818374013, 48.74304953436299], [2.288108127151424, 48.73984612871272], [2.273978779055319, 48.7349579552114], [2.2587677282577334, 48.72551907437078]], [[2.5709800477570233, 49.0041455478504], [2.5614121946317394, 49.00979397116337], [2.5145512908225953, 48.97356812654279], [2.512783848981341, 48.96256540760733], [2.5247262164471342, 48.94700236504643], [2.495597257086315, 48.932150935734064], [2.4753884360764298, 48.93230698220945], [2.454883180745302, 48.932732553959134], [2.425825637815098, 48.930744340383264], [2.3861140570949475, 48.92429743203911], [2.362459916604931, 48.918076675621], [2.356693437528564, 48.88230685842714], [2.34697651043533, 48.86174503191322], [2.344959780029387, 48.853023793740164], [2.3398088878203698, 48.84543177842458], [2.3371383995944486, 48.840064350218256], [2.333220634641387, 48.83318643678081], [2.3388576809777035, 48.82150600684166], [2.340926830790754, 48.815228092611335], [2.3343440158701894, 48.808360137202826], [2.328093276131277, 48.79869767228883], [2.3220087047421583, 48.79333690627149], [2.312278311834309, 48.78026436884244], [2.3042107053612133, 48.76171816323692], [2.300890371505836, 48.754632057173126], [2.2959559818374013, 48.74304953436299], [2.288108127151424, 48.73984612871272], [2.2587677282577334, 48.72551907437078], [2.24558429554376, 48.71686524330362], [2.237329249708309, 48.7081489333421], [2.212717641845953, 48.705912413627026], [2.1929739951487424, 48.705497380193584], [2.1808087044597166, 48.6975077019159]], [[2.2587677282577334, 48.72551907437078], [2.273978779055319, 48.7349579552114], [2.288108127151424, 48.73984612871272], [2.2959559818374013, 48.74304953436299], [2.300890371505836, 48.754632057173126], [2.3042107053612133, 48.76171816323692], [2.309934691589042, 48.769718949712896], [2.312278311834309, 48.78026436884244], [2.3220087047421583, 48.79333690627149], [2.328093276131277, 48.79869767228883], [2.3343440158701894, 48.808360137202826], [2.340926830790754, 48.815228092611335], [2.3388576809777035, 48.82150600684166], [2.333220634641387, 48.83318643678081], [2.3371383995944486, 48.840064350218256], [2.3398088878203698, 48.84543177842458], [2.344959780029387, 48.853023793740164], [2.34697651043533, 48.86174503191322], [2.356693437528564, 48.88230685842714], [2.495597257086315, 48.932150935734064], [2.5145512908225953, 48.97356812654279], [2.5614121946317394, 49.00979397116337], [2.5709800477570233, 49.0041455478504]], [[2.5614121946317394, 49.00979397116337], [2.5145512908225953, 48.97356812654279], [2.512783848981341, 48.96256540760733], [2.5247262164471342, 48.94700236504643], [2.495597257086315, 48.932150935734064], [2.4753884360764298, 48.93230698220945], [2.454883180745302, 48.932732553959134], [2.425825637815098, 48.930744340383264], [2.3861140570949475, 48.92429743203911], [2.362459916604931, 48.918076675621], [2.356693437528564, 48.88230685842714], [2.34697651043533, 48.86174503191322], [2.344959780029387, 48.853023793740164], [2.3398088878203698, 48.84543177842458], [2.3371383995944486, 48.840064350218256], [2.333220634641387, 48.83318643678081], [2.3388576809777035, 48.82150600684166], [2.340926830790754, 48.815228092611335], [2.3343440158701894, 48.808360137202826], [2.328093276131277, 48.79869767228883], [2.3220087047421583, 48.79333690627149], [2.312278311834309, 48.78026436884244], [2.3042107053612133, 48.76171816323692], [2.300890371505836, 48.754632057173126], [2.2959559818374013, 48.74304953436299], [2.288108127151424, 48.73984612871272], [2.2587677282577334, 48.72551907437078], [2.24558429554376, 48.71686524330362], [2.237329249708309, 48.7081489333421], [2.212717641845953, 48.705912413627026], [2.1929739951487424, 48.705497380193584], [2.1808087044597166, 48.6975077019159]], [[2.5709800477570233, 49.0041455478504], [2.5614121946317394, 49.00979397116337], [2.5145512908225953, 48.97356812654279], [2.495597257086315, 48.932150935734064], [2.356693437528564, 48.88230685842714], [2.34697651043533, 48.86174503191322], [2.344959780029387, 48.853023793740164], [2.3398088878203698, 48.84543177842458], [2.3371383995944486, 48.840064350218256], [2.333220634641387, 48.83318643678081], [2.3388576809777035, 48.82150600684166], [2.340926830790754, 48.815228092611335], [2.3343440158701894, 48.808360137202826], [2.328093276131277, 48.79869767228883], [2.3220087047421583, 48.79333690627149], [2.312278311834309, 48.78026436884244], [2.309934691589042, 48.769718949712896], [2.3042107053612133, 48.76171816323692], [2.300890371505836, 48.754632057173126], [2.2959559818374013, 48.74304953436299], [2.288108127151424, 48.73984612871272], [2.273978779055319, 48.7349579552114], [2.2587677282577334, 48.72551907437078], [2.24558429554376, 48.71686524330362], [2.237329249708309, 48.7081489333421], [2.212717641845953, 48.705912413627026], [2.1929739951487424, 48.705497380193584], [2.1808087044597166, 48.6975077019159], [2.1643461393269345, 48.69621022314541], [2.1516106103390045, 48.695299548452454], [2.13649439862523, 48.698175579920274], [2.097722386795541, 48.70131367727702], [2.071385742904064, 48.702732696472715]], [[2.071385742904064, 48.702732696472715], [2.097722386795541, 48.70131367727702], [2.13649439862523, 48.698175579920274], [2.1516106103390045, 48.695299548452454], [2.1643461393269345, 48.69621022314541], [2.1808087044597166, 48.6975077019159], [2.1929739951487424, 48.705497380193584], [2.212717641845953, 48.705912413627026], [2.237329249708309, 48.7081489333421], [2.24558429554376, 48.71686524330362], [2.2587677282577334, 48.72551907437078], [2.300890371505836, 48.754632057173126], [2.3042107053612133, 48.76171816323692], [2.312278311834309, 48.78026436884244], [2.3388576809777035, 48.82150600684166], [2.333220634641387, 48.83318643678081], [2.3371383995944486, 48.840064350218256], [2.3398088878203698, 48.84543177842458], [2.344959780029387, 48.853023793740164], [2.34697651043533, 48.86174503191322], [2.356693437528564, 48.88230685842714], [2.362459916604931, 48.918076675621], [2.3861140570949475, 48.92429743203911], [2.425825637815098, 48.930744340383264], [2.454883180745302, 48.932732553959134], [2.4753884360764298, 48.93230698220945], [2.495597257086315, 48.932150935734064], [2.5247262164471342, 48.94700236504643], [2.512783848981341, 48.96256540760733], [2.5145512908225953, 48.97356812654279], [2.5614121946317394, 49.00979397116337], [2.5709800477570233, 49.0041455478504]], [[2.2587677282577334, 48.72551907437078], [2.273978779055319, 48.7349579552114], [2.288108127151424, 48.73984612871272], [2.2959559818374013, 48.74304953436299], [2.300890371505836, 48.754632057173126], [2.3042107053612133, 48.76171816323692], [2.309934691589042, 48.769718949712896], [2.312278311834309, 48.78026436884244], [2.3388576809777035, 48.82150600684166], [2.333220634641387, 48.83318643678081], [2.3371383995944486, 48.840064350218256], [2.3398088878203698, 48.84543177842458], [2.344959780029387, 48.853023793740164], [2.34697651043533, 48.86174503191322], [2.356693437528564, 48.88230685842714], [2.362459916604931, 48.918076675621], [2.3861140570949475, 48.92429743203911], [2.425825637815098, 48.930744340383264], [2.454883180745302, 48.932732553959134], [2.4753884360764298, 48.93230698220945], [2.495597257086315, 48.932150935734064], [2.5247262164471342, 48.94700236504643], [2.512783848981341, 48.96256540760733], [2.5145512908225953, 48.97356812654279], [2.5614121946317394, 49.00979397116337], [2.5709800477570233, 49.0041455478504]], [[2.362459916604931, 48.918076675621], [2.356693437528564, 48.88230685842714], [2.34697651043533, 48.86174503191322], [2.344959780029387, 48.853023793740164], [2.3398088878203698, 48.84543177842458], [2.3371383995944486, 48.840064350218256], [2.333220634641387, 48.83318643678081], [2.3388576809777035, 48.82150600684166], [2.312278311834309, 48.78026436884244], [2.3042107053612133, 48.76171816323692], [2.300890371505836, 48.754632057173126], [2.2587677282577334, 48.72551907437078], [2.24558429554376, 48.71686524330362], [2.237329249708309, 48.7081489333421], [2.212717641845953, 48.705912413627026], [2.1929739951487424, 48.705497380193584], [2.1808087044597166, 48.6975077019159], [2.1643461393269345, 48.69621022314541], [2.1516106103390045, 48.695299548452454], [2.13649439862523, 48.698175579920274], [2.097722386795541, 48.70131367727702], [2.071385742904064, 48.702732696472715]], [[2.5145512908225953, 48.97356812654279], [2.512783848981341, 48.96256540760733], [2.5247262164471342, 48.94700236504643], [2.495597257086315, 48.932150935734064], [2.4753884360764298, 48.93230698220945], [2.454883180745302, 48.932732553959134], [2.425825637815098, 48.930744340383264], [2.3861140570949475, 48.92429743203911], [2.362459916604931, 48.918076675621], [2.356693437528564, 48.88230685842714], [2.34697651043533, 48.86174503191322], [2.344959780029387, 48.853023793740164], [2.3398088878203698, 48.84543177842458], [2.3371383995944486, 48.840064350218256], [2.333220634641387, 48.83318643678081], [2.3388576809777035, 48.82150600684166], [2.340926830790754, 48.815228092611335], [2.3343440158701894, 48.808360137202826], [2.328093276131277, 48.79869767228883], [2.3220087047421583, 48.79333690627149], [2.312278311834309, 48.78026436884244], [2.309934691589042, 48.769718949712896], [2.3042107053612133, 48.76171816323692], [2.300890371505836, 48.754632057173126], [2.2959559818374013, 48.74304953436299], [2.288108127151424, 48.73984612871272], [2.273978779055319, 48.7349579552114], [2.2587677282577334, 48.72551907437078]], [[2.495597257086315, 48.932150935734064], [2.4753884360764298, 48.93230698220945], [2.454883180745302, 48.932732553959134], [2.425825637815098, 48.930744340383264], [2.3861140570949475, 48.92429743203911], [2.362459916604931, 48.918076675621], [2.356693437528564, 48.88230685842714], [2.34697651043533, 48.86174503191322], [2.344959780029387, 48.853023793740164], [2.3398088878203698, 48.84543177842458], [2.3371383995944486, 48.840064350218256], [2.333220634641387, 48.83318643678081], [2.3388576809777035, 48.82150600684166], [2.312278311834309, 48.78026436884244], [2.3042107053612133, 48.76171816323692], [2.300890371505836, 48.754632057173126], [2.2587677282577334, 48.72551907437078], [2.24558429554376, 48.71686524330362], [2.237329249708309, 48.7081489333421], [2.212717641845953, 48.705912413627026], [2.1929739951487424, 48.705497380193584], [2.1808087044597166, 48.6975077019159], [2.1643461393269345, 48.69621022314541], [2.1516106103390045, 48.695299548452454], [2.13649439862523, 48.698175579920274], [2.097722386795541, 48.70131367727702], [2.071385742904064, 48.702732696472715]], [[2.071385742904064, 48.702732696472715], [2.097722386795541, 48.70131367727702], [2.13649439862523, 48.698175579920274], [2.1516106103390045, 48.695299548452454], [2.1643461393269345, 48.69621022314541], [2.1808087044597166, 48.6975077019159], [2.1929739951487424, 48.705497380193584], [2.2587677282577334, 48.72551907437078], [2.300890371505836, 48.754632057173126], [2.3042107053612133, 48.76171816323692], [2.312278311834309, 48.78026436884244], [2.3220087047421583, 48.79333690627149], [2.328093276131277, 48.79869767228883], [2.3343440158701894, 48.808360137202826], [2.340926830790754, 48.815228092611335], [2.3388576809777035, 48.82150600684166], [2.333220634641387, 48.83318643678081], [2.3371383995944486, 48.840064350218256], [2.3398088878203698, 48.84543177842458], [2.344959780029387, 48.853023793740164], [2.34697651043533, 48.86174503191322], [2.356693437528564, 48.88230685842714], [2.362459916604931, 48.918076675621], [2.3861140570949475, 48.92429743203911], [2.425825637815098, 48.930744340383264], [2.454883180745302, 48.932732553959134], [2.4753884360764298, 48.93230698220945], [2.495597257086315, 48.932150935734064], [2.5352889927291447, 48.93640164880271], [2.5663968806983126, 48.944091645418105], [2.603220561532749, 48.95316214687084], [2.6422341369736606, 48.9757479508066]], [[2.333220634641387, 48.83318643678081], [2.3371383995944486, 48.840064350218256], [2.3398088878203698, 48.84543177842458], [2.344959780029387, 48.853023793740164], [2.34697651043533, 48.86174503191322], [2.356693437528564, 48.88230685842714], [2.495597257086315, 48.932150935734064], [2.5145512908225953, 48.97356812654279], [2.5614121946317394, 49.00979397116337], [2.5709800477570233, 49.0041455478504]], [[2.3343440158701894, 48.808360137202826], [2.340926830790754, 48.815228092611335], [2.3388576809777035, 48.82150600684166], [2.333220634641387, 48.83318643678081], [2.3371383995944486, 48.840064350218256], [2.3398088878203698, 48.84543177842458], [2.344959780029387, 48.853023793740164], [2.34697651043533, 48.86174503191322], [2.356693437528564, 48.88230685842714], [2.362459916604931, 48.918076675621], [2.3861140570949475, 48.92429743203911], [2.425825637815098, 48.930744340383264], [2.454883180745302, 48.932732553959134], [2.4753884360764298, 48.93230698220945], [2.495597257086315, 48.932150935734064], [2.5247262164471342, 48.94700236504643], [2.512783848981341, 48.96256540760733], [2.5145512908225953, 48.97356812654279], [2.5614121946317394, 49.00979397116337], [2.5709800477570233, 49.0041455478504]], [[2.281364769669608, 48.78023982792202], [2.2929083820455323, 48.78756698215643], [2.2979282159439305, 48.781307920937515], [2.312278311834309, 48.78026436884244], [2.3220087047421583, 48.79333690627149], [2.328093276131277, 48.79869767228883], [2.3343440158701894, 48.808360137202826], [2.340926830790754, 48.815228092611335], [2.3388576809777035, 48.82150600684166], [2.333220634641387, 48.83318643678081], [2.3371383995944486, 48.840064350218256], [2.3398088878203698, 48.84543177842458], [2.344959780029387, 48.853023793740164], [2.34697651043533, 48.86174503191322], [2.356693437528564, 48.88230685842714], [2.495597257086315, 48.932150935734064], [2.5145512908225953, 48.97356812654279], [2.5614121946317394, 49.00979397116337]], [[2.356693437528564, 48.88230685842714], [2.362459916604931, 48.918076675621], [2.3861140570949475, 48.92429743203911], [2.425825637815098, 48.930744340383264]], [[2.2587677282577334, 48.72551907437078], [2.273978779055319, 48.7349579552114], [2.288108127151424, 48.73984612871272], [2.2959559818374013, 48.74304953436299], [2.300890371505836, 48.754632057173126], [2.3042107053612133, 48.76171816323692], [2.309934691589042, 48.769718949712896], [2.312278311834309, 48.78026436884244], [2.3220087047421583, 48.79333690627149], [2.328093276131277, 48.79869767228883], [2.3343440158701894, 48.808360137202826], [2.340926830790754, 48.815228092611335], [2.3388576809777035, 48.82150600684166], [2.333220634641387, 48.83318643678081], [2.3371383995944486, 48.840064350218256], [2.3398088878203698, 48.84543177842458], [2.344959780029387, 48.853023793740164], [2.34697651043533, 48.86174503191322], [2.356693437528564, 48.88230685842714], [2.495597257086315, 48.932150935734064], [2.5145512908225953, 48.97356812654279], [2.5614121946317394, 49.00979397116337]], [[2.071385742904064, 48.702732696472715], [2.097722386795541, 48.70131367727702], [2.13649439862523, 48.698175579920274], [2.1516106103390045, 48.695299548452454], [2.1643461393269345, 48.69621022314541], [2.1808087044597166, 48.6975077019159], [2.1929739951487424, 48.705497380193584], [2.212717641845953, 48.705912413627026], [2.237329249708309, 48.7081489333421], [2.24558429554376, 48.71686524330362], [2.2587677282577334, 48.72551907437078], [2.273978779055319, 48.7349579552114], [2.288108127151424, 48.73984612871272], [2.2959559818374013, 48.74304953436299], [2.300890371505836, 48.754632057173126], [2.3042107053612133, 48.76171816323692], [2.309934691589042, 48.769718949712896], [2.312278311834309, 48.78026436884244], [2.3388576809777035, 48.82150600684166], [2.333220634641387, 48.83318643678081], [2.3371383995944486, 48.840064350218256], [2.3398088878203698, 48.84543177842458], [2.344959780029387, 48.853023793740164], [2.34697651043533, 48.86174503191322], [2.356693437528564, 48.88230685842714], [2.362459916604931, 48.918076675621], [2.3861140570949475, 48.92429743203911], [2.425825637815098, 48.930744340383264], [2.454883180745302, 48.932732553959134], [2.4753884360764298, 48.93230698220945], [2.495597257086315, 48.932150935734064], [2.5247262164471342, 48.94700236504643], [2.512783848981341, 48.96256540760733], [2.5145512908225953, 48.97356812654279], [2.5614121946317394, 49.00979397116337], [2.5709800477570233, 49.0041455478504]], [[2.1808087044597166, 48.6975077019159], [2.1929739951487424, 48.705497380193584], [2.212717641845953, 48.705912413627026], [2.237329249708309, 48.7081489333421], [2.24558429554376, 48.71686524330362], [2.2587677282577334, 48.72551907437078], [2.273978779055319, 48.7349579552114], [2.288108127151424, 48.73984612871272], [2.2959559818374013, 48.74304953436299], [2.300890371505836, 48.754632057173126], [2.3042107053612133, 48.76171816323692], [2.309934691589042, 48.769718949712896], [2.312278311834309, 48.78026436884244], [2.3220087047421583, 48.79333690627149], [2.328093276131277, 48.79869767228883], [2.3343440158701894, 48.808360137202826], [2.340926830790754, 48.815228092611335], [2.3388576809777035, 48.82150600684166], [2.333220634641387, 48.83318643678081], [2.3371383995944486, 48.840064350218256], [2.3398088878203698, 48.84543177842458], [2.344959780029387, 48.853023793740164], [2.34697651043533, 48.86174503191322], [2.356693437528564, 48.88230685842714], [2.495597257086315, 48.932150935734064], [2.5145512908225953, 48.97356812654279], [2.5614121946317394, 49.00979397116337], [2.5709800477570233, 49.0041455478504]], [[2.1808087044597166, 48.6975077019159], [2.1929739951487424, 48.705497380193584], [2.212717641845953, 48.705912413627026], [2.237329249708309, 48.7081489333421], [2.24558429554376, 48.71686524330362], [2.2587677282577334, 48.72551907437078], [2.288108127151424, 48.73984612871272], [2.2959559818374013, 48.74304953436299], [2.300890371505836, 48.754632057173126], [2.3042107053612133, 48.76171816323692], [2.312278311834309, 48.78026436884244], [2.3220087047421583, 48.79333690627149], [2.328093276131277, 48.79869767228883], [2.3343440158701894, 48.808360137202826], [2.340926830790754, 48.815228092611335], [2.3388576809777035, 48.82150600684166], [2.333220634641387, 48.83318643678081], [2.3371383995944486, 48.840064350218256], [2.3398088878203698, 48.84543177842458], [2.344959780029387, 48.853023793740164], [2.34697651043533, 48.86174503191322], [2.356693437528564, 48.88230685842714], [2.362459916604931, 48.918076675621], [2.3861140570949475, 48.92429743203911], [2.425825637815098, 48.930744340383264], [2.454883180745302, 48.932732553959134], [2.4753884360764298, 48.93230698220945], [2.495597257086315, 48.932150935734064], [2.5247262164471342, 48.94700236504643], [2.512783848981341, 48.96256540760733], [2.5145512908225953, 48.97356812654279], [2.5614121946317394, 49.00979397116337], [2.5709800477570233, 49.0041455478504]], [[2.2587677282577334, 48.72551907437078], [2.273978779055319, 48.7349579552114], [2.288108127151424, 48.73984612871272], [2.300890371505836, 48.754632057173126], [2.3042107053612133, 48.76171816323692], [2.309934691589042, 48.769718949712896], [2.312278311834309, 48.78026436884244], [2.3220087047421583, 48.79333690627149], [2.328093276131277, 48.79869767228883], [2.3343440158701894, 48.808360137202826], [2.340926830790754, 48.815228092611335], [2.3388576809777035, 48.82150600684166], [2.333220634641387, 48.83318643678081], [2.3371383995944486, 48.840064350218256], [2.3398088878203698, 48.84543177842458], [2.344959780029387, 48.853023793740164], [2.34697651043533, 48.86174503191322], [2.356693437528564, 48.88230685842714], [2.362459916604931, 48.918076675621], [2.3861140570949475, 48.92429743203911], [2.425825637815098, 48.930744340383264], [2.454883180745302, 48.932732553959134], [2.4753884360764298, 48.93230698220945], [2.495597257086315, 48.932150935734064], [2.5352889927291447, 48.93640164880271], [2.5663968806983126, 48.944091645418105], [2.603220561532749, 48.95316214687084], [2.6422341369736606, 48.9757479508066]], [[2.3343440158701894, 48.808360137202826], [2.340926830790754, 48.815228092611335], [2.3388576809777035, 48.82150600684166], [2.333220634641387, 48.83318643678081], [2.3371383995944486, 48.840064350218256], [2.3398088878203698, 48.84543177842458], [2.344959780029387, 48.853023793740164], [2.34697651043533, 48.86174503191322], [2.356693437528564, 48.88230685842714], [2.362459916604931, 48.918076675621], [2.3861140570949475, 48.92429743203911], [2.425825637815098, 48.930744340383264], [2.454883180745302, 48.932732553959134], [2.4753884360764298, 48.93230698220945], [2.495597257086315, 48.932150935734064], [2.5352889927291447, 48.93640164880271], [2.5663968806983126, 48.944091645418105], [2.603220561532749, 48.95316214687084], [2.6422341369736606, 48.9757479508066]], [[2.071385742904064, 48.702732696472715], [2.097722386795541, 48.70131367727702], [2.13649439862523, 48.698175579920274], [2.1516106103390045, 48.695299548452454], [2.1643461393269345, 48.69621022314541], [2.1808087044597166, 48.6975077019159], [2.1929739951487424, 48.705497380193584], [2.24558429554376, 48.71686524330362], [2.2587677282577334, 48.72551907437078], [2.300890371505836, 48.754632057173126], [2.3042107053612133, 48.76171816323692], [2.312278311834309, 48.78026436884244], [2.3220087047421583, 48.79333690627149], [2.328093276131277, 48.79869767228883], [2.3343440158701894, 48.808360137202826], [2.340926830790754, 48.815228092611335], [2.3388576809777035, 48.82150600684166], [2.333220634641387, 48.83318643678081], [2.3371383995944486, 48.840064350218256], [2.3398088878203698, 48.84543177842458], [2.344959780029387, 48.853023793740164], [2.34697651043533, 48.86174503191322], [2.356693437528564, 48.88230685842714], [2.362459916604931, 48.918076675621]], [[2.356693437528564, 48.88230685842714], [2.34697651043533, 48.86174503191322], [2.344959780029387, 48.853023793740164], [2.3398088878203698, 48.84543177842458], [2.3371383995944486, 48.840064350218256], [2.333220634641387, 48.83318643678081]], [[2.5709800477570233, 49.0041455478504], [2.5614121946317394, 49.00979397116337], [2.5145512908225953, 48.97356812654279], [2.512783848981341, 48.96256540760733], [2.5247262164471342, 48.94700236504643], [2.495597257086315, 48.932150935734064], [2.4753884360764298, 48.93230698220945], [2.454883180745302, 48.932732553959134], [2.425825637815098, 48.930744340383264], [2.3861140570949475, 48.92429743203911], [2.362459916604931, 48.918076675621], [2.356693437528564, 48.88230685842714]], [[2.5709800477570233, 49.0041455478504], [2.5614121946317394, 49.00979397116337], [2.5145512908225953, 48.97356812654279], [2.495597257086315, 48.932150935734064], [2.356693437528564, 48.88230685842714], [2.34697651043533, 48.86174503191322], [2.344959780029387, 48.853023793740164], [2.3398088878203698, 48.84543177842458], [2.3371383995944486, 48.840064350218256], [2.333220634641387, 48.83318643678081]], [[2.5709800477570233, 49.0041455478504], [2.5614121946317394, 49.00979397116337], [2.5145512908225953, 48.97356812654279], [2.495597257086315, 48.932150935734064], [2.356693437528564, 48.88230685842714], [2.34697651043533, 48.86174503191322], [2.344959780029387, 48.853023793740164], [2.3398088878203698, 48.84543177842458], [2.3371383995944486, 48.840064350218256], [2.333220634641387, 48.83318643678081], [2.3388576809777035, 48.82150600684166], [2.340926830790754, 48.815228092611335], [2.3343440158701894, 48.808360137202826]], [[2.5709800477570233, 49.0041455478504], [2.5614121946317394, 49.00979397116337], [2.5145512908225953, 48.97356812654279], [2.512783848981341, 48.96256540760733], [2.5247262164471342, 48.94700236504643], [2.495597257086315, 48.932150935734064], [2.4753884360764298, 48.93230698220945], [2.454883180745302, 48.932732553959134], [2.425825637815098, 48.930744340383264], [2.3861140570949475, 48.92429743203911], [2.362459916604931, 48.918076675621], [2.356693437528564, 48.88230685842714], [2.34697651043533, 48.86174503191322], [2.344959780029387, 48.853023793740164], [2.3398088878203698, 48.84543177842458], [2.3371383995944486, 48.840064350218256], [2.333220634641387, 48.83318643678081], [2.3388576809777035, 48.82150600684166], [2.340926830790754, 48.815228092611335], [2.3343440158701894, 48.808360137202826]], [[2.5709800477570233, 49.0041455478504], [2.5614121946317394, 49.00979397116337], [2.5145512908225953, 48.97356812654279], [2.512783848981341, 48.96256540760733], [2.5247262164471342, 48.94700236504643], [2.495597257086315, 48.932150935734064], [2.4753884360764298, 48.93230698220945], [2.454883180745302, 48.932732553959134], [2.425825637815098, 48.930744340383264], [2.3861140570949475, 48.92429743203911], [2.362459916604931, 48.918076675621], [2.356693437528564, 48.88230685842714], [2.34697651043533, 48.86174503191322], [2.344959780029387, 48.853023793740164], [2.3398088878203698, 48.84543177842458], [2.3371383995944486, 48.840064350218256], [2.333220634641387, 48.83318643678081], [2.3388576809777035, 48.82150600684166], [2.340926830790754, 48.815228092611335], [2.3343440158701894, 48.808360137202826], [2.328093276131277, 48.79869767228883], [2.3220087047421583, 48.79333690627149], [2.312278311834309, 48.78026436884244], [2.309934691589042, 48.769718949712896], [2.3042107053612133, 48.76171816323692], [2.300890371505836, 48.754632057173126], [2.2959559818374013, 48.74304953436299], [2.288108127151424, 48.73984612871272], [2.273978779055319, 48.7349579552114], [2.2587677282577334, 48.72551907437078], [2.24558429554376, 48.71686524330362], [2.237329249708309, 48.7081489333421], [2.212717641845953, 48.705912413627026], [2.1929739951487424, 48.705497380193584], [2.1808087044597166, 48.6975077019159], [2.1643461393269345, 48.69621022314541], [2.1516106103390045, 48.695299548452454], [2.13649439862523, 48.698175579920274], [2.097722386795541, 48.70131367727702], [2.071385742904064, 48.702732696472715]], [[2.071385742904064, 48.702732696472715], [2.097722386795541, 48.70131367727702], [2.13649439862523, 48.698175579920274], [2.1516106103390045, 48.695299548452454], [2.1643461393269345, 48.69621022314541], [2.1808087044597166, 48.6975077019159], [2.1929739951487424, 48.705497380193584], [2.212717641845953, 48.705912413627026], [2.237329249708309, 48.7081489333421], [2.24558429554376, 48.71686524330362], [2.2587677282577334, 48.72551907437078], [2.273978779055319, 48.7349579552114], [2.288108127151424, 48.73984612871272], [2.2959559818374013, 48.74304953436299], [2.300890371505836, 48.754632057173126], [2.3042107053612133, 48.76171816323692], [2.309934691589042, 48.769718949712896], [2.312278311834309, 48.78026436884244], [2.3220087047421583, 48.79333690627149], [2.328093276131277, 48.79869767228883], [2.3343440158701894, 48.808360137202826], [2.340926830790754, 48.815228092611335], [2.3388576809777035, 48.82150600684166], [2.333220634641387, 48.83318643678081], [2.3371383995944486, 48.840064350218256], [2.3398088878203698, 48.84543177842458], [2.344959780029387, 48.853023793740164], [2.34697651043533, 48.86174503191322], [2.356693437528564, 48.88230685842714], [2.362459916604931, 48.918076675621], [2.3861140570949475, 48.92429743203911], [2.425825637815098, 48.930744340383264], [2.454883180745302, 48.932732553959134], [2.4753884360764298, 48.93230698220945], [2.495597257086315, 48.932150935734064], [2.5352889927291447, 48.93640164880271], [2.5663968806983126, 48.944091645418105], [2.603220561532749, 48.95316214687084], [2.6422341369736606, 48.9757479508066]], [[2.071385742904064, 48.702732696472715], [2.097722386795541, 48.70131367727702], [2.13649439862523, 48.698175579920274], [2.1516106103390045, 48.695299548452454], [2.1643461393269345, 48.69621022314541], [2.1808087044597166, 48.6975077019159], [2.1929739951487424, 48.705497380193584], [2.212717641845953, 48.705912413627026], [2.237329249708309, 48.7081489333421], [2.24558429554376, 48.71686524330362], [2.2587677282577334, 48.72551907437078], [2.300890371505836, 48.754632057173126], [2.3042107053612133, 48.76171816323692], [2.312278311834309, 48.78026436884244], [2.3220087047421583, 48.79333690627149], [2.328093276131277, 48.79869767228883], [2.3343440158701894, 48.808360137202826], [2.340926830790754, 48.815228092611335], [2.3388576809777035, 48.82150600684166], [2.333220634641387, 48.83318643678081], [2.3371383995944486, 48.840064350218256], [2.3398088878203698, 48.84543177842458], [2.344959780029387, 48.853023793740164], [2.34697651043533, 48.86174503191322], [2.356693437528564, 48.88230685842714], [2.362459916604931, 48.918076675621], [2.3861140570949475, 48.92429743203911], [2.425825637815098, 48.930744340383264], [2.454883180745302, 48.932732553959134], [2.4753884360764298, 48.93230698220945], [2.495597257086315, 48.932150935734064], [2.5352889927291447, 48.93640164880271], [2.5663968806983126, 48.944091645418105], [2.603220561532749, 48.95316214687084], [2.6422341369736606, 48.9757479508066]], [[2.2587677282577334, 48.72551907437078], [2.273978779055319, 48.7349579552114], [2.288108127151424, 48.73984612871272], [2.2959559818374013, 48.74304953436299], [2.300890371505836, 48.754632057173126], [2.3042107053612133, 48.76171816323692], [2.309934691589042, 48.769718949712896], [2.312278311834309, 48.78026436884244], [2.3388576809777035, 48.82150600684166], [2.333220634641387, 48.83318643678081], [2.3371383995944486, 48.840064350218256], [2.3398088878203698, 48.84543177842458], [2.344959780029387, 48.853023793740164], [2.34697651043533, 48.86174503191322], [2.356693437528564, 48.88230685842714]], [[2.071385742904064, 48.702732696472715], [2.097722386795541, 48.70131367727702], [2.13649439862523, 48.698175579920274], [2.1516106103390045, 48.695299548452454], [2.1643461393269345, 48.69621022314541], [2.1808087044597166, 48.6975077019159], [2.1929739951487424, 48.705497380193584], [2.212717641845953, 48.705912413627026], [2.237329249708309, 48.7081489333421], [2.24558429554376, 48.71686524330362], [2.2587677282577334, 48.72551907437078], [2.273978779055319, 48.7349579552114], [2.288108127151424, 48.73984612871272], [2.2959559818374013, 48.74304953436299], [2.300890371505836, 48.754632057173126], [2.3042107053612133, 48.76171816323692], [2.309934691589042, 48.769718949712896], [2.312278311834309, 48.78026436884244], [2.3388576809777035, 48.82150600684166], [2.333220634641387, 48.83318643678081], [2.3371383995944486, 48.840064350218256], [2.3398088878203698, 48.84543177842458], [2.344959780029387, 48.853023793740164], [2.34697651043533, 48.86174503191322], [2.356693437528564, 48.88230685842714]], [[2.333220634641387, 48.83318643678081], [2.3371383995944486, 48.840064350218256], [2.3398088878203698, 48.84543177842458], [2.344959780029387, 48.853023793740164], [2.34697651043533, 48.86174503191322], [2.356693437528564, 48.88230685842714], [2.362459916604931, 48.918076675621], [2.3861140570949475, 48.92429743203911], [2.425825637815098, 48.930744340383264], [2.454883180745302, 48.932732553959134], [2.4753884360764298, 48.93230698220945], [2.495597257086315, 48.932150935734064], [2.5247262164471342, 48.94700236504643], [2.512783848981341, 48.96256540760733], [2.5145512908225953, 48.97356812654279], [2.5614121946317394, 49.00979397116337], [2.5709800477570233, 49.0041455478504]], [[2.281364769669608, 48.78023982792202], [2.2929083820455323, 48.78756698215643], [2.2979282159439305, 48.781307920937515], [2.312278311834309, 48.78026436884244], [2.3220087047421583, 48.79333690627149], [2.328093276131277, 48.79869767228883], [2.3343440158701894, 48.808360137202826], [2.340926830790754, 48.815228092611335], [2.3388576809777035, 48.82150600684166], [2.333220634641387, 48.83318643678081], [2.3371383995944486, 48.840064350218256], [2.3398088878203698, 48.84543177842458], [2.344959780029387, 48.853023793740164], [2.34697651043533, 48.86174503191322], [2.356693437528564, 48.88230685842714], [2.362459916604931, 48.918076675621]], [[2.6422341369736606, 48.9757479508066], [2.603220561532749, 48.95316214687084], [2.5663968806983126, 48.944091645418105], [2.5352889927291447, 48.93640164880271], [2.495597257086315, 48.932150935734064], [2.4753884360764298, 48.93230698220945], [2.454883180745302, 48.932732553959134], [2.425825637815098, 48.930744340383264], [2.3861140570949475, 48.92429743203911], [2.362459916604931, 48.918076675621], [2.356693437528564, 48.88230685842714], [2.34697651043533, 48.86174503191322]], [[2.34697651043533, 48.86174503191322], [2.356693437528564, 48.88230685842714], [2.362459916604931, 48.918076675621], [2.3861140570949475, 48.92429743203911], [2.425825637815098, 48.930744340383264], [2.454883180745302, 48.932732553959134], [2.4753884360764298, 48.93230698220945], [2.495597257086315, 48.932150935734064], [2.5352889927291447, 48.93640164880271], [2.5663968806983126, 48.944091645418105], [2.603220561532749, 48.95316214687084], [2.6422341369736606, 48.9757479508066]], [[2.5614121946317394, 49.00979397116337], [2.5145512908225953, 48.97356812654279], [2.512783848981341, 48.96256540760733], [2.5247262164471342, 48.94700236504643], [2.495597257086315, 48.932150935734064], [2.4753884360764298, 48.93230698220945], [2.454883180745302, 48.932732553959134], [2.425825637815098, 48.930744340383264], [2.3861140570949475, 48.92429743203911], [2.362459916604931, 48.918076675621], [2.356693437528564, 48.88230685842714], [2.34697651043533, 48.86174503191322], [2.344959780029387, 48.853023793740164], [2.3398088878203698, 48.84543177842458], [2.3371383995944486, 48.840064350218256], [2.333220634641387, 48.83318643678081], [2.3388576809777035, 48.82150600684166], [2.340926830790754, 48.815228092611335], [2.3343440158701894, 48.808360137202826], [2.328093276131277, 48.79869767228883], [2.3220087047421583, 48.79333690627149], [2.312278311834309, 48.78026436884244], [2.309934691589042, 48.769718949712896], [2.3042107053612133, 48.76171816323692], [2.300890371505836, 48.754632057173126], [2.2959559818374013, 48.74304953436299], [2.288108127151424, 48.73984612871272], [2.273978779055319, 48.7349579552114], [2.2587677282577334, 48.72551907437078]], [[2.495597257086315, 48.932150935734064], [2.4753884360764298, 48.93230698220945], [2.454883180745302, 48.932732553959134], [2.425825637815098, 48.930744340383264], [2.3861140570949475, 48.92429743203911], [2.362459916604931, 48.918076675621], [2.356693437528564, 48.88230685842714], [2.34697651043533, 48.86174503191322], [2.344959780029387, 48.853023793740164], [2.3398088878203698, 48.84543177842458], [2.3371383995944486, 48.840064350218256], [2.333220634641387, 48.83318643678081], [2.3388576809777035, 48.82150600684166], [2.340926830790754, 48.815228092611335], [2.3343440158701894, 48.808360137202826], [2.328093276131277, 48.79869767228883], [2.3220087047421583, 48.79333690627149], [2.312278311834309, 48.78026436884244], [2.3042107053612133, 48.76171816323692], [2.300890371505836, 48.754632057173126], [2.2959559818374013, 48.74304953436299], [2.288108127151424, 48.73984612871272], [2.2587677282577334, 48.72551907437078], [2.24558429554376, 48.71686524330362], [2.237329249708309, 48.7081489333421], [2.212717641845953, 48.705912413627026], [2.1929739951487424, 48.705497380193584], [2.1808087044597166, 48.6975077019159]], [[2.281364769669608, 48.78023982792202], [2.2929083820455323, 48.78756698215643], [2.2979282159439305, 48.781307920937515], [2.312278311834309, 48.78026436884244], [2.3220087047421583, 48.79333690627149], [2.328093276131277, 48.79869767228883], [2.3343440158701894, 48.808360137202826], [2.340926830790754, 48.815228092611335], [2.3388576809777035, 48.82150600684166], [2.333220634641387, 48.83318643678081], [2.3371383995944486, 48.840064350218256], [2.3398088878203698, 48.84543177842458], [2.344959780029387, 48.853023793740164], [2.34697651043533, 48.86174503191322], [2.356693437528564, 48.88230685842714], [2.495597257086315, 48.932150935734064], [2.5145512908225953, 48.97356812654279], [2.5614121946317394, 49.00979397116337], [2.5709800477570233, 49.0041455478504]], [[2.495597257086315, 48.932150935734064], [2.4753884360764298, 48.93230698220945], [2.454883180745302, 48.932732553959134], [2.425825637815098, 48.930744340383264], [2.3861140570949475, 48.92429743203911], [2.362459916604931, 48.918076675621], [2.356693437528564, 48.88230685842714], [2.34697651043533, 48.86174503191322], [2.344959780029387, 48.853023793740164], [2.3398088878203698, 48.84543177842458], [2.3371383995944486, 48.840064350218256], [2.333220634641387, 48.83318643678081], [2.3388576809777035, 48.82150600684166], [2.340926830790754, 48.815228092611335], [2.3343440158701894, 48.808360137202826], [2.328093276131277, 48.79869767228883], [2.3220087047421583, 48.79333690627149], [2.312278311834309, 48.78026436884244], [2.2979282159439305, 48.781307920937515], [2.2929083820455323, 48.78756698215643], [2.281364769669608, 48.78023982792202]], [[2.5709800477570233, 49.0041455478504], [2.5614121946317394, 49.00979397116337], [2.495597257086315, 48.932150935734064], [2.356693437528564, 48.88230685842714], [2.34697651043533, 48.86174503191322], [2.344959780029387, 48.853023793740164], [2.3398088878203698, 48.84543177842458], [2.3371383995944486, 48.840064350218256], [2.333220634641387, 48.83318643678081], [2.3388576809777035, 48.82150600684166], [2.340926830790754, 48.815228092611335], [2.3343440158701894, 48.808360137202826], [2.328093276131277, 48.79869767228883], [2.3220087047421583, 48.79333690627149], [2.312278311834309, 48.78026436884244], [2.309934691589042, 48.769718949712896], [2.3042107053612133, 48.76171816323692], [2.300890371505836, 48.754632057173126], [2.2959559818374013, 48.74304953436299], [2.288108127151424, 48.73984612871272], [2.273978779055319, 48.7349579552114], [2.2587677282577334, 48.72551907437078]], [[2.5709800477570233, 49.0041455478504], [2.5614121946317394, 49.00979397116337], [2.495597257086315, 48.932150935734064], [2.356693437528564, 48.88230685842714], [2.34697651043533, 48.86174503191322], [2.344959780029387, 48.853023793740164], [2.3398088878203698, 48.84543177842458], [2.3371383995944486, 48.840064350218256], [2.333220634641387, 48.83318643678081], [2.3388576809777035, 48.82150600684166], [2.340926830790754, 48.815228092611335], [2.3343440158701894, 48.808360137202826], [2.328093276131277, 48.79869767228883], [2.3220087047421583, 48.79333690627149], [2.312278311834309, 48.78026436884244], [2.309934691589042, 48.769718949712896], [2.3042107053612133, 48.76171816323692], [2.300890371505836, 48.754632057173126], [2.2959559818374013, 48.74304953436299], [2.288108127151424, 48.73984612871272], [2.273978779055319, 48.7349579552114], [2.2587677282577334, 48.72551907437078], [2.24558429554376, 48.71686524330362], [2.237329249708309, 48.7081489333421], [2.212717641845953, 48.705912413627026], [2.1929739951487424, 48.705497380193584], [2.1808087044597166, 48.6975077019159], [2.1643461393269345, 48.69621022314541], [2.1516106103390045, 48.695299548452454], [2.13649439862523, 48.698175579920274], [2.097722386795541, 48.70131367727702], [2.071385742904064, 48.702732696472715]], [[2.333220634641387, 48.83318643678081], [2.3371383995944486, 48.840064350218256], [2.3398088878203698, 48.84543177842458], [2.344959780029387, 48.853023793740164], [2.34697651043533, 48.86174503191322], [2.356693437528564, 48.88230685842714], [2.495597257086315, 48.932150935734064], [2.5614121946317394, 49.00979397116337], [2.5709800477570233, 49.0041455478504]], [[2.2587677282577334, 48.72551907437078], [2.273978779055319, 48.7349579552114], [2.288108127151424, 48.73984612871272], [2.2959559818374013, 48.74304953436299], [2.300890371505836, 48.754632057173126], [2.3042107053612133, 48.76171816323692], [2.309934691589042, 48.769718949712896], [2.312278311834309, 48.78026436884244], [2.3220087047421583, 48.79333690627149], [2.328093276131277, 48.79869767228883], [2.3343440158701894, 48.808360137202826], [2.340926830790754, 48.815228092611335], [2.3388576809777035, 48.82150600684166], [2.333220634641387, 48.83318643678081], [2.3371383995944486, 48.840064350218256], [2.3398088878203698, 48.84543177842458], [2.344959780029387, 48.853023793740164], [2.34697651043533, 48.86174503191322], [2.356693437528564, 48.88230685842714], [2.495597257086315, 48.932150935734064], [2.5614121946317394, 49.00979397116337], [2.5709800477570233, 49.0041455478504]], [[2.1808087044597166, 48.6975077019159], [2.1929739951487424, 48.705497380193584], [2.212717641845953, 48.705912413627026], [2.237329249708309, 48.7081489333421], [2.24558429554376, 48.71686524330362], [2.2587677282577334, 48.72551907437078], [2.273978779055319, 48.7349579552114], [2.288108127151424, 48.73984612871272], [2.2959559818374013, 48.74304953436299], [2.300890371505836, 48.754632057173126], [2.3042107053612133, 48.76171816323692], [2.309934691589042, 48.769718949712896], [2.312278311834309, 48.78026436884244], [2.3220087047421583, 48.79333690627149], [2.328093276131277, 48.79869767228883], [2.3343440158701894, 48.808360137202826], [2.340926830790754, 48.815228092611335], [2.3388576809777035, 48.82150600684166], [2.333220634641387, 48.83318643678081], [2.3371383995944486, 48.840064350218256], [2.3398088878203698, 48.84543177842458], [2.344959780029387, 48.853023793740164], [2.34697651043533, 48.86174503191322], [2.356693437528564, 48.88230685842714], [2.495597257086315, 48.932150935734064], [2.5614121946317394, 49.00979397116337], [2.5709800477570233, 49.0041455478504]], [[2.5709800477570233, 49.0041455478504], [2.5614121946317394, 49.00979397116337], [2.495597257086315, 48.932150935734064], [2.356693437528564, 48.88230685842714], [2.34697651043533, 48.86174503191322], [2.344959780029387, 48.853023793740164], [2.3398088878203698, 48.84543177842458], [2.3371383995944486, 48.840064350218256], [2.333220634641387, 48.83318643678081], [2.3388576809777035, 48.82150600684166], [2.340926830790754, 48.815228092611335], [2.3343440158701894, 48.808360137202826]], [[2.2587677282577334, 48.72551907437078], [2.273978779055319, 48.7349579552114], [2.288108127151424, 48.73984612871272], [2.300890371505836, 48.754632057173126], [2.3042107053612133, 48.76171816323692], [2.309934691589042, 48.769718949712896], [2.312278311834309, 48.78026436884244], [2.3220087047421583, 48.79333690627149], [2.328093276131277, 48.79869767228883], [2.3343440158701894, 48.808360137202826], [2.340926830790754, 48.815228092611335], [2.3388576809777035, 48.82150600684166], [2.333220634641387, 48.83318643678081], [2.3371383995944486, 48.840064350218256], [2.3398088878203698, 48.84543177842458], [2.344959780029387, 48.853023793740164], [2.34697651043533, 48.86174503191322], [2.356693437528564, 48.88230685842714], [2.362459916604931, 48.918076675621], [2.3861140570949475, 48.92429743203911], [2.425825637815098, 48.930744340383264], [2.454883180745302, 48.932732553959134], [2.4753884360764298, 48.93230698220945], [2.495597257086315, 48.932150935734064]], [[2.281364769669608, 48.78023982792202], [2.2929083820455323, 48.78756698215643], [2.2979282159439305, 48.781307920937515], [2.312278311834309, 48.78026436884244], [2.3220087047421583, 48.79333690627149], [2.328093276131277, 48.79869767228883], [2.3343440158701894, 48.808360137202826], [2.340926830790754, 48.815228092611335], [2.3388576809777035, 48.82150600684166], [2.333220634641387, 48.83318643678081], [2.3371383995944486, 48.840064350218256], [2.3398088878203698, 48.84543177842458], [2.344959780029387, 48.853023793740164], [2.34697651043533, 48.86174503191322], [2.356693437528564, 48.88230685842714], [2.362459916604931, 48.918076675621], [2.3861140570949475, 48.92429743203911], [2.425825637815098, 48.930744340383264], [2.454883180745302, 48.932732553959134], [2.4753884360764298, 48.93230698220945], [2.495597257086315, 48.932150935734064]], [[2.281364769669608, 48.78023982792202], [2.2929083820455323, 48.78756698215643], [2.2979282159439305, 48.781307920937515], [2.312278311834309, 48.78026436884244], [2.3220087047421583, 48.79333690627149], [2.328093276131277, 48.79869767228883], [2.3343440158701894, 48.808360137202826], [2.340926830790754, 48.815228092611335], [2.3388576809777035, 48.82150600684166], [2.333220634641387, 48.83318643678081], [2.3371383995944486, 48.840064350218256], [2.3398088878203698, 48.84543177842458], [2.344959780029387, 48.853023793740164], [2.34697651043533, 48.86174503191322]], [[2.34697651043533, 48.86174503191322], [2.344959780029387, 48.853023793740164], [2.3398088878203698, 48.84543177842458], [2.3371383995944486, 48.840064350218256], [2.333220634641387, 48.83318643678081], [2.3388576809777035, 48.82150600684166], [2.312278311834309, 48.78026436884244], [2.3042107053612133, 48.76171816323692], [2.300890371505836, 48.754632057173126], [2.2587677282577334, 48.72551907437078], [2.24558429554376, 48.71686524330362], [2.237329249708309, 48.7081489333421], [2.212717641845953, 48.705912413627026], [2.1929739951487424, 48.705497380193584], [2.1808087044597166, 48.6975077019159], [2.1643461393269345, 48.69621022314541], [2.1516106103390045, 48.695299548452454], [2.13649439862523, 48.698175579920274], [2.097722386795541, 48.70131367727702], [2.071385742904064, 48.702732696472715]], [[2.34697651043533, 48.86174503191322], [2.344959780029387, 48.853023793740164], [2.3398088878203698, 48.84543177842458], [2.3371383995944486, 48.840064350218256], [2.333220634641387, 48.83318643678081], [2.3388576809777035, 48.82150600684166], [2.340926830790754, 48.815228092611335], [2.3343440158701894, 48.808360137202826], [2.328093276131277, 48.79869767228883], [2.3220087047421583, 48.79333690627149], [2.312278311834309, 48.78026436884244], [2.309934691589042, 48.769718949712896], [2.3042107053612133, 48.76171816323692], [2.300890371505836, 48.754632057173126], [2.2959559818374013, 48.74304953436299], [2.288108127151424, 48.73984612871272], [2.273978779055319, 48.7349579552114], [2.2587677282577334, 48.72551907437078]], [[2.2587677282577334, 48.72551907437078], [2.273978779055319, 48.7349579552114], [2.288108127151424, 48.73984612871272], [2.300890371505836, 48.754632057173126], [2.3042107053612133, 48.76171816323692], [2.309934691589042, 48.769718949712896], [2.312278311834309, 48.78026436884244], [2.3220087047421583, 48.79333690627149], [2.328093276131277, 48.79869767228883], [2.3343440158701894, 48.808360137202826], [2.340926830790754, 48.815228092611335], [2.3388576809777035, 48.82150600684166], [2.333220634641387, 48.83318643678081], [2.3371383995944486, 48.840064350218256], [2.3398088878203698, 48.84543177842458], [2.344959780029387, 48.853023793740164], [2.34697651043533, 48.86174503191322]], [[2.071385742904064, 48.702732696472715], [2.097722386795541, 48.70131367727702], [2.13649439862523, 48.698175579920274], [2.1516106103390045, 48.695299548452454], [2.1643461393269345, 48.69621022314541], [2.1808087044597166, 48.6975077019159], [2.1929739951487424, 48.705497380193584], [2.24558429554376, 48.71686524330362], [2.2587677282577334, 48.72551907437078], [2.300890371505836, 48.754632057173126], [2.3042107053612133, 48.76171816323692], [2.312278311834309, 48.78026436884244], [2.3220087047421583, 48.79333690627149], [2.328093276131277, 48.79869767228883], [2.3343440158701894, 48.808360137202826], [2.340926830790754, 48.815228092611335], [2.3388576809777035, 48.82150600684166], [2.333220634641387, 48.83318643678081], [2.3371383995944486, 48.840064350218256], [2.3398088878203698, 48.84543177842458], [2.344959780029387, 48.853023793740164], [2.34697651043533, 48.86174503191322]], [[2.071385742904064, 48.702732696472715], [2.097722386795541, 48.70131367727702], [2.13649439862523, 48.698175579920274], [2.1516106103390045, 48.695299548452454], [2.1643461393269345, 48.69621022314541], [2.1808087044597166, 48.6975077019159], [2.1929739951487424, 48.705497380193584], [2.24558429554376, 48.71686524330362], [2.2587677282577334, 48.72551907437078], [2.300890371505836, 48.754632057173126], [2.3042107053612133, 48.76171816323692], [2.312278311834309, 48.78026436884244], [2.3220087047421583, 48.79333690627149], [2.328093276131277, 48.79869767228883], [2.3343440158701894, 48.808360137202826], [2.340926830790754, 48.815228092611335], [2.3388576809777035, 48.82150600684166], [2.333220634641387, 48.83318643678081], [2.3371383995944486, 48.840064350218256], [2.3398088878203698, 48.84543177842458], [2.344959780029387, 48.853023793740164], [2.34697651043533, 48.86174503191322], [2.356693437528564, 48.88230685842714], [2.362459916604931, 48.918076675621], [2.3861140570949475, 48.92429743203911], [2.425825637815098, 48.930744340383264], [2.454883180745302, 48.932732553959134], [2.4753884360764298, 48.93230698220945], [2.495597257086315, 48.932150935734064], [2.5352889927291447, 48.93640164880271], [2.5663968806983126, 48.944091645418105], [2.603220561532749, 48.95316214687084], [2.6422341369736606, 48.9757479508066]], [[2.2587677282577334, 48.72551907437078], [2.273978779055319, 48.7349579552114], [2.288108127151424, 48.73984612871272], [2.2959559818374013, 48.74304953436299], [2.300890371505836, 48.754632057173126], [2.3042107053612133, 48.76171816323692], [2.309934691589042, 48.769718949712896], [2.312278311834309, 48.78026436884244], [2.3220087047421583, 48.79333690627149], [2.328093276131277, 48.79869767228883], [2.3343440158701894, 48.808360137202826], [2.340926830790754, 48.815228092611335], [2.3388576809777035, 48.82150600684166], [2.333220634641387, 48.83318643678081], [2.3371383995944486, 48.840064350218256], [2.3398088878203698, 48.84543177842458], [2.344959780029387, 48.853023793740164], [2.34697651043533, 48.86174503191322]], [[2.2587677282577334, 48.72551907437078], [2.273978779055319, 48.7349579552114], [2.288108127151424, 48.73984612871272], [2.2959559818374013, 48.74304953436299], [2.300890371505836, 48.754632057173126], [2.3042107053612133, 48.76171816323692], [2.309934691589042, 48.769718949712896], [2.312278311834309, 48.78026436884244], [2.3220087047421583, 48.79333690627149], [2.328093276131277, 48.79869767228883], [2.3343440158701894, 48.808360137202826], [2.340926830790754, 48.815228092611335], [2.3388576809777035, 48.82150600684166], [2.333220634641387, 48.83318643678081], [2.3371383995944486, 48.840064350218256], [2.3398088878203698, 48.84543177842458], [2.344959780029387, 48.853023793740164], [2.34697651043533, 48.86174503191322], [2.356693437528564, 48.88230685842714], [2.362459916604931, 48.918076675621], [2.3861140570949475, 48.92429743203911], [2.425825637815098, 48.930744340383264], [2.454883180745302, 48.932732553959134], [2.4753884360764298, 48.93230698220945], [2.495597257086315, 48.932150935734064]], [[2.071385742904064, 48.702732696472715], [2.097722386795541, 48.70131367727702], [2.13649439862523, 48.698175579920274], [2.1516106103390045, 48.695299548452454], [2.1643461393269345, 48.69621022314541], [2.1808087044597166, 48.6975077019159], [2.1929739951487424, 48.705497380193584], [2.212717641845953, 48.705912413627026], [2.237329249708309, 48.7081489333421], [2.24558429554376, 48.71686524330362], [2.2587677282577334, 48.72551907437078], [2.300890371505836, 48.754632057173126], [2.3042107053612133, 48.76171816323692], [2.312278311834309, 48.78026436884244], [2.3220087047421583, 48.79333690627149], [2.328093276131277, 48.79869767228883], [2.3343440158701894, 48.808360137202826], [2.340926830790754, 48.815228092611335], [2.3388576809777035, 48.82150600684166], [2.333220634641387, 48.83318643678081], [2.3371383995944486, 48.840064350218256], [2.3398088878203698, 48.84543177842458], [2.344959780029387, 48.853023793740164], [2.34697651043533, 48.86174503191322]], [[2.071385742904064, 48.702732696472715], [2.097722386795541, 48.70131367727702], [2.13649439862523, 48.698175579920274], [2.1516106103390045, 48.695299548452454], [2.1643461393269345, 48.69621022314541], [2.1808087044597166, 48.6975077019159], [2.1929739951487424, 48.705497380193584], [2.212717641845953, 48.705912413627026], [2.237329249708309, 48.7081489333421], [2.24558429554376, 48.71686524330362], [2.2587677282577334, 48.72551907437078], [2.300890371505836, 48.754632057173126], [2.3042107053612133, 48.76171816323692], [2.312278311834309, 48.78026436884244], [2.3220087047421583, 48.79333690627149], [2.328093276131277, 48.79869767228883], [2.3343440158701894, 48.808360137202826], [2.340926830790754, 48.815228092611335], [2.3388576809777035, 48.82150600684166], [2.333220634641387, 48.83318643678081], [2.3371383995944486, 48.840064350218256], [2.3398088878203698, 48.84543177842458], [2.344959780029387, 48.853023793740164], [2.34697651043533, 48.86174503191322], [2.356693437528564, 48.88230685842714], [2.362459916604931, 48.918076675621], [2.3861140570949475, 48.92429743203911], [2.425825637815098, 48.930744340383264], [2.454883180745302, 48.932732553959134], [2.4753884360764298, 48.93230698220945], [2.495597257086315, 48.932150935734064]], [[2.5709800477570233, 49.0041455478504], [2.5614121946317394, 49.00979397116337], [2.5145512908225953, 48.97356812654279], [2.512783848981341, 48.96256540760733], [2.5247262164471342, 48.94700236504643], [2.495597257086315, 48.932150935734064], [2.4753884360764298, 48.93230698220945], [2.454883180745302, 48.932732553959134], [2.425825637815098, 48.930744340383264], [2.3861140570949475, 48.92429743203911], [2.362459916604931, 48.918076675621], [2.356693437528564, 48.88230685842714], [2.34697651043533, 48.86174503191322], [2.344959780029387, 48.853023793740164], [2.3398088878203698, 48.84543177842458], [2.3371383995944486, 48.840064350218256], [2.333220634641387, 48.83318643678081], [2.3388576809777035, 48.82150600684166], [2.312278311834309, 48.78026436884244], [2.309934691589042, 48.769718949712896], [2.3042107053612133, 48.76171816323692], [2.300890371505836, 48.754632057173126], [2.2959559818374013, 48.74304953436299], [2.288108127151424, 48.73984612871272], [2.273978779055319, 48.7349579552114], [2.2587677282577334, 48.72551907437078]], [[2.5709800477570233, 49.0041455478504], [2.5614121946317394, 49.00979397116337], [2.495597257086315, 48.932150935734064], [2.356693437528564, 48.88230685842714], [2.34697651043533, 48.86174503191322], [2.344959780029387, 48.853023793740164], [2.3398088878203698, 48.84543177842458], [2.3371383995944486, 48.840064350218256], [2.333220634641387, 48.83318643678081]], [[2.2587677282577334, 48.72551907437078], [2.273978779055319, 48.7349579552114], [2.288108127151424, 48.73984612871272], [2.2959559818374013, 48.74304953436299], [2.300890371505836, 48.754632057173126], [2.3042107053612133, 48.76171816323692], [2.309934691589042, 48.769718949712896], [2.312278311834309, 48.78026436884244], [2.3220087047421583, 48.79333690627149], [2.328093276131277, 48.79869767228883], [2.3343440158701894, 48.808360137202826], [2.340926830790754, 48.815228092611335], [2.3388576809777035, 48.82150600684166], [2.333220634641387, 48.83318643678081], [2.3371383995944486, 48.840064350218256], [2.3398088878203698, 48.84543177842458], [2.344959780029387, 48.853023793740164], [2.34697651043533, 48.86174503191322], [2.356693437528564, 48.88230685842714], [2.362459916604931, 48.918076675621], [2.495597257086315, 48.932150935734064], [2.5614121946317394, 49.00979397116337], [2.5709800477570233, 49.0041455478504]], [[2.071385742904064, 48.702732696472715], [2.097722386795541, 48.70131367727702], [2.13649439862523, 48.698175579920274], [2.1516106103390045, 48.695299548452454], [2.1643461393269345, 48.69621022314541], [2.1808087044597166, 48.6975077019159], [2.1929739951487424, 48.705497380193584], [2.212717641845953, 48.705912413627026], [2.237329249708309, 48.7081489333421], [2.24558429554376, 48.71686524330362], [2.2587677282577334, 48.72551907437078], [2.273978779055319, 48.7349579552114], [2.288108127151424, 48.73984612871272], [2.2959559818374013, 48.74304953436299], [2.300890371505836, 48.754632057173126], [2.3042107053612133, 48.76171816323692], [2.309934691589042, 48.769718949712896], [2.312278311834309, 48.78026436884244], [2.3388576809777035, 48.82150600684166], [2.333220634641387, 48.83318643678081], [2.3371383995944486, 48.840064350218256], [2.3398088878203698, 48.84543177842458], [2.344959780029387, 48.853023793740164], [2.34697651043533, 48.86174503191322], [2.356693437528564, 48.88230685842714], [2.362459916604931, 48.918076675621], [2.3861140570949475, 48.92429743203911], [2.425825637815098, 48.930744340383264], [2.454883180745302, 48.932732553959134], [2.4753884360764298, 48.93230698220945], [2.495597257086315, 48.932150935734064], [2.5352889927291447, 48.93640164880271], [2.5663968806983126, 48.944091645418105], [2.603220561532749, 48.95316214687084], [2.6422341369736606, 48.9757479508066]], [[2.2587677282577334, 48.72551907437078], [2.273978779055319, 48.7349579552114], [2.288108127151424, 48.73984612871272], [2.2959559818374013, 48.74304953436299], [2.300890371505836, 48.754632057173126], [2.3042107053612133, 48.76171816323692], [2.309934691589042, 48.769718949712896], [2.312278311834309, 48.78026436884244], [2.3388576809777035, 48.82150600684166], [2.333220634641387, 48.83318643678081], [2.3371383995944486, 48.840064350218256], [2.3398088878203698, 48.84543177842458], [2.344959780029387, 48.853023793740164], [2.34697651043533, 48.86174503191322], [2.356693437528564, 48.88230685842714], [2.362459916604931, 48.918076675621], [2.3861140570949475, 48.92429743203911], [2.425825637815098, 48.930744340383264], [2.454883180745302, 48.932732553959134], [2.4753884360764298, 48.93230698220945], [2.495597257086315, 48.932150935734064]], [[2.071385742904064, 48.702732696472715], [2.097722386795541, 48.70131367727702], [2.13649439862523, 48.698175579920274], [2.1516106103390045, 48.695299548452454], [2.1643461393269345, 48.69621022314541], [2.1808087044597166, 48.6975077019159], [2.1929739951487424, 48.705497380193584], [2.212717641845953, 48.705912413627026], [2.237329249708309, 48.7081489333421], [2.24558429554376, 48.71686524330362], [2.2587677282577334, 48.72551907437078], [2.273978779055319, 48.7349579552114], [2.288108127151424, 48.73984612871272], [2.2959559818374013, 48.74304953436299], [2.300890371505836, 48.754632057173126], [2.3042107053612133, 48.76171816323692], [2.309934691589042, 48.769718949712896], [2.312278311834309, 48.78026436884244], [2.3388576809777035, 48.82150600684166], [2.333220634641387, 48.83318643678081], [2.3371383995944486, 48.840064350218256], [2.3398088878203698, 48.84543177842458], [2.344959780029387, 48.853023793740164], [2.34697651043533, 48.86174503191322], [2.356693437528564, 48.88230685842714], [2.362459916604931, 48.918076675621], [2.3861140570949475, 48.92429743203911], [2.425825637815098, 48.930744340383264], [2.454883180745302, 48.932732553959134], [2.4753884360764298, 48.93230698220945], [2.495597257086315, 48.932150935734064]], [[2.333220634641387, 48.83318643678081], [2.3371383995944486, 48.840064350218256], [2.3398088878203698, 48.84543177842458], [2.344959780029387, 48.853023793740164], [2.34697651043533, 48.86174503191322], [2.356693437528564, 48.88230685842714], [2.362459916604931, 48.918076675621]], [[2.362459916604931, 48.918076675621], [2.356693437528564, 48.88230685842714], [2.34697651043533, 48.86174503191322], [2.344959780029387, 48.853023793740164], [2.3398088878203698, 48.84543177842458], [2.3371383995944486, 48.840064350218256], [2.333220634641387, 48.83318643678081]], [[2.5709800477570233, 49.0041455478504], [2.5614121946317394, 49.00979397116337], [2.495597257086315, 48.932150935734064], [2.362459916604931, 48.918076675621], [2.356693437528564, 48.88230685842714], [2.34697651043533, 48.86174503191322], [2.344959780029387, 48.853023793740164], [2.3398088878203698, 48.84543177842458], [2.3371383995944486, 48.840064350218256], [2.333220634641387, 48.83318643678081]], [[2.362459916604931, 48.918076675621], [2.356693437528564, 48.88230685842714], [2.34697651043533, 48.86174503191322], [2.344959780029387, 48.853023793740164], [2.3398088878203698, 48.84543177842458], [2.3371383995944486, 48.840064350218256], [2.333220634641387, 48.83318643678081], [2.3388576809777035, 48.82150600684166], [2.340926830790754, 48.815228092611335], [2.3343440158701894, 48.808360137202826]], [[2.5709800477570233, 49.0041455478504], [2.5614121946317394, 49.00979397116337], [2.495597257086315, 48.932150935734064], [2.362459916604931, 48.918076675621], [2.356693437528564, 48.88230685842714], [2.34697651043533, 48.86174503191322], [2.344959780029387, 48.853023793740164], [2.3398088878203698, 48.84543177842458], [2.3371383995944486, 48.840064350218256], [2.333220634641387, 48.83318643678081], [2.3388576809777035, 48.82150600684166], [2.340926830790754, 48.815228092611335], [2.3343440158701894, 48.808360137202826], [2.328093276131277, 48.79869767228883], [2.3220087047421583, 48.79333690627149], [2.312278311834309, 48.78026436884244], [2.309934691589042, 48.769718949712896], [2.3042107053612133, 48.76171816323692], [2.300890371505836, 48.754632057173126], [2.2959559818374013, 48.74304953436299], [2.288108127151424, 48.73984612871272], [2.273978779055319, 48.7349579552114], [2.2587677282577334, 48.72551907437078]], [[2.495597257086315, 48.932150935734064], [2.4753884360764298, 48.93230698220945], [2.454883180745302, 48.932732553959134], [2.425825637815098, 48.930744340383264], [2.3861140570949475, 48.92429743203911], [2.362459916604931, 48.918076675621], [2.356693437528564, 48.88230685842714], [2.34697651043533, 48.86174503191322], [2.344959780029387, 48.853023793740164], [2.3398088878203698, 48.84543177842458], [2.3371383995944486, 48.840064350218256], [2.333220634641387, 48.83318643678081], [2.3388576809777035, 48.82150600684166], [2.312278311834309, 48.78026436884244], [2.309934691589042, 48.769718949712896], [2.3042107053612133, 48.76171816323692], [2.300890371505836, 48.754632057173126], [2.2959559818374013, 48.74304953436299], [2.288108127151424, 48.73984612871272], [2.273978779055319, 48.7349579552114], [2.2587677282577334, 48.72551907437078]], [[2.34697651043533, 48.86174503191322], [2.356693437528564, 48.88230685842714], [2.362459916604931, 48.918076675621], [2.3861140570949475, 48.92429743203911], [2.425825637815098, 48.930744340383264], [2.454883180745302, 48.932732553959134], [2.4753884360764298, 48.93230698220945], [2.495597257086315, 48.932150935734064], [2.5247262164471342, 48.94700236504643], [2.512783848981341, 48.96256540760733], [2.5145512908225953, 48.97356812654279], [2.5614121946317394, 49.00979397116337], [2.5709800477570233, 49.0041455478504]], [[2.5709800477570233, 49.0041455478504], [2.5614121946317394, 49.00979397116337], [2.495597257086315, 48.932150935734064], [2.356693437528564, 48.88230685842714], [2.34697651043533, 48.86174503191322]], [[2.5709800477570233, 49.0041455478504], [2.5614121946317394, 49.00979397116337], [2.5145512908225953, 48.97356812654279], [2.512783848981341, 48.96256540760733], [2.5247262164471342, 48.94700236504643], [2.495597257086315, 48.932150935734064], [2.4753884360764298, 48.93230698220945], [2.454883180745302, 48.932732553959134], [2.425825637815098, 48.930744340383264], [2.3861140570949475, 48.92429743203911], [2.362459916604931, 48.918076675621], [2.356693437528564, 48.88230685842714], [2.34697651043533, 48.86174503191322]], [[2.34697651043533, 48.86174503191322], [2.356693437528564, 48.88230685842714], [2.495597257086315, 48.932150935734064], [2.5614121946317394, 49.00979397116337], [2.5709800477570233, 49.0041455478504]], [[2.495597257086315, 48.932150935734064], [2.4753884360764298, 48.93230698220945], [2.454883180745302, 48.932732553959134], [2.425825637815098, 48.930744340383264], [2.3861140570949475, 48.92429743203911], [2.362459916604931, 48.918076675621], [2.356693437528564, 48.88230685842714], [2.34697651043533, 48.86174503191322]], [[2.495597257086315, 48.932150935734064], [2.4753884360764298, 48.93230698220945], [2.454883180745302, 48.932732553959134], [2.425825637815098, 48.930744340383264], [2.3861140570949475, 48.92429743203911], [2.362459916604931, 48.918076675621], [2.356693437528564, 48.88230685842714], [2.34697651043533, 48.86174503191322], [2.344959780029387, 48.853023793740164], [2.3398088878203698, 48.84543177842458], [2.3371383995944486, 48.840064350218256], [2.333220634641387, 48.83318643678081], [2.3388576809777035, 48.82150600684166], [2.340926830790754, 48.815228092611335], [2.3343440158701894, 48.808360137202826], [2.328093276131277, 48.79869767228883], [2.3220087047421583, 48.79333690627149], [2.312278311834309, 48.78026436884244], [2.309934691589042, 48.769718949712896], [2.3042107053612133, 48.76171816323692], [2.300890371505836, 48.754632057173126], [2.2959559818374013, 48.74304953436299], [2.288108127151424, 48.73984612871272], [2.273978779055319, 48.7349579552114], [2.2587677282577334, 48.72551907437078]], [[2.281364769669608, 48.78023982792202], [2.2929083820455323, 48.78756698215643], [2.2979282159439305, 48.781307920937515], [2.312278311834309, 48.78026436884244], [2.3220087047421583, 48.79333690627149], [2.328093276131277, 48.79869767228883], [2.3343440158701894, 48.808360137202826], [2.340926830790754, 48.815228092611335], [2.3388576809777035, 48.82150600684166], [2.333220634641387, 48.83318643678081], [2.3371383995944486, 48.840064350218256], [2.3398088878203698, 48.84543177842458], [2.344959780029387, 48.853023793740164], [2.34697651043533, 48.86174503191322], [2.356693437528564, 48.88230685842714], [2.495597257086315, 48.932150935734064], [2.5614121946317394, 49.00979397116337], [2.5709800477570233, 49.0041455478504]], [[2.2587677282577334, 48.72551907437078], [2.273978779055319, 48.7349579552114], [2.288108127151424, 48.73984612871272], [2.2959559818374013, 48.74304953436299], [2.300890371505836, 48.754632057173126], [2.3042107053612133, 48.76171816323692], [2.309934691589042, 48.769718949712896], [2.312278311834309, 48.78026436884244], [2.3220087047421583, 48.79333690627149], [2.328093276131277, 48.79869767228883], [2.3343440158701894, 48.808360137202826], [2.340926830790754, 48.815228092611335], [2.3388576809777035, 48.82150600684166], [2.333220634641387, 48.83318643678081], [2.3371383995944486, 48.840064350218256], [2.3398088878203698, 48.84543177842458], [2.344959780029387, 48.853023793740164], [2.34697651043533, 48.86174503191322], [2.356693437528564, 48.88230685842714], [2.495597257086315, 48.932150935734064], [2.5614121946317394, 49.00979397116337]], [[2.281364769669608, 48.78023982792202], [2.2929083820455323, 48.78756698215643], [2.2979282159439305, 48.781307920937515], [2.312278311834309, 48.78026436884244], [2.3220087047421583, 48.79333690627149], [2.328093276131277, 48.79869767228883], [2.3343440158701894, 48.808360137202826], [2.340926830790754, 48.815228092611335], [2.3388576809777035, 48.82150600684166], [2.333220634641387, 48.83318643678081], [2.3371383995944486, 48.840064350218256], [2.3398088878203698, 48.84543177842458], [2.344959780029387, 48.853023793740164], [2.34697651043533, 48.86174503191322], [2.356693437528564, 48.88230685842714], [2.495597257086315, 48.932150935734064], [2.5614121946317394, 49.00979397116337]]], "type": "MultiLineString"}, "properties": {"route_id": "IDFM:C01743", "route_short_name": "B", "route_long_name": "B", "route_type": "Rail", "route_color": "5091CB", "route_url": null, "id_ilico": "C01743", "operatorname": "SNCF", "networkname": "RER", "url": "https://www.ratp.fr/plans-lignes/rer/b", "long_name_first": "B", "geo_point_2d": {"lon": 2.3749648698384753, "lat": 48.857718902291104}}}, {"type": "Feature", "geometry": {"coordinates": [[[2.7589013341652717, 48.739445157221006], [2.727167738339898, 48.74645539980236], [2.690116190500944, 48.77076716837013], [2.650530702348584, 48.79563367624288], [2.618502939849115, 48.80587944608123], [2.5799804563719477, 48.82311348135466], [2.542644466674205, 48.82324786783017], [2.4890536307751616, 48.85424654032024], [2.4591980956866797, 48.8966634168645], [2.4010414542870944, 48.897987452300434], [2.3737182728654673, 48.89645824176388], [2.358695908637114, 48.88081039411524], [2.328646179742093, 48.874998862001185], [2.284217509613705, 48.878347804048644], [2.238418596250407, 48.892229801568206], [2.226568794458685, 48.897581324774116]], [[2.226568794458685, 48.897581324774116], [2.238418596250407, 48.892229801568206], [2.284217509613705, 48.878347804048644], [2.328646179742093, 48.874998862001185], [2.358695908637114, 48.88081039411524], [2.3737182728654673, 48.89645824176388], [2.4010414542870944, 48.897987452300434], [2.4591980956866797, 48.8966634168645], [2.4890536307751616, 48.85424654032024], [2.542644466674205, 48.82324786783017], [2.5799804563719477, 48.82311348135466], [2.618502939849115, 48.80587944608123], [2.650530702348584, 48.79563367624288], [2.690116190500944, 48.77076716837013], [2.727167738339898, 48.74645539980236], [2.7589013341652717, 48.739445157221006]], [[2.542644466674205, 48.82324786783017], [2.511990843607618, 48.82486398816196], [2.4939549579206104, 48.839991175687295], [2.4890536307751616, 48.85424654032024], [2.4857557993217947, 48.87007067367753], [2.4811863962676766, 48.88258632328664], [2.4591980956866797, 48.8966634168645], [2.4010414542870944, 48.897987452300434], [2.3737182728654673, 48.89645824176388], [2.358695908637114, 48.88081039411524], [2.328646179742093, 48.874998862001185], [2.284217509613705, 48.878347804048644], [2.238418596250407, 48.892229801568206], [2.226568794458685, 48.897581324774116]], [[2.226568794458685, 48.897581324774116], [2.238418596250407, 48.892229801568206], [2.284217509613705, 48.878347804048644], [2.328646179742093, 48.874998862001185], [2.358695908637114, 48.88081039411524], [2.3737182728654673, 48.89645824176388], [2.4010414542870944, 48.897987452300434], [2.4591980956866797, 48.8966634168645], [2.4811863962676766, 48.88258632328664], [2.4857557993217947, 48.87007067367753], [2.4890536307751616, 48.85424654032024], [2.4939549579206104, 48.839991175687295], [2.511990843607618, 48.82486398816196], [2.542644466674205, 48.82324786783017], [2.5799804563719477, 48.82311348135466], [2.618502939849115, 48.80587944608123], [2.650530702348584, 48.79563367624288], [2.690116190500944, 48.77076716837013], [2.727167738339898, 48.74645539980236], [2.7589013341652717, 48.739445157221006]], [[2.226568794458685, 48.897581324774116], [2.238418596250407, 48.892229801568206], [2.284217509613705, 48.878347804048644], [2.328646179742093, 48.874998862001185], [2.358695908637114, 48.88081039411524], [2.3737182728654673, 48.89645824176388], [2.4010414542870944, 48.897987452300434], [2.4591980956866797, 48.8966634168645], [2.4811863962676766, 48.88258632328664], [2.4857557993217947, 48.87007067367753], [2.4890536307751616, 48.85424654032024], [2.4939549579206104, 48.839991175687295], [2.511990843607618, 48.82486398816196], [2.542644466674205, 48.82324786783017]], [[2.226568794458685, 48.897581324774116], [2.238418596250407, 48.892229801568206], [2.284217509613705, 48.878347804048644], [2.328646179742093, 48.874998862001185], [2.358695908637114, 48.88081039411524], [2.3737182728654673, 48.89645824176388], [2.4010414542870944, 48.897987452300434], [2.4591980956866797, 48.8966634168645], [2.4795800358385867, 48.893965864676495], [2.5130610056844116, 48.8888544132907], [2.5254046016945138, 48.883728731604535], [2.5527724908646303, 48.877159125382796], [2.5833806594500697, 48.87411948897062]], [[2.5833806594500697, 48.87411948897062], [2.5527724908646303, 48.877159125382796], [2.5254046016945138, 48.883728731604535], [2.5130610056844116, 48.8888544132907], [2.4795800358385867, 48.893965864676495], [2.4591980956866797, 48.8966634168645], [2.4010414542870944, 48.897987452300434], [2.3737182728654673, 48.89645824176388], [2.358695908637114, 48.88081039411524], [2.328646179742093, 48.874998862001185], [2.284217509613705, 48.878347804048644], [2.238418596250407, 48.892229801568206], [2.226568794458685, 48.897581324774116]], [[2.226568794458685, 48.897581324774116], [2.238418596250407, 48.892229801568206], [2.284217509613705, 48.878347804048644], [2.328646179742093, 48.874998862001185], [2.358695908637114, 48.88081039411524], [2.3737182728654673, 48.89645824176388], [2.4010414542870944, 48.897987452300434], [2.4591980956866797, 48.8966634168645], [2.4795800358385867, 48.893965864676495], [2.5130610056844116, 48.8888544132907], [2.5254046016945138, 48.883728731604535], [2.5527724908646303, 48.877159125382796], [2.5833806594500697, 48.87411948897062], [2.637705554664271, 48.87517306494243]], [[2.226568794458685, 48.897581324774116], [2.238418596250407, 48.892229801568206], [2.284217509613705, 48.878347804048644], [2.328646179742093, 48.874998862001185], [2.358695908637114, 48.88081039411524], [2.3737182728654673, 48.89645824176388], [2.4890536307751616, 48.85424654032024], [2.542644466674205, 48.82324786783017], [2.5799804563719477, 48.82311348135466], [2.618502939849115, 48.80587944608123], [2.650530702348584, 48.79563367624288], [2.690116190500944, 48.77076716837013], [2.727167738339898, 48.74645539980236], [2.7589013341652717, 48.739445157221006]], [[2.360305141171757, 48.87857171221123], [2.3737182728654673, 48.89645824176388], [2.4010414542870944, 48.897987452300434], [2.4591980956866797, 48.8966634168645], [2.4795800358385867, 48.893965864676495], [2.5130610056844116, 48.8888544132907], [2.5254046016945138, 48.883728731604535], [2.5527724908646303, 48.877159125382796], [2.5833806594500697, 48.87411948897062]], [[2.226568794458685, 48.897581324774116], [2.238418596250407, 48.892229801568206], [2.284217509613705, 48.878347804048644], [2.328646179742093, 48.874998862001185], [2.358695908637114, 48.88081039411524]], [[2.358695908637114, 48.88081039411524], [2.328646179742093, 48.874998862001185], [2.284217509613705, 48.878347804048644], [2.238418596250407, 48.892229801568206], [2.226568794458685, 48.897581324774116]], [[2.7589013341652717, 48.739445157221006], [2.727167738339898, 48.74645539980236], [2.690116190500944, 48.77076716837013], [2.650530702348584, 48.79563367624288], [2.618502939849115, 48.80587944608123], [2.5799804563719477, 48.82311348135466], [2.542644466674205, 48.82324786783017], [2.4890536307751616, 48.85424654032024], [2.3737182728654673, 48.89645824176388], [2.358695908637114, 48.88081039411524], [2.328646179742093, 48.874998862001185], [2.284217509613705, 48.878347804048644], [2.238418596250407, 48.892229801568206], [2.226568794458685, 48.897581324774116]], [[2.637705554664271, 48.87517306494243], [2.5833806594500697, 48.87411948897062], [2.5527724908646303, 48.877159125382796], [2.5254046016945138, 48.883728731604535], [2.5130610056844116, 48.8888544132907], [2.4795800358385867, 48.893965864676495], [2.4591980956866797, 48.8966634168645], [2.4010414542870944, 48.897987452300434], [2.3737182728654673, 48.89645824176388], [2.358695908637114, 48.88081039411524], [2.328646179742093, 48.874998862001185], [2.284217509613705, 48.878347804048644], [2.238418596250407, 48.892229801568206], [2.226568794458685, 48.897581324774116]], [[2.7589013341652717, 48.739445157221006], [2.727167738339898, 48.74645539980236], [2.690116190500944, 48.77076716837013], [2.650530702348584, 48.79563367624288], [2.618502939849115, 48.80587944608123], [2.5799804563719477, 48.82311348135466], [2.542644466674205, 48.82324786783017], [2.511990843607618, 48.82486398816196], [2.4939549579206104, 48.839991175687295], [2.4890536307751616, 48.85424654032024], [2.4857557993217947, 48.87007067367753], [2.4811863962676766, 48.88258632328664], [2.4591980956866797, 48.8966634168645], [2.4010414542870944, 48.897987452300434], [2.3737182728654673, 48.89645824176388], [2.358695908637114, 48.88081039411524], [2.328646179742093, 48.874998862001185], [2.284217509613705, 48.878347804048644], [2.238418596250407, 48.892229801568206], [2.226568794458685, 48.897581324774116]], [[2.328646179742093, 48.874998862001185], [2.358695908637114, 48.88081039411524], [2.3737182728654673, 48.89645824176388], [2.4010414542870944, 48.897987452300434], [2.4591980956866797, 48.8966634168645], [2.4795800358385867, 48.893965864676495], [2.5130610056844116, 48.8888544132907], [2.5254046016945138, 48.883728731604535], [2.5527724908646303, 48.877159125382796], [2.5833806594500697, 48.87411948897062]], [[2.358695908637114, 48.88081039411524], [2.3737182728654673, 48.89645824176388], [2.4010414542870944, 48.897987452300434], [2.4591980956866797, 48.8966634168645], [2.4795800358385867, 48.893965864676495], [2.5130610056844116, 48.8888544132907], [2.5254046016945138, 48.883728731604535], [2.5527724908646303, 48.877159125382796], [2.5833806594500697, 48.87411948897062]], [[2.226568794458685, 48.897581324774116], [2.238418596250407, 48.892229801568206], [2.284217509613705, 48.878347804048644], [2.328646179742093, 48.874998862001185], [2.358695908637114, 48.88081039411524], [2.4890536307751616, 48.85424654032024], [2.542644466674205, 48.82324786783017], [2.5799804563719477, 48.82311348135466], [2.618502939849115, 48.80587944608123], [2.650530702348584, 48.79563367624288], [2.690116190500944, 48.77076716837013], [2.727167738339898, 48.74645539980236], [2.7589013341652717, 48.739445157221006]], [[2.226568794458685, 48.897581324774116], [2.238418596250407, 48.892229801568206], [2.284217509613705, 48.878347804048644], [2.328646179742093, 48.874998862001185], [2.358695908637114, 48.88081039411524], [2.4811863962676766, 48.88258632328664], [2.4857557993217947, 48.87007067367753], [2.4890536307751616, 48.85424654032024], [2.4939549579206104, 48.839991175687295], [2.511990843607618, 48.82486398816196], [2.542644466674205, 48.82324786783017]], [[2.226568794458685, 48.897581324774116], [2.238418596250407, 48.892229801568206], [2.284217509613705, 48.878347804048644], [2.328646179742093, 48.874998862001185], [2.358695908637114, 48.88081039411524], [2.4811863962676766, 48.88258632328664], [2.4857557993217947, 48.87007067367753], [2.4890536307751616, 48.85424654032024], [2.4939549579206104, 48.839991175687295], [2.511990843607618, 48.82486398816196], [2.542644466674205, 48.82324786783017], [2.5799804563719477, 48.82311348135466], [2.618502939849115, 48.80587944608123], [2.650530702348584, 48.79563367624288], [2.690116190500944, 48.77076716837013], [2.727167738339898, 48.74645539980236], [2.7589013341652717, 48.739445157221006]], [[2.226568794458685, 48.897581324774116], [2.238418596250407, 48.892229801568206], [2.284217509613705, 48.878347804048644], [2.328646179742093, 48.874998862001185], [2.358695908637114, 48.88081039411524], [2.4795800358385867, 48.893965864676495], [2.5130610056844116, 48.8888544132907], [2.5254046016945138, 48.883728731604535], [2.5527724908646303, 48.877159125382796], [2.5833806594500697, 48.87411948897062]], [[2.226568794458685, 48.897581324774116], [2.238418596250407, 48.892229801568206], [2.284217509613705, 48.878347804048644], [2.328646179742093, 48.874998862001185], [2.358695908637114, 48.88081039411524], [2.4795800358385867, 48.893965864676495], [2.5130610056844116, 48.8888544132907], [2.5254046016945138, 48.883728731604535], [2.5527724908646303, 48.877159125382796], [2.5833806594500697, 48.87411948897062], [2.637705554664271, 48.87517306494243]]], "type": "MultiLineString"}, "properties": {"route_id": "IDFM:C01729", "route_short_name": "E", "route_long_name": "E", "route_type": "Rail", "route_color": "B94E9A", "route_url": null, "id_ilico": "C01729", "operatorname": "SNCF", "networkname": "RER", "url": "https://www.transilien.com/fr/page-lignes/ligne-e", "long_name_first": "E", "geo_point_2d": {"lon": 2.4551743716033685, "lat": 48.86048924028825}}}, {"type": "Feature", "geometry": {"coordinates": [[[2.044615988930814, 48.78748491597792], [2.072712440765476, 48.79877460471833], [2.1349078603373464, 48.79526039893613], [2.17158260741522, 48.800665521455045], [2.1834187943404744, 48.79968116446791], [2.2409419171683633, 48.807552358196936], [2.257883547622023, 48.81933737870203], [2.2640113460455353, 48.83050964570215], [2.2704701876900395, 48.83888336270874], [2.27803679359566, 48.84716158046345], [2.2896562493865478, 48.8564765666592], [2.3003592740110994, 48.86247496310803], [2.3126576509104404, 48.8627130056211]], [[2.3126576509104404, 48.8627130056211], [2.3003592740110994, 48.86247496310803], [2.2896562493865478, 48.8564765666592], [2.279679454187814, 48.85352548506894], [2.274806827480264, 48.856981095562965], [2.2722351438875577, 48.86545537297977], [2.2747712644338454, 48.86985281215763], [2.284217509613705, 48.878347804048644], [2.2992286819828145, 48.88602700780433], [2.3159411535514716, 48.894262568309564], [2.322694729473372, 48.90456082213364], [2.313901968217972, 48.9206901983449], [2.307982254553742, 48.93282405536431], [2.302388375122374, 48.95382604164122], [2.285777828585351, 48.963658273529425], [2.2707541014797794, 48.98049890628609], [2.257017857907824, 48.985149200200375], [2.2341907839306554, 48.99374640051787], [2.1965151756043033, 49.007744118117]], [[2.3019573828860596, 48.60664906621052], [2.266215906699314, 48.59111916474817], [2.2412169696111426, 48.58599680822646], [2.2234625238542307, 48.582715781664064], [2.1922487394356454, 48.57760979436327], [2.170354257290333, 48.56433413404574], [2.1249767315730463, 48.550937745357075], [2.069088468619773, 48.535687624993614], [2.008756915662106, 48.53376051220457]], [[2.3019573828860596, 48.60664906621052], [2.290908349251896, 48.56564453550255], [2.2900778137432436, 48.53290340283496], [2.255014220399748, 48.520620553497956], [2.2151562718541644, 48.51405318948937], [2.1947692381982216, 48.49387742150091], [2.159819133907717, 48.437062675829104], [2.145258831307165, 48.42748765080825]], [[2.008756915662106, 48.53376051220457], [2.069088468619773, 48.535687624993614], [2.1249767315730463, 48.550937745357075], [2.170354257290333, 48.56433413404574], [2.1922487394356454, 48.57760979436327], [2.2234625238542307, 48.582715781664064], [2.2412169696111426, 48.58599680822646], [2.266215906699314, 48.59111916474817], [2.3019573828860596, 48.60664906621052]], [[2.145258831307165, 48.42748765080825], [2.159819133907717, 48.437062675829104], [2.1947692381982216, 48.49387742150091], [2.2151562718541644, 48.51405318948937], [2.255014220399748, 48.520620553497956], [2.2900778137432436, 48.53290340283496], [2.290908349251896, 48.56564453550255], [2.3019573828860596, 48.60664906621052]], [[2.3126576509104404, 48.8627130056211], [2.3003592740110994, 48.86247496310803], [2.2896562493865478, 48.8564765666592], [2.27803679359566, 48.84716158046345], [2.2704701876900395, 48.83888336270874], [2.2640113460455353, 48.83050964570215], [2.2409419171683633, 48.807552358196936], [2.1834187943404744, 48.79968116446791], [2.17158260741522, 48.800665521455045], [2.1522340489858127, 48.79654475986442], [2.130150772175517, 48.79991350059487]], [[2.373209854795934, 48.74834625868034], [2.4030548924063897, 48.74163230680523], [2.4174549898851208, 48.74520105223681], [2.411287538155699, 48.76387977763339], [2.409587305033223, 48.78248922625494], [2.40269438767449, 48.80028105254759], [2.391677280020743, 48.8139591342409], [2.377758552865005, 48.8288801225864], [2.367818767583529, 48.84032035638395]], [[2.145258831307165, 48.42748765080825], [2.159819133907717, 48.437062675829104], [2.1947692381982216, 48.49387742150091], [2.2151562718541644, 48.51405318948937], [2.255014220399748, 48.520620553497956], [2.2900778137432436, 48.53290340283496], [2.290908349251896, 48.56564453550255], [2.3019573828860596, 48.60664906621052], [2.3068029676156123, 48.635615525211605], [2.3129608959702024, 48.65295347339147], [2.332043500451718, 48.6693475106473], [2.3523541804056833, 48.67639468866699], [2.383334629403869, 48.68970940912314], [2.377758552865005, 48.8288801225864], [2.367818767583529, 48.84032035638395], [2.344959780029387, 48.853023793740164], [2.326623034830927, 48.860365575927474]], [[2.2587677282577334, 48.72551907437078], [2.273978779055319, 48.7349579552114], [2.3126496863919335, 48.747936542587276], [2.3521980873905326, 48.74021613668418], [2.373209854795934, 48.74834625868034], [2.4030548924063897, 48.74163230680523], [2.4174549898851208, 48.74520105223681], [2.411287538155699, 48.76387977763339], [2.409587305033223, 48.78248922625494], [2.40269438767449, 48.80028105254759], [2.391677280020743, 48.8139591342409], [2.377758552865005, 48.8288801225864], [2.367818767583529, 48.84032035638395]], [[2.3126576509104404, 48.8627130056211], [2.3003592740110994, 48.86247496310803], [2.2896562493865478, 48.8564765666592], [2.27803679359566, 48.84716158046345], [2.2704701876900395, 48.83888336270874], [2.2640113460455353, 48.83050964570215], [2.2409419171683633, 48.807552358196936], [2.1834187943404744, 48.79968116446791], [2.17158260741522, 48.800665521455045], [2.1349078603373464, 48.79526039893613], [2.072712440765476, 48.79877460471833], [2.044615988930814, 48.78748491597792]], [[2.383334629403869, 48.68970940912314], [2.3523541804056833, 48.67639468866699], [2.332043500451718, 48.6693475106473], [2.3129608959702024, 48.65295347339147], [2.3068029676156123, 48.635615525211605], [2.3019573828860596, 48.60664906621052], [2.266215906699314, 48.59111916474817], [2.2412169696111426, 48.58599680822646], [2.2234625238542307, 48.582715781664064], [2.1922487394356454, 48.57760979436327], [2.170354257290333, 48.56433413404574], [2.1249767315730463, 48.550937745357075], [2.069088468619773, 48.535687624993614], [2.008756915662106, 48.53376051220457], [1.996005688002604, 48.53542058733677]], [[2.008756915662106, 48.53376051220457], [2.069088468619773, 48.535687624993614], [2.1249767315730463, 48.550937745357075], [2.170354257290333, 48.56433413404574], [2.1922487394356454, 48.57760979436327], [2.2234625238542307, 48.582715781664064], [2.2412169696111426, 48.58599680822646], [2.266215906699314, 48.59111916474817], [2.3019573828860596, 48.60664906621052], [2.3068029676156123, 48.635615525211605], [2.3129608959702024, 48.65295347339147], [2.332043500451718, 48.6693475106473], [2.3523541804056833, 48.67639468866699], [2.383334629403869, 48.68970940912314]], [[1.996005688002604, 48.53542058733677], [2.008756915662106, 48.53376051220457], [2.069088468619773, 48.535687624993614], [2.1249767315730463, 48.550937745357075], [2.170354257290333, 48.56433413404574], [2.1922487394356454, 48.57760979436327], [2.2234625238542307, 48.582715781664064], [2.2412169696111426, 48.58599680822646], [2.266215906699314, 48.59111916474817], [2.3019573828860596, 48.60664906621052], [2.3068029676156123, 48.635615525211605], [2.3129608959702024, 48.65295347339147], [2.332043500451718, 48.6693475106473], [2.3523541804056833, 48.67639468866699], [2.383334629403869, 48.68970940912314]], [[2.145258831307165, 48.42748765080825], [2.159819133907717, 48.437062675829104], [2.1947692381982216, 48.49387742150091], [2.2151562718541644, 48.51405318948937], [2.255014220399748, 48.520620553497956], [2.2900778137432436, 48.53290340283496], [2.290908349251896, 48.56564453550255], [2.3019573828860596, 48.60664906621052], [2.3068029676156123, 48.635615525211605], [2.3129608959702024, 48.65295347339147], [2.332043500451718, 48.6693475106473], [2.3523541804056833, 48.67639468866699], [2.383334629403869, 48.68970940912314]], [[2.130150772175517, 48.79991350059487], [2.1522340489858127, 48.79654475986442], [2.17158260741522, 48.800665521455045], [2.1834187943404744, 48.79968116446791], [2.2409419171683633, 48.807552358196936], [2.257883547622023, 48.81933737870203], [2.2640113460455353, 48.83050964570215], [2.2704701876900395, 48.83888336270874], [2.27803679359566, 48.84716158046345], [2.2896562493865478, 48.8564765666592], [2.3003592740110994, 48.86247496310803], [2.3126576509104404, 48.8627130056211]], [[2.383334629403869, 48.68970940912314], [2.3523541804056833, 48.67639468866699], [2.332043500451718, 48.6693475106473], [2.3129608959702024, 48.65295347339147], [2.3068029676156123, 48.635615525211605], [2.3019573828860596, 48.60664906621052], [2.290908349251896, 48.56564453550255], [2.2900778137432436, 48.53290340283496], [2.255014220399748, 48.520620553497956], [2.2151562718541644, 48.51405318948937], [2.1947692381982216, 48.49387742150091], [2.159819133907717, 48.437062675829104], [2.145258831307165, 48.42748765080825]], [[2.383334629403869, 48.68970940912314], [2.3523541804056833, 48.67639468866699], [2.332043500451718, 48.6693475106473], [2.3129608959702024, 48.65295347339147], [2.3068029676156123, 48.635615525211605], [2.3019573828860596, 48.60664906621052], [2.266215906699314, 48.59111916474817], [2.2412169696111426, 48.58599680822646], [2.2234625238542307, 48.582715781664064], [2.1922487394356454, 48.57760979436327], [2.170354257290333, 48.56433413404574], [2.1249767315730463, 48.550937745357075], [2.069088468619773, 48.535687624993614], [2.008756915662106, 48.53376051220457]], [[2.1965151756043033, 49.007744118117], [2.2341907839306554, 48.99374640051787], [2.257017857907824, 48.985149200200375], [2.2707541014797794, 48.98049890628609], [2.285777828585351, 48.963658273529425], [2.302388375122374, 48.95382604164122], [2.307982254553742, 48.93282405536431], [2.313901968217972, 48.9206901983449], [2.322694729473372, 48.90456082213364], [2.3159411535514716, 48.894262568309564], [2.2992286819828145, 48.88602700780433], [2.284217509613705, 48.878347804048644], [2.2747712644338454, 48.86985281215763], [2.2722351438875577, 48.86545537297977], [2.274806827480264, 48.856981095562965], [2.279679454187814, 48.85352548506894], [2.2896562493865478, 48.8564765666592], [2.3003592740110994, 48.86247496310803], [2.3126576509104404, 48.8627130056211]], [[2.0957859968423524, 49.04673337596684], [2.105230857870794, 49.04530690087292], [2.128124092657316, 49.0341234164973], [2.1545313948758564, 49.01917957374756], [2.1965151756043033, 49.007744118117], [2.2341907839306554, 48.99374640051787], [2.257017857907824, 48.985149200200375], [2.2707541014797794, 48.98049890628609], [2.285777828585351, 48.963658273529425], [2.302388375122374, 48.95382604164122], [2.307982254553742, 48.93282405536431], [2.313901968217972, 48.9206901983449], [2.322694729473372, 48.90456082213364], [2.3159411535514716, 48.894262568309564], [2.2992286819828145, 48.88602700780433], [2.284217509613705, 48.878347804048644], [2.2747712644338454, 48.86985281215763], [2.2722351438875577, 48.86545537297977], [2.274806827480264, 48.856981095562965], [2.279679454187814, 48.85352548506894], [2.2896562493865478, 48.8564765666592], [2.3003592740110994, 48.86247496310803], [2.3126576509104404, 48.8627130056211]], [[2.3126576509104404, 48.8627130056211], [2.3003592740110994, 48.86247496310803], [2.2896562493865478, 48.8564765666592], [2.279679454187814, 48.85352548506894], [2.274806827480264, 48.856981095562965], [2.2722351438875577, 48.86545537297977], [2.2747712644338454, 48.86985281215763], [2.284217509613705, 48.878347804048644], [2.2992286819828145, 48.88602700780433], [2.3159411535514716, 48.894262568309564], [2.322694729473372, 48.90456082213364], [2.313901968217972, 48.9206901983449], [2.307982254553742, 48.93282405536431], [2.302388375122374, 48.95382604164122], [2.285777828585351, 48.963658273529425], [2.2707541014797794, 48.98049890628609], [2.257017857907824, 48.985149200200375], [2.2341907839306554, 48.99374640051787], [2.1965151756043033, 49.007744118117], [2.1545313948758564, 49.01917957374756], [2.128124092657316, 49.0341234164973], [2.105230857870794, 49.04530690087292], [2.0957859968423524, 49.04673337596684]], [[2.3019573828860596, 48.60664906621052], [2.266215906699314, 48.59111916474817], [2.2412169696111426, 48.58599680822646], [2.2234625238542307, 48.582715781664064], [2.1922487394356454, 48.57760979436327], [2.170354257290333, 48.56433413404574], [2.1249767315730463, 48.550937745357075], [2.069088468619773, 48.535687624993614], [2.008756915662106, 48.53376051220457], [1.996005688002604, 48.53542058733677]], [[1.996005688002604, 48.53542058733677], [2.008756915662106, 48.53376051220457], [2.069088468619773, 48.535687624993614], [2.1249767315730463, 48.550937745357075], [2.170354257290333, 48.56433413404574], [2.1922487394356454, 48.57760979436327], [2.2234625238542307, 48.582715781664064], [2.2412169696111426, 48.58599680822646], [2.266215906699314, 48.59111916474817], [2.3019573828860596, 48.60664906621052]], [[2.367818767583529, 48.84032035638395], [2.377758552865005, 48.8288801225864], [2.391677280020743, 48.8139591342409], [2.40269438767449, 48.80028105254759], [2.409587305033223, 48.78248922625494], [2.411287538155699, 48.76387977763339], [2.4174549898851208, 48.74520105223681], [2.4030548924063897, 48.74163230680523], [2.373209854795934, 48.74834625868034]], [[2.367818767583529, 48.84032035638395], [2.377758552865005, 48.8288801225864], [2.391677280020743, 48.8139591342409], [2.40269438767449, 48.80028105254759], [2.409587305033223, 48.78248922625494], [2.411287538155699, 48.76387977763339], [2.4174549898851208, 48.74520105223681], [2.4030548924063897, 48.74163230680523], [2.373209854795934, 48.74834625868034], [2.3521980873905326, 48.74021613668418], [2.3126496863919335, 48.747936542587276], [2.273978779055319, 48.7349579552114], [2.2587677282577334, 48.72551907437078]], [[2.130150772175517, 48.79991350059487], [2.1522340489858127, 48.79654475986442], [2.17158260741522, 48.800665521455045], [2.1834187943404744, 48.79968116446791], [2.2409419171683633, 48.807552358196936], [2.257883547622023, 48.81933737870203], [2.2640113460455353, 48.83050964570215], [2.2704701876900395, 48.83888336270874], [2.27803679359566, 48.84716158046345], [2.2896562493865478, 48.8564765666592], [2.3003592740110994, 48.86247496310803], [2.3126576509104404, 48.8627130056211], [2.326623034830927, 48.860365575927474], [2.344959780029387, 48.853023793740164], [2.367818767583529, 48.84032035638395], [2.377758552865005, 48.8288801225864], [2.409587305033223, 48.78248922625494], [2.411287538155699, 48.76387977763339], [2.426423645047488, 48.73968685807613], [2.4198671478914595, 48.72578126379895], [2.403668724287269, 48.71266832171659], [2.383334629403869, 48.68970940912314]], [[2.383334629403869, 48.68970940912314], [2.403668724287269, 48.71266832171659], [2.4198671478914595, 48.72578126379895], [2.426423645047488, 48.73968685807613], [2.411287538155699, 48.76387977763339], [2.409587305033223, 48.78248922625494], [2.377758552865005, 48.8288801225864], [2.367818767583529, 48.84032035638395], [2.344959780029387, 48.853023793740164], [2.326623034830927, 48.860365575927474], [2.3126576509104404, 48.8627130056211], [2.3003592740110994, 48.86247496310803], [2.2896562493865478, 48.8564765666592], [2.27803679359566, 48.84716158046345], [2.2704701876900395, 48.83888336270874], [2.2640113460455353, 48.83050964570215], [2.2409419171683633, 48.807552358196936], [2.1834187943404744, 48.79968116446791], [2.17158260741522, 48.800665521455045], [2.1522340489858127, 48.79654475986442], [2.130150772175517, 48.79991350059487]], [[2.008756915662106, 48.53376051220457], [2.069088468619773, 48.535687624993614], [2.1249767315730463, 48.550937745357075], [2.170354257290333, 48.56433413404574], [2.1922487394356454, 48.57760979436327], [2.2234625238542307, 48.582715781664064], [2.2412169696111426, 48.58599680822646], [2.266215906699314, 48.59111916474817], [2.3019573828860596, 48.60664906621052], [2.3068029676156123, 48.635615525211605], [2.3129608959702024, 48.65295347339147], [2.332043500451718, 48.6693475106473], [2.3523541804056833, 48.67639468866699], [2.383334629403869, 48.68970940912314], [2.377758552865005, 48.8288801225864], [2.367818767583529, 48.84032035638395], [2.344959780029387, 48.853023793740164], [2.326623034830927, 48.860365575927474]], [[2.326623034830927, 48.860365575927474], [2.344959780029387, 48.853023793740164], [2.367818767583529, 48.84032035638395], [2.377758552865005, 48.8288801225864], [2.383334629403869, 48.68970940912314], [2.3523541804056833, 48.67639468866699], [2.332043500451718, 48.6693475106473], [2.3129608959702024, 48.65295347339147], [2.3068029676156123, 48.635615525211605], [2.3019573828860596, 48.60664906621052], [2.266215906699314, 48.59111916474817], [2.2412169696111426, 48.58599680822646], [2.2234625238542307, 48.582715781664064], [2.1922487394356454, 48.57760979436327], [2.170354257290333, 48.56433413404574], [2.1249767315730463, 48.550937745357075], [2.069088468619773, 48.535687624993614], [2.008756915662106, 48.53376051220457]], [[2.326623034830927, 48.860365575927474], [2.344959780029387, 48.853023793740164], [2.367818767583529, 48.84032035638395], [2.377758552865005, 48.8288801225864], [2.383334629403869, 48.68970940912314], [2.3523541804056833, 48.67639468866699], [2.332043500451718, 48.6693475106473], [2.3129608959702024, 48.65295347339147], [2.3068029676156123, 48.635615525211605], [2.3019573828860596, 48.60664906621052], [2.290908349251896, 48.56564453550255], [2.2900778137432436, 48.53290340283496], [2.255014220399748, 48.520620553497956], [2.2151562718541644, 48.51405318948937], [2.1947692381982216, 48.49387742150091], [2.159819133907717, 48.437062675829104], [2.145258831307165, 48.42748765080825]], [[1.996005688002604, 48.53542058733677], [2.008756915662106, 48.53376051220457], [2.069088468619773, 48.535687624993614], [2.1249767315730463, 48.550937745357075], [2.170354257290333, 48.56433413404574], [2.1922487394356454, 48.57760979436327], [2.2234625238542307, 48.582715781664064], [2.2412169696111426, 48.58599680822646], [2.266215906699314, 48.59111916474817], [2.3019573828860596, 48.60664906621052], [2.3068029676156123, 48.635615525211605], [2.3129608959702024, 48.65295347339147], [2.332043500451718, 48.6693475106473], [2.3523541804056833, 48.67639468866699], [2.383334629403869, 48.68970940912314], [2.377758552865005, 48.8288801225864], [2.367818767583529, 48.84032035638395], [2.344959780029387, 48.853023793740164], [2.326623034830927, 48.860365575927474]], [[2.326623034830927, 48.860365575927474], [2.344959780029387, 48.853023793740164], [2.367818767583529, 48.84032035638395], [2.377758552865005, 48.8288801225864], [2.383334629403869, 48.68970940912314], [2.3523541804056833, 48.67639468866699], [2.332043500451718, 48.6693475106473], [2.3129608959702024, 48.65295347339147], [2.3068029676156123, 48.635615525211605], [2.3019573828860596, 48.60664906621052], [2.266215906699314, 48.59111916474817], [2.2412169696111426, 48.58599680822646], [2.2234625238542307, 48.582715781664064], [2.1922487394356454, 48.57760979436327], [2.170354257290333, 48.56433413404574], [2.1249767315730463, 48.550937745357075], [2.069088468619773, 48.535687624993614], [2.008756915662106, 48.53376051220457], [1.996005688002604, 48.53542058733677]], [[2.0957859968423524, 49.04673337596684], [2.105230857870794, 49.04530690087292], [2.128124092657316, 49.0341234164973], [2.1545313948758564, 49.01917957374756], [2.1965151756043033, 49.007744118117], [2.2341907839306554, 48.99374640051787], [2.257017857907824, 48.985149200200375], [2.2707541014797794, 48.98049890628609], [2.285777828585351, 48.963658273529425], [2.302388375122374, 48.95382604164122], [2.307982254553742, 48.93282405536431], [2.313901968217972, 48.9206901983449], [2.322694729473372, 48.90456082213364], [2.3159411535514716, 48.894262568309564], [2.2992286819828145, 48.88602700780433], [2.284217509613705, 48.878347804048644], [2.2747712644338454, 48.86985281215763], [2.2722351438875577, 48.86545537297977], [2.274806827480264, 48.856981095562965], [2.279679454187814, 48.85352548506894], [2.2896562493865478, 48.8564765666592], [2.3003592740110994, 48.86247496310803], [2.3126576509104404, 48.8627130056211], [2.326623034830927, 48.860365575927474], [2.344959780029387, 48.853023793740164], [2.367818767583529, 48.84032035638395], [2.377758552865005, 48.8288801225864], [2.391677280020743, 48.8139591342409], [2.40269438767449, 48.80028105254759], [2.409587305033223, 48.78248922625494], [2.411287538155699, 48.76387977763339], [2.4174549898851208, 48.74520105223681], [2.4030548924063897, 48.74163230680523], [2.373209854795934, 48.74834625868034], [2.3521980873905326, 48.74021613668418], [2.3126496863919335, 48.747936542587276], [2.273978779055319, 48.7349579552114], [2.2587677282577334, 48.72551907437078]], [[2.1965151756043033, 49.007744118117], [2.2341907839306554, 48.99374640051787], [2.257017857907824, 48.985149200200375], [2.2707541014797794, 48.98049890628609], [2.285777828585351, 48.963658273529425], [2.302388375122374, 48.95382604164122], [2.307982254553742, 48.93282405536431], [2.313901968217972, 48.9206901983449], [2.322694729473372, 48.90456082213364], [2.3159411535514716, 48.894262568309564], [2.2992286819828145, 48.88602700780433], [2.284217509613705, 48.878347804048644], [2.2747712644338454, 48.86985281215763], [2.2722351438875577, 48.86545537297977], [2.274806827480264, 48.856981095562965], [2.279679454187814, 48.85352548506894], [2.2896562493865478, 48.8564765666592], [2.3003592740110994, 48.86247496310803], [2.3126576509104404, 48.8627130056211], [2.326623034830927, 48.860365575927474], [2.344959780029387, 48.853023793740164], [2.367818767583529, 48.84032035638395], [2.377758552865005, 48.8288801225864], [2.391677280020743, 48.8139591342409], [2.40269438767449, 48.80028105254759], [2.409587305033223, 48.78248922625494], [2.411287538155699, 48.76387977763339], [2.4174549898851208, 48.74520105223681], [2.4030548924063897, 48.74163230680523], [2.373209854795934, 48.74834625868034]], [[2.0957859968423524, 49.04673337596684], [2.105230857870794, 49.04530690087292], [2.128124092657316, 49.0341234164973], [2.1545313948758564, 49.01917957374756], [2.1965151756043033, 49.007744118117], [2.2341907839306554, 48.99374640051787], [2.257017857907824, 48.985149200200375], [2.2707541014797794, 48.98049890628609], [2.285777828585351, 48.963658273529425], [2.302388375122374, 48.95382604164122], [2.307982254553742, 48.93282405536431], [2.313901968217972, 48.9206901983449], [2.322694729473372, 48.90456082213364], [2.3159411535514716, 48.894262568309564], [2.2992286819828145, 48.88602700780433], [2.284217509613705, 48.878347804048644], [2.2747712644338454, 48.86985281215763], [2.2722351438875577, 48.86545537297977], [2.274806827480264, 48.856981095562965], [2.279679454187814, 48.85352548506894], [2.2896562493865478, 48.8564765666592], [2.3003592740110994, 48.86247496310803], [2.3126576509104404, 48.8627130056211], [2.326623034830927, 48.860365575927474], [2.344959780029387, 48.853023793740164], [2.367818767583529, 48.84032035638395], [2.377758552865005, 48.8288801225864], [2.391677280020743, 48.8139591342409], [2.40269438767449, 48.80028105254759], [2.409587305033223, 48.78248922625494], [2.411287538155699, 48.76387977763339], [2.4174549898851208, 48.74520105223681], [2.4030548924063897, 48.74163230680523], [2.373209854795934, 48.74834625868034]], [[2.2587677282577334, 48.72551907437078], [2.273978779055319, 48.7349579552114], [2.3126496863919335, 48.747936542587276], [2.3521980873905326, 48.74021613668418], [2.373209854795934, 48.74834625868034], [2.4030548924063897, 48.74163230680523], [2.4174549898851208, 48.74520105223681], [2.411287538155699, 48.76387977763339], [2.409587305033223, 48.78248922625494], [2.40269438767449, 48.80028105254759], [2.391677280020743, 48.8139591342409], [2.377758552865005, 48.8288801225864], [2.367818767583529, 48.84032035638395], [2.344959780029387, 48.853023793740164], [2.326623034830927, 48.860365575927474], [2.3126576509104404, 48.8627130056211], [2.3003592740110994, 48.86247496310803], [2.2896562493865478, 48.8564765666592], [2.279679454187814, 48.85352548506894], [2.274806827480264, 48.856981095562965], [2.2722351438875577, 48.86545537297977], [2.2747712644338454, 48.86985281215763], [2.284217509613705, 48.878347804048644], [2.2992286819828145, 48.88602700780433], [2.3159411535514716, 48.894262568309564], [2.322694729473372, 48.90456082213364], [2.313901968217972, 48.9206901983449], [2.307982254553742, 48.93282405536431], [2.302388375122374, 48.95382604164122], [2.285777828585351, 48.963658273529425], [2.2707541014797794, 48.98049890628609], [2.257017857907824, 48.985149200200375], [2.2341907839306554, 48.99374640051787], [2.1965151756043033, 49.007744118117], [2.1545313948758564, 49.01917957374756], [2.128124092657316, 49.0341234164973], [2.105230857870794, 49.04530690087292], [2.0957859968423524, 49.04673337596684]], [[2.373209854795934, 48.74834625868034], [2.4030548924063897, 48.74163230680523], [2.4174549898851208, 48.74520105223681], [2.411287538155699, 48.76387977763339], [2.409587305033223, 48.78248922625494], [2.40269438767449, 48.80028105254759], [2.391677280020743, 48.8139591342409], [2.377758552865005, 48.8288801225864], [2.367818767583529, 48.84032035638395], [2.344959780029387, 48.853023793740164], [2.326623034830927, 48.860365575927474], [2.3126576509104404, 48.8627130056211], [2.3003592740110994, 48.86247496310803], [2.2896562493865478, 48.8564765666592], [2.279679454187814, 48.85352548506894], [2.274806827480264, 48.856981095562965], [2.2722351438875577, 48.86545537297977], [2.2747712644338454, 48.86985281215763], [2.284217509613705, 48.878347804048644], [2.2992286819828145, 48.88602700780433], [2.3159411535514716, 48.894262568309564], [2.322694729473372, 48.90456082213364], [2.313901968217972, 48.9206901983449], [2.307982254553742, 48.93282405536431], [2.302388375122374, 48.95382604164122], [2.285777828585351, 48.963658273529425], [2.2707541014797794, 48.98049890628609], [2.257017857907824, 48.985149200200375], [2.2341907839306554, 48.99374640051787], [2.1965151756043033, 49.007744118117], [2.1545313948758564, 49.01917957374756], [2.128124092657316, 49.0341234164973], [2.105230857870794, 49.04530690087292], [2.0957859968423524, 49.04673337596684]], [[2.373209854795934, 48.74834625868034], [2.4030548924063897, 48.74163230680523], [2.4174549898851208, 48.74520105223681], [2.411287538155699, 48.76387977763339], [2.409587305033223, 48.78248922625494], [2.40269438767449, 48.80028105254759], [2.391677280020743, 48.8139591342409], [2.377758552865005, 48.8288801225864], [2.367818767583529, 48.84032035638395], [2.344959780029387, 48.853023793740164], [2.326623034830927, 48.860365575927474], [2.3126576509104404, 48.8627130056211], [2.3003592740110994, 48.86247496310803], [2.2896562493865478, 48.8564765666592], [2.279679454187814, 48.85352548506894], [2.274806827480264, 48.856981095562965], [2.2722351438875577, 48.86545537297977], [2.2747712644338454, 48.86985281215763], [2.284217509613705, 48.878347804048644], [2.2992286819828145, 48.88602700780433], [2.3159411535514716, 48.894262568309564], [2.322694729473372, 48.90456082213364], [2.313901968217972, 48.9206901983449], [2.307982254553742, 48.93282405536431], [2.302388375122374, 48.95382604164122], [2.285777828585351, 48.963658273529425], [2.2707541014797794, 48.98049890628609], [2.257017857907824, 48.985149200200375], [2.2341907839306554, 48.99374640051787], [2.1965151756043033, 49.007744118117]], [[2.3159411535514716, 48.894262568309564], [2.2992286819828145, 48.88602700780433], [2.284217509613705, 48.878347804048644], [2.2747712644338454, 48.86985281215763], [2.2722351438875577, 48.86545537297977], [2.274806827480264, 48.856981095562965], [2.279679454187814, 48.85352548506894], [2.2896562493865478, 48.8564765666592], [2.3003592740110994, 48.86247496310803], [2.3126576509104404, 48.8627130056211], [2.326623034830927, 48.860365575927474], [2.344959780029387, 48.853023793740164], [2.367818767583529, 48.84032035638395], [2.377758552865005, 48.8288801225864], [2.391677280020743, 48.8139591342409], [2.40269438767449, 48.80028105254759], [2.409587305033223, 48.78248922625494], [2.411287538155699, 48.76387977763339], [2.383334629403869, 48.68970940912314], [2.3523541804056833, 48.67639468866699], [2.332043500451718, 48.6693475106473], [2.3129608959702024, 48.65295347339147], [2.3068029676156123, 48.635615525211605], [2.3019573828860596, 48.60664906621052]], [[2.1965151756043033, 49.007744118117], [2.2341907839306554, 48.99374640051787], [2.257017857907824, 48.985149200200375], [2.2707541014797794, 48.98049890628609], [2.285777828585351, 48.963658273529425], [2.302388375122374, 48.95382604164122], [2.307982254553742, 48.93282405536431], [2.313901968217972, 48.9206901983449], [2.322694729473372, 48.90456082213364], [2.3159411535514716, 48.894262568309564], [2.2992286819828145, 48.88602700780433], [2.284217509613705, 48.878347804048644], [2.2747712644338454, 48.86985281215763], [2.2722351438875577, 48.86545537297977], [2.274806827480264, 48.856981095562965], [2.279679454187814, 48.85352548506894], [2.2896562493865478, 48.8564765666592], [2.3003592740110994, 48.86247496310803], [2.3126576509104404, 48.8627130056211], [2.326623034830927, 48.860365575927474], [2.344959780029387, 48.853023793740164], [2.367818767583529, 48.84032035638395], [2.377758552865005, 48.8288801225864], [2.391677280020743, 48.8139591342409], [2.40269438767449, 48.80028105254759], [2.409587305033223, 48.78248922625494], [2.411287538155699, 48.76387977763339], [2.383334629403869, 48.68970940912314], [2.3523541804056833, 48.67639468866699], [2.332043500451718, 48.6693475106473], [2.3129608959702024, 48.65295347339147], [2.3068029676156123, 48.635615525211605], [2.3019573828860596, 48.60664906621052]], [[2.0957859968423524, 49.04673337596684], [2.105230857870794, 49.04530690087292], [2.128124092657316, 49.0341234164973], [2.1545313948758564, 49.01917957374756], [2.1965151756043033, 49.007744118117], [2.2341907839306554, 48.99374640051787], [2.257017857907824, 48.985149200200375], [2.2707541014797794, 48.98049890628609], [2.285777828585351, 48.963658273529425], [2.302388375122374, 48.95382604164122], [2.307982254553742, 48.93282405536431], [2.313901968217972, 48.9206901983449], [2.322694729473372, 48.90456082213364], [2.3159411535514716, 48.894262568309564], [2.2992286819828145, 48.88602700780433], [2.284217509613705, 48.878347804048644], [2.2747712644338454, 48.86985281215763], [2.2722351438875577, 48.86545537297977], [2.274806827480264, 48.856981095562965], [2.279679454187814, 48.85352548506894], [2.2896562493865478, 48.8564765666592], [2.3003592740110994, 48.86247496310803], [2.3126576509104404, 48.8627130056211], [2.326623034830927, 48.860365575927474], [2.344959780029387, 48.853023793740164], [2.367818767583529, 48.84032035638395]], [[2.1965151756043033, 49.007744118117], [2.2341907839306554, 48.99374640051787], [2.257017857907824, 48.985149200200375], [2.2707541014797794, 48.98049890628609], [2.285777828585351, 48.963658273529425], [2.302388375122374, 48.95382604164122], [2.307982254553742, 48.93282405536431], [2.313901968217972, 48.9206901983449], [2.322694729473372, 48.90456082213364], [2.3159411535514716, 48.894262568309564], [2.2992286819828145, 48.88602700780433], [2.284217509613705, 48.878347804048644], [2.2747712644338454, 48.86985281215763], [2.2722351438875577, 48.86545537297977]], [[2.0957859968423524, 49.04673337596684], [2.105230857870794, 49.04530690087292], [2.128124092657316, 49.0341234164973], [2.1545313948758564, 49.01917957374756], [2.1965151756043033, 49.007744118117], [2.2341907839306554, 48.99374640051787], [2.257017857907824, 48.985149200200375], [2.2707541014797794, 48.98049890628609], [2.285777828585351, 48.963658273529425], [2.302388375122374, 48.95382604164122], [2.307982254553742, 48.93282405536431], [2.313901968217972, 48.9206901983449], [2.322694729473372, 48.90456082213364], [2.3159411535514716, 48.894262568309564], [2.2992286819828145, 48.88602700780433], [2.284217509613705, 48.878347804048644], [2.2747712644338454, 48.86985281215763], [2.2722351438875577, 48.86545537297977]], [[2.044615988930814, 48.78748491597792], [2.072712440765476, 48.79877460471833], [2.1349078603373464, 48.79526039893613], [2.17158260741522, 48.800665521455045], [2.1834187943404744, 48.79968116446791], [2.2409419171683633, 48.807552358196936], [2.257883547622023, 48.81933737870203], [2.2640113460455353, 48.83050964570215], [2.2704701876900395, 48.83888336270874], [2.27803679359566, 48.84716158046345], [2.2896562493865478, 48.8564765666592], [2.3003592740110994, 48.86247496310803], [2.3126576509104404, 48.8627130056211], [2.326623034830927, 48.860365575927474], [2.344959780029387, 48.853023793740164], [2.367818767583529, 48.84032035638395], [2.377758552865005, 48.8288801225864], [2.383334629403869, 48.68970940912314], [2.3523541804056833, 48.67639468866699], [2.332043500451718, 48.6693475106473], [2.3129608959702024, 48.65295347339147], [2.3068029676156123, 48.635615525211605], [2.3019573828860596, 48.60664906621052], [2.290908349251896, 48.56564453550255], [2.2900778137432436, 48.53290340283496], [2.255014220399748, 48.520620553497956], [2.2151562718541644, 48.51405318948937], [2.1947692381982216, 48.49387742150091], [2.159819133907717, 48.437062675829104], [2.145258831307165, 48.42748765080825]], [[2.1834187943404744, 48.79968116446791], [2.2409419171683633, 48.807552358196936], [2.257883547622023, 48.81933737870203], [2.2640113460455353, 48.83050964570215], [2.2704701876900395, 48.83888336270874], [2.27803679359566, 48.84716158046345], [2.2896562493865478, 48.8564765666592], [2.3003592740110994, 48.86247496310803], [2.3126576509104404, 48.8627130056211], [2.326623034830927, 48.860365575927474], [2.344959780029387, 48.853023793740164], [2.367818767583529, 48.84032035638395], [2.377758552865005, 48.8288801225864], [2.383334629403869, 48.68970940912314], [2.3019573828860596, 48.60664906621052], [2.290908349251896, 48.56564453550255], [2.2900778137432436, 48.53290340283496], [2.255014220399748, 48.520620553497956], [2.2151562718541644, 48.51405318948937], [2.1947692381982216, 48.49387742150091], [2.159819133907717, 48.437062675829104], [2.145258831307165, 48.42748765080825]], [[2.383334629403869, 48.68970940912314], [2.3019573828860596, 48.60664906621052], [2.290908349251896, 48.56564453550255], [2.2900778137432436, 48.53290340283496], [2.255014220399748, 48.520620553497956], [2.2151562718541644, 48.51405318948937], [2.1947692381982216, 48.49387742150091], [2.159819133907717, 48.437062675829104], [2.145258831307165, 48.42748765080825]], [[2.3126576509104404, 48.8627130056211], [2.326623034830927, 48.860365575927474], [2.344959780029387, 48.853023793740164], [2.367818767583529, 48.84032035638395], [2.377758552865005, 48.8288801225864], [2.383334629403869, 48.68970940912314], [2.3019573828860596, 48.60664906621052], [2.290908349251896, 48.56564453550255], [2.2900778137432436, 48.53290340283496], [2.255014220399748, 48.520620553497956], [2.2151562718541644, 48.51405318948937], [2.1947692381982216, 48.49387742150091], [2.159819133907717, 48.437062675829104], [2.145258831307165, 48.42748765080825]], [[2.3126576509104404, 48.8627130056211], [2.326623034830927, 48.860365575927474], [2.344959780029387, 48.853023793740164], [2.367818767583529, 48.84032035638395], [2.377758552865005, 48.8288801225864], [2.383334629403869, 48.68970940912314], [2.3523541804056833, 48.67639468866699], [2.332043500451718, 48.6693475106473], [2.3129608959702024, 48.65295347339147], [2.3068029676156123, 48.635615525211605], [2.3019573828860596, 48.60664906621052], [2.290908349251896, 48.56564453550255], [2.2900778137432436, 48.53290340283496], [2.255014220399748, 48.520620553497956], [2.2151562718541644, 48.51405318948937], [2.1947692381982216, 48.49387742150091], [2.159819133907717, 48.437062675829104], [2.145258831307165, 48.42748765080825]], [[2.145258831307165, 48.42748765080825], [2.159819133907717, 48.437062675829104], [2.1947692381982216, 48.49387742150091], [2.2151562718541644, 48.51405318948937], [2.255014220399748, 48.520620553497956], [2.2900778137432436, 48.53290340283496], [2.290908349251896, 48.56564453550255], [2.3019573828860596, 48.60664906621052], [2.3068029676156123, 48.635615525211605], [2.3129608959702024, 48.65295347339147], [2.332043500451718, 48.6693475106473], [2.3523541804056833, 48.67639468866699], [2.383334629403869, 48.68970940912314], [2.377758552865005, 48.8288801225864], [2.367818767583529, 48.84032035638395], [2.344959780029387, 48.853023793740164], [2.326623034830927, 48.860365575927474], [2.3126576509104404, 48.8627130056211], [2.3003592740110994, 48.86247496310803], [2.2896562493865478, 48.8564765666592], [2.27803679359566, 48.84716158046345], [2.2704701876900395, 48.83888336270874], [2.2640113460455353, 48.83050964570215], [2.2409419171683633, 48.807552358196936], [2.1834187943404744, 48.79968116446791], [2.17158260741522, 48.800665521455045], [2.1349078603373464, 48.79526039893613], [2.072712440765476, 48.79877460471833], [2.044615988930814, 48.78748491597792]], [[1.996005688002604, 48.53542058733677], [2.008756915662106, 48.53376051220457], [2.069088468619773, 48.535687624993614], [2.1249767315730463, 48.550937745357075], [2.170354257290333, 48.56433413404574], [2.1922487394356454, 48.57760979436327], [2.2234625238542307, 48.582715781664064], [2.2412169696111426, 48.58599680822646], [2.266215906699314, 48.59111916474817], [2.3019573828860596, 48.60664906621052], [2.3068029676156123, 48.635615525211605], [2.3129608959702024, 48.65295347339147], [2.332043500451718, 48.6693475106473], [2.3523541804056833, 48.67639468866699], [2.383334629403869, 48.68970940912314], [2.377758552865005, 48.8288801225864], [2.367818767583529, 48.84032035638395], [2.344959780029387, 48.853023793740164], [2.326623034830927, 48.860365575927474], [2.3126576509104404, 48.8627130056211], [2.3003592740110994, 48.86247496310803], [2.2896562493865478, 48.8564765666592], [2.27803679359566, 48.84716158046345], [2.2704701876900395, 48.83888336270874], [2.2640113460455353, 48.83050964570215], [2.2409419171683633, 48.807552358196936], [2.1834187943404744, 48.79968116446791], [2.17158260741522, 48.800665521455045], [2.1349078603373464, 48.79526039893613], [2.072712440765476, 48.79877460471833], [2.044615988930814, 48.78748491597792]], [[2.008756915662106, 48.53376051220457], [2.069088468619773, 48.535687624993614], [2.1249767315730463, 48.550937745357075], [2.170354257290333, 48.56433413404574], [2.1922487394356454, 48.57760979436327], [2.2234625238542307, 48.582715781664064], [2.2412169696111426, 48.58599680822646], [2.266215906699314, 48.59111916474817], [2.3019573828860596, 48.60664906621052], [2.3068029676156123, 48.635615525211605], [2.3129608959702024, 48.65295347339147], [2.332043500451718, 48.6693475106473], [2.3523541804056833, 48.67639468866699], [2.383334629403869, 48.68970940912314], [2.377758552865005, 48.8288801225864], [2.367818767583529, 48.84032035638395], [2.344959780029387, 48.853023793740164], [2.326623034830927, 48.860365575927474], [2.3126576509104404, 48.8627130056211]], [[1.996005688002604, 48.53542058733677], [2.008756915662106, 48.53376051220457], [2.069088468619773, 48.535687624993614], [2.1249767315730463, 48.550937745357075], [2.170354257290333, 48.56433413404574], [2.1922487394356454, 48.57760979436327], [2.2234625238542307, 48.582715781664064], [2.2412169696111426, 48.58599680822646], [2.266215906699314, 48.59111916474817], [2.3019573828860596, 48.60664906621052], [2.3068029676156123, 48.635615525211605], [2.3129608959702024, 48.65295347339147], [2.332043500451718, 48.6693475106473], [2.3523541804056833, 48.67639468866699], [2.383334629403869, 48.68970940912314], [2.377758552865005, 48.8288801225864], [2.367818767583529, 48.84032035638395], [2.344959780029387, 48.853023793740164], [2.326623034830927, 48.860365575927474], [2.3126576509104404, 48.8627130056211]], [[2.3019573828860596, 48.60664906621052], [2.3068029676156123, 48.635615525211605], [2.3129608959702024, 48.65295347339147], [2.332043500451718, 48.6693475106473], [2.3523541804056833, 48.67639468866699], [2.383334629403869, 48.68970940912314], [2.411287538155699, 48.76387977763339], [2.40269438767449, 48.80028105254759], [2.391677280020743, 48.8139591342409], [2.377758552865005, 48.8288801225864], [2.367818767583529, 48.84032035638395], [2.344959780029387, 48.853023793740164], [2.326623034830927, 48.860365575927474], [2.3126576509104404, 48.8627130056211]], [[2.008756915662106, 48.53376051220457], [2.069088468619773, 48.535687624993614], [2.1249767315730463, 48.550937745357075], [2.170354257290333, 48.56433413404574], [2.1922487394356454, 48.57760979436327], [2.2234625238542307, 48.582715781664064], [2.2412169696111426, 48.58599680822646], [2.266215906699314, 48.59111916474817], [2.3019573828860596, 48.60664906621052], [2.332043500451718, 48.6693475106473], [2.3523541804056833, 48.67639468866699], [2.383334629403869, 48.68970940912314], [2.377758552865005, 48.8288801225864], [2.367818767583529, 48.84032035638395], [2.344959780029387, 48.853023793740164], [2.326623034830927, 48.860365575927474], [2.3126576509104404, 48.8627130056211], [2.3003592740110994, 48.86247496310803], [2.2896562493865478, 48.8564765666592], [2.27803679359566, 48.84716158046345], [2.2704701876900395, 48.83888336270874], [2.2640113460455353, 48.83050964570215], [2.2409419171683633, 48.807552358196936], [2.1834187943404744, 48.79968116446791], [2.17158260741522, 48.800665521455045], [2.1349078603373464, 48.79526039893613], [2.072712440765476, 48.79877460471833], [2.044615988930814, 48.78748491597792]], [[2.383334629403869, 48.68970940912314], [2.403668724287269, 48.71266832171659], [2.4198671478914595, 48.72578126379895], [2.426423645047488, 48.73968685807613], [2.411287538155699, 48.76387977763339], [2.377758552865005, 48.8288801225864], [2.367818767583529, 48.84032035638395], [2.344959780029387, 48.853023793740164], [2.326623034830927, 48.860365575927474], [2.3126576509104404, 48.8627130056211], [2.3003592740110994, 48.86247496310803], [2.2896562493865478, 48.8564765666592], [2.27803679359566, 48.84716158046345], [2.2704701876900395, 48.83888336270874], [2.2640113460455353, 48.83050964570215], [2.2409419171683633, 48.807552358196936], [2.1834187943404744, 48.79968116446791], [2.17158260741522, 48.800665521455045], [2.1349078603373464, 48.79526039893613], [2.072712440765476, 48.79877460471833], [2.044615988930814, 48.78748491597792]], [[2.3019573828860596, 48.60664906621052], [2.3068029676156123, 48.635615525211605], [2.3129608959702024, 48.65295347339147], [2.332043500451718, 48.6693475106473], [2.3523541804056833, 48.67639468866699], [2.383334629403869, 48.68970940912314], [2.411287538155699, 48.76387977763339], [2.409587305033223, 48.78248922625494], [2.40269438767449, 48.80028105254759], [2.391677280020743, 48.8139591342409], [2.377758552865005, 48.8288801225864], [2.367818767583529, 48.84032035638395]], [[2.383334629403869, 48.68970940912314], [2.403668724287269, 48.71266832171659], [2.4198671478914595, 48.72578126379895], [2.426423645047488, 48.73968685807613], [2.411287538155699, 48.76387977763339], [2.409587305033223, 48.78248922625494], [2.377758552865005, 48.8288801225864], [2.367818767583529, 48.84032035638395], [2.344959780029387, 48.853023793740164], [2.326623034830927, 48.860365575927474], [2.3126576509104404, 48.8627130056211], [2.3003592740110994, 48.86247496310803], [2.2896562493865478, 48.8564765666592], [2.27803679359566, 48.84716158046345], [2.2704701876900395, 48.83888336270874], [2.2640113460455353, 48.83050964570215], [2.2409419171683633, 48.807552358196936], [2.1834187943404744, 48.79968116446791], [2.17158260741522, 48.800665521455045], [2.1349078603373464, 48.79526039893613], [2.072712440765476, 48.79877460471833], [2.044615988930814, 48.78748491597792]], [[2.008756915662106, 48.53376051220457], [2.069088468619773, 48.535687624993614], [2.1249767315730463, 48.550937745357075], [2.170354257290333, 48.56433413404574], [2.1922487394356454, 48.57760979436327], [2.2234625238542307, 48.582715781664064], [2.2412169696111426, 48.58599680822646], [2.266215906699314, 48.59111916474817], [2.3019573828860596, 48.60664906621052], [2.332043500451718, 48.6693475106473], [2.3523541804056833, 48.67639468866699], [2.383334629403869, 48.68970940912314], [2.377758552865005, 48.8288801225864], [2.367818767583529, 48.84032035638395], [2.344959780029387, 48.853023793740164], [2.326623034830927, 48.860365575927474], [2.3126576509104404, 48.8627130056211], [2.3003592740110994, 48.86247496310803], [2.2896562493865478, 48.8564765666592], [2.27803679359566, 48.84716158046345], [2.2704701876900395, 48.83888336270874], [2.2640113460455353, 48.83050964570215], [2.2409419171683633, 48.807552358196936], [2.1834187943404744, 48.79968116446791]], [[2.008756915662106, 48.53376051220457], [2.069088468619773, 48.535687624993614], [2.1249767315730463, 48.550937745357075], [2.170354257290333, 48.56433413404574], [2.1922487394356454, 48.57760979436327], [2.2234625238542307, 48.582715781664064], [2.2412169696111426, 48.58599680822646], [2.266215906699314, 48.59111916474817], [2.3019573828860596, 48.60664906621052], [2.3068029676156123, 48.635615525211605], [2.3129608959702024, 48.65295347339147], [2.332043500451718, 48.6693475106473], [2.3523541804056833, 48.67639468866699], [2.383334629403869, 48.68970940912314], [2.377758552865005, 48.8288801225864], [2.367818767583529, 48.84032035638395], [2.344959780029387, 48.853023793740164], [2.326623034830927, 48.860365575927474], [2.3126576509104404, 48.8627130056211], [2.3003592740110994, 48.86247496310803], [2.2896562493865478, 48.8564765666592], [2.27803679359566, 48.84716158046345], [2.2704701876900395, 48.83888336270874], [2.2640113460455353, 48.83050964570215], [2.2409419171683633, 48.807552358196936], [2.1834187943404744, 48.79968116446791]], [[2.3126576509104404, 48.8627130056211], [2.326623034830927, 48.860365575927474], [2.344959780029387, 48.853023793740164], [2.367818767583529, 48.84032035638395], [2.377758552865005, 48.8288801225864], [2.383334629403869, 48.68970940912314], [2.3523541804056833, 48.67639468866699], [2.332043500451718, 48.6693475106473], [2.3129608959702024, 48.65295347339147], [2.3068029676156123, 48.635615525211605], [2.3019573828860596, 48.60664906621052], [2.266215906699314, 48.59111916474817], [2.2412169696111426, 48.58599680822646], [2.2234625238542307, 48.582715781664064], [2.1922487394356454, 48.57760979436327], [2.170354257290333, 48.56433413404574], [2.1249767315730463, 48.550937745357075], [2.069088468619773, 48.535687624993614], [2.008756915662106, 48.53376051220457]], [[2.145258831307165, 48.42748765080825], [2.159819133907717, 48.437062675829104], [2.1947692381982216, 48.49387742150091], [2.2151562718541644, 48.51405318948937], [2.255014220399748, 48.520620553497956], [2.2900778137432436, 48.53290340283496], [2.290908349251896, 48.56564453550255], [2.3019573828860596, 48.60664906621052], [2.383334629403869, 48.68970940912314], [2.377758552865005, 48.8288801225864], [2.367818767583529, 48.84032035638395], [2.344959780029387, 48.853023793740164], [2.326623034830927, 48.860365575927474], [2.3126576509104404, 48.8627130056211], [2.3003592740110994, 48.86247496310803], [2.2896562493865478, 48.8564765666592], [2.27803679359566, 48.84716158046345], [2.2704701876900395, 48.83888336270874], [2.2640113460455353, 48.83050964570215], [2.2409419171683633, 48.807552358196936], [2.1834187943404744, 48.79968116446791], [2.17158260741522, 48.800665521455045], [2.1522340489858127, 48.79654475986442], [2.130150772175517, 48.79991350059487]], [[2.008756915662106, 48.53376051220457], [2.069088468619773, 48.535687624993614], [2.1249767315730463, 48.550937745357075], [2.170354257290333, 48.56433413404574], [2.1922487394356454, 48.57760979436327], [2.2234625238542307, 48.582715781664064], [2.2412169696111426, 48.58599680822646], [2.266215906699314, 48.59111916474817], [2.3019573828860596, 48.60664906621052], [2.3068029676156123, 48.635615525211605], [2.3129608959702024, 48.65295347339147], [2.332043500451718, 48.6693475106473], [2.3523541804056833, 48.67639468866699], [2.383334629403869, 48.68970940912314], [2.377758552865005, 48.8288801225864], [2.367818767583529, 48.84032035638395], [2.344959780029387, 48.853023793740164], [2.326623034830927, 48.860365575927474], [2.3126576509104404, 48.8627130056211], [2.3003592740110994, 48.86247496310803], [2.2896562493865478, 48.8564765666592], [2.279679454187814, 48.85352548506894], [2.274806827480264, 48.856981095562965], [2.2722351438875577, 48.86545537297977], [2.2747712644338454, 48.86985281215763], [2.284217509613705, 48.878347804048644], [2.2992286819828145, 48.88602700780433], [2.3159411535514716, 48.894262568309564], [2.322694729473372, 48.90456082213364], [2.313901968217972, 48.9206901983449], [2.307982254553742, 48.93282405536431], [2.302388375122374, 48.95382604164122], [2.285777828585351, 48.963658273529425], [2.2707541014797794, 48.98049890628609], [2.257017857907824, 48.985149200200375], [2.2341907839306554, 48.99374640051787], [2.1965151756043033, 49.007744118117], [2.1545313948758564, 49.01917957374756], [2.128124092657316, 49.0341234164973], [2.105230857870794, 49.04530690087292], [2.0957859968423524, 49.04673337596684]], [[2.2587677282577334, 48.72551907437078], [2.273978779055319, 48.7349579552114], [2.3126496863919335, 48.747936542587276], [2.3521980873905326, 48.74021613668418], [2.373209854795934, 48.74834625868034], [2.4030548924063897, 48.74163230680523], [2.4174549898851208, 48.74520105223681], [2.411287538155699, 48.76387977763339], [2.409587305033223, 48.78248922625494], [2.40269438767449, 48.80028105254759], [2.391677280020743, 48.8139591342409], [2.377758552865005, 48.8288801225864], [2.367818767583529, 48.84032035638395], [2.344959780029387, 48.853023793740164], [2.326623034830927, 48.860365575927474], [2.3126576509104404, 48.8627130056211], [2.3003592740110994, 48.86247496310803], [2.2896562493865478, 48.8564765666592], [2.279679454187814, 48.85352548506894], [2.274806827480264, 48.856981095562965], [2.2722351438875577, 48.86545537297977], [2.2747712644338454, 48.86985281215763], [2.284217509613705, 48.878347804048644], [2.2992286819828145, 48.88602700780433], [2.3159411535514716, 48.894262568309564], [2.322694729473372, 48.90456082213364], [2.313901968217972, 48.9206901983449], [2.307982254553742, 48.93282405536431], [2.302388375122374, 48.95382604164122], [2.285777828585351, 48.963658273529425], [2.2707541014797794, 48.98049890628609], [2.257017857907824, 48.985149200200375], [2.2341907839306554, 48.99374640051787], [2.1965151756043033, 49.007744118117]], [[2.1965151756043033, 49.007744118117], [2.2341907839306554, 48.99374640051787], [2.257017857907824, 48.985149200200375], [2.2707541014797794, 48.98049890628609], [2.285777828585351, 48.963658273529425], [2.302388375122374, 48.95382604164122], [2.307982254553742, 48.93282405536431], [2.313901968217972, 48.9206901983449], [2.322694729473372, 48.90456082213364], [2.3159411535514716, 48.894262568309564], [2.2992286819828145, 48.88602700780433], [2.284217509613705, 48.878347804048644], [2.2747712644338454, 48.86985281215763], [2.2722351438875577, 48.86545537297977], [2.274806827480264, 48.856981095562965], [2.279679454187814, 48.85352548506894], [2.2896562493865478, 48.8564765666592], [2.3003592740110994, 48.86247496310803], [2.3126576509104404, 48.8627130056211], [2.326623034830927, 48.860365575927474], [2.344959780029387, 48.853023793740164], [2.367818767583529, 48.84032035638395], [2.377758552865005, 48.8288801225864], [2.391677280020743, 48.8139591342409], [2.40269438767449, 48.80028105254759], [2.409587305033223, 48.78248922625494], [2.411287538155699, 48.76387977763339], [2.4174549898851208, 48.74520105223681], [2.4030548924063897, 48.74163230680523], [2.373209854795934, 48.74834625868034], [2.3521980873905326, 48.74021613668418], [2.3126496863919335, 48.747936542587276], [2.273978779055319, 48.7349579552114], [2.2587677282577334, 48.72551907437078]], [[2.0957859968423524, 49.04673337596684], [2.105230857870794, 49.04530690087292], [2.128124092657316, 49.0341234164973], [2.1545313948758564, 49.01917957374756], [2.1965151756043033, 49.007744118117], [2.2341907839306554, 48.99374640051787], [2.257017857907824, 48.985149200200375], [2.2707541014797794, 48.98049890628609], [2.285777828585351, 48.963658273529425], [2.302388375122374, 48.95382604164122], [2.307982254553742, 48.93282405536431], [2.313901968217972, 48.9206901983449], [2.322694729473372, 48.90456082213364], [2.3159411535514716, 48.894262568309564], [2.2992286819828145, 48.88602700780433], [2.284217509613705, 48.878347804048644], [2.2747712644338454, 48.86985281215763], [2.2722351438875577, 48.86545537297977], [2.274806827480264, 48.856981095562965], [2.279679454187814, 48.85352548506894], [2.2896562493865478, 48.8564765666592], [2.3003592740110994, 48.86247496310803], [2.3126576509104404, 48.8627130056211], [2.326623034830927, 48.860365575927474], [2.344959780029387, 48.853023793740164], [2.367818767583529, 48.84032035638395], [2.377758552865005, 48.8288801225864]], [[2.3019573828860596, 48.60664906621052], [2.3068029676156123, 48.635615525211605], [2.3129608959702024, 48.65295347339147], [2.332043500451718, 48.6693475106473], [2.3523541804056833, 48.67639468866699], [2.383334629403869, 48.68970940912314], [2.377758552865005, 48.8288801225864], [2.367818767583529, 48.84032035638395], [2.344959780029387, 48.853023793740164], [2.326623034830927, 48.860365575927474], [2.3126576509104404, 48.8627130056211], [2.3003592740110994, 48.86247496310803], [2.2896562493865478, 48.8564765666592], [2.279679454187814, 48.85352548506894], [2.274806827480264, 48.856981095562965], [2.2722351438875577, 48.86545537297977], [2.2747712644338454, 48.86985281215763], [2.284217509613705, 48.878347804048644], [2.2992286819828145, 48.88602700780433], [2.3159411535514716, 48.894262568309564], [2.322694729473372, 48.90456082213364], [2.313901968217972, 48.9206901983449], [2.307982254553742, 48.93282405536431], [2.302388375122374, 48.95382604164122], [2.285777828585351, 48.963658273529425], [2.2707541014797794, 48.98049890628609], [2.257017857907824, 48.985149200200375], [2.2341907839306554, 48.99374640051787], [2.1965151756043033, 49.007744118117], [2.1545313948758564, 49.01917957374756], [2.128124092657316, 49.0341234164973], [2.105230857870794, 49.04530690087292], [2.0957859968423524, 49.04673337596684]], [[2.3019573828860596, 48.60664906621052], [2.3068029676156123, 48.635615525211605], [2.3129608959702024, 48.65295347339147], [2.332043500451718, 48.6693475106473], [2.3523541804056833, 48.67639468866699], [2.383334629403869, 48.68970940912314], [2.411287538155699, 48.76387977763339], [2.40269438767449, 48.80028105254759], [2.391677280020743, 48.8139591342409], [2.377758552865005, 48.8288801225864], [2.367818767583529, 48.84032035638395], [2.344959780029387, 48.853023793740164], [2.326623034830927, 48.860365575927474], [2.3126576509104404, 48.8627130056211], [2.3003592740110994, 48.86247496310803], [2.2896562493865478, 48.8564765666592], [2.279679454187814, 48.85352548506894], [2.274806827480264, 48.856981095562965], [2.2722351438875577, 48.86545537297977], [2.2747712644338454, 48.86985281215763], [2.284217509613705, 48.878347804048644], [2.2992286819828145, 48.88602700780433], [2.3159411535514716, 48.894262568309564], [2.322694729473372, 48.90456082213364], [2.313901968217972, 48.9206901983449], [2.307982254553742, 48.93282405536431], [2.302388375122374, 48.95382604164122], [2.285777828585351, 48.963658273529425], [2.2707541014797794, 48.98049890628609], [2.257017857907824, 48.985149200200375], [2.2341907839306554, 48.99374640051787], [2.1965151756043033, 49.007744118117], [2.1545313948758564, 49.01917957374756], [2.128124092657316, 49.0341234164973], [2.105230857870794, 49.04530690087292], [2.0957859968423524, 49.04673337596684]], [[2.383334629403869, 48.68970940912314], [2.403668724287269, 48.71266832171659], [2.4198671478914595, 48.72578126379895], [2.426423645047488, 48.73968685807613], [2.411287538155699, 48.76387977763339], [2.409587305033223, 48.78248922625494], [2.377758552865005, 48.8288801225864], [2.367818767583529, 48.84032035638395], [2.344959780029387, 48.853023793740164], [2.326623034830927, 48.860365575927474], [2.3126576509104404, 48.8627130056211], [2.3003592740110994, 48.86247496310803], [2.2896562493865478, 48.8564765666592], [2.279679454187814, 48.85352548506894], [2.274806827480264, 48.856981095562965], [2.2722351438875577, 48.86545537297977], [2.2747712644338454, 48.86985281215763], [2.284217509613705, 48.878347804048644], [2.2992286819828145, 48.88602700780433], [2.3159411535514716, 48.894262568309564], [2.322694729473372, 48.90456082213364], [2.313901968217972, 48.9206901983449], [2.307982254553742, 48.93282405536431], [2.302388375122374, 48.95382604164122], [2.285777828585351, 48.963658273529425], [2.2707541014797794, 48.98049890628609], [2.257017857907824, 48.985149200200375], [2.2341907839306554, 48.99374640051787], [2.1965151756043033, 49.007744118117], [2.1545313948758564, 49.01917957374756], [2.128124092657316, 49.0341234164973], [2.105230857870794, 49.04530690087292], [2.0957859968423524, 49.04673337596684]], [[2.367818767583529, 48.84032035638395], [2.377758552865005, 48.8288801225864], [2.383334629403869, 48.68970940912314], [2.3523541804056833, 48.67639468866699], [2.332043500451718, 48.6693475106473], [2.3129608959702024, 48.65295347339147], [2.3068029676156123, 48.635615525211605], [2.3019573828860596, 48.60664906621052], [2.290908349251896, 48.56564453550255], [2.2900778137432436, 48.53290340283496], [2.255014220399748, 48.520620553497956], [2.2151562718541644, 48.51405318948937], [2.1947692381982216, 48.49387742150091], [2.159819133907717, 48.437062675829104], [2.145258831307165, 48.42748765080825]], [[2.145258831307165, 48.42748765080825], [2.159819133907717, 48.437062675829104], [2.1947692381982216, 48.49387742150091], [2.2151562718541644, 48.51405318948937], [2.255014220399748, 48.520620553497956], [2.2900778137432436, 48.53290340283496], [2.290908349251896, 48.56564453550255], [2.3019573828860596, 48.60664906621052], [2.383334629403869, 48.68970940912314], [2.377758552865005, 48.8288801225864], [2.367818767583529, 48.84032035638395], [2.344959780029387, 48.853023793740164], [2.326623034830927, 48.860365575927474], [2.3126576509104404, 48.8627130056211], [2.3003592740110994, 48.86247496310803], [2.2896562493865478, 48.8564765666592], [2.27803679359566, 48.84716158046345], [2.2704701876900395, 48.83888336270874], [2.2640113460455353, 48.83050964570215], [2.2409419171683633, 48.807552358196936], [2.1834187943404744, 48.79968116446791], [2.17158260741522, 48.800665521455045], [2.1349078603373464, 48.79526039893613], [2.072712440765476, 48.79877460471833], [2.044615988930814, 48.78748491597792]], [[2.044615988930814, 48.78748491597792], [2.072712440765476, 48.79877460471833], [2.1349078603373464, 48.79526039893613], [2.17158260741522, 48.800665521455045], [2.1834187943404744, 48.79968116446791], [2.2409419171683633, 48.807552358196936], [2.257883547622023, 48.81933737870203], [2.2640113460455353, 48.83050964570215], [2.2704701876900395, 48.83888336270874], [2.27803679359566, 48.84716158046345], [2.2896562493865478, 48.8564765666592], [2.3003592740110994, 48.86247496310803], [2.3126576509104404, 48.8627130056211], [2.326623034830927, 48.860365575927474], [2.344959780029387, 48.853023793740164], [2.367818767583529, 48.84032035638395]], [[2.3126576509104404, 48.8627130056211], [2.326623034830927, 48.860365575927474], [2.344959780029387, 48.853023793740164], [2.367818767583529, 48.84032035638395], [2.377758552865005, 48.8288801225864], [2.383334629403869, 48.68970940912314], [2.3523541804056833, 48.67639468866699], [2.332043500451718, 48.6693475106473], [2.3129608959702024, 48.65295347339147], [2.3068029676156123, 48.635615525211605], [2.3019573828860596, 48.60664906621052]], [[2.367818767583529, 48.84032035638395], [2.377758552865005, 48.8288801225864], [2.383334629403869, 48.68970940912314], [2.3523541804056833, 48.67639468866699], [2.332043500451718, 48.6693475106473], [2.3129608959702024, 48.65295347339147], [2.3068029676156123, 48.635615525211605], [2.3019573828860596, 48.60664906621052]], [[2.044615988930814, 48.78748491597792], [2.072712440765476, 48.79877460471833], [2.1349078603373464, 48.79526039893613], [2.17158260741522, 48.800665521455045], [2.1834187943404744, 48.79968116446791], [2.2409419171683633, 48.807552358196936], [2.257883547622023, 48.81933737870203], [2.2640113460455353, 48.83050964570215], [2.2704701876900395, 48.83888336270874], [2.27803679359566, 48.84716158046345], [2.2896562493865478, 48.8564765666592], [2.3003592740110994, 48.86247496310803], [2.3126576509104404, 48.8627130056211], [2.326623034830927, 48.860365575927474], [2.344959780029387, 48.853023793740164], [2.367818767583529, 48.84032035638395], [2.377758552865005, 48.8288801225864], [2.383334629403869, 48.68970940912314], [2.3019573828860596, 48.60664906621052], [2.266215906699314, 48.59111916474817], [2.2412169696111426, 48.58599680822646], [2.2234625238542307, 48.582715781664064], [2.1922487394356454, 48.57760979436327], [2.170354257290333, 48.56433413404574], [2.1249767315730463, 48.550937745357075], [2.069088468619773, 48.535687624993614], [2.008756915662106, 48.53376051220457]], [[2.3126576509104404, 48.8627130056211], [2.326623034830927, 48.860365575927474], [2.344959780029387, 48.853023793740164], [2.367818767583529, 48.84032035638395], [2.377758552865005, 48.8288801225864], [2.383334629403869, 48.68970940912314], [2.3523541804056833, 48.67639468866699], [2.332043500451718, 48.6693475106473], [2.3129608959702024, 48.65295347339147], [2.3068029676156123, 48.635615525211605], [2.3019573828860596, 48.60664906621052], [2.266215906699314, 48.59111916474817], [2.2412169696111426, 48.58599680822646], [2.2234625238542307, 48.582715781664064], [2.1922487394356454, 48.57760979436327], [2.170354257290333, 48.56433413404574], [2.1249767315730463, 48.550937745357075], [2.069088468619773, 48.535687624993614], [2.008756915662106, 48.53376051220457], [1.996005688002604, 48.53542058733677]], [[2.1834187943404744, 48.79968116446791], [2.2409419171683633, 48.807552358196936], [2.257883547622023, 48.81933737870203], [2.2640113460455353, 48.83050964570215], [2.2704701876900395, 48.83888336270874], [2.27803679359566, 48.84716158046345], [2.2896562493865478, 48.8564765666592], [2.3003592740110994, 48.86247496310803], [2.3126576509104404, 48.8627130056211], [2.326623034830927, 48.860365575927474], [2.344959780029387, 48.853023793740164], [2.367818767583529, 48.84032035638395], [2.377758552865005, 48.8288801225864]], [[2.044615988930814, 48.78748491597792], [2.072712440765476, 48.79877460471833], [2.1349078603373464, 48.79526039893613], [2.17158260741522, 48.800665521455045], [2.1834187943404744, 48.79968116446791], [2.2409419171683633, 48.807552358196936], [2.257883547622023, 48.81933737870203], [2.2640113460455353, 48.83050964570215], [2.2704701876900395, 48.83888336270874], [2.27803679359566, 48.84716158046345], [2.2896562493865478, 48.8564765666592], [2.3003592740110994, 48.86247496310803], [2.3126576509104404, 48.8627130056211], [2.326623034830927, 48.860365575927474], [2.344959780029387, 48.853023793740164], [2.367818767583529, 48.84032035638395], [2.377758552865005, 48.8288801225864], [2.383334629403869, 48.68970940912314], [2.3523541804056833, 48.67639468866699], [2.332043500451718, 48.6693475106473], [2.3129608959702024, 48.65295347339147], [2.3068029676156123, 48.635615525211605], [2.3019573828860596, 48.60664906621052], [2.266215906699314, 48.59111916474817], [2.2412169696111426, 48.58599680822646], [2.2234625238542307, 48.582715781664064], [2.1922487394356454, 48.57760979436327], [2.170354257290333, 48.56433413404574], [2.1249767315730463, 48.550937745357075], [2.069088468619773, 48.535687624993614], [2.008756915662106, 48.53376051220457], [1.996005688002604, 48.53542058733677]], [[2.377758552865005, 48.8288801225864], [2.367818767583529, 48.84032035638395], [2.344959780029387, 48.853023793740164], [2.326623034830927, 48.860365575927474], [2.3126576509104404, 48.8627130056211], [2.3003592740110994, 48.86247496310803], [2.2896562493865478, 48.8564765666592], [2.27803679359566, 48.84716158046345], [2.2704701876900395, 48.83888336270874], [2.2640113460455353, 48.83050964570215], [2.2409419171683633, 48.807552358196936], [2.1834187943404744, 48.79968116446791]], [[2.130150772175517, 48.79991350059487], [2.1522340489858127, 48.79654475986442], [2.17158260741522, 48.800665521455045], [2.1834187943404744, 48.79968116446791], [2.2409419171683633, 48.807552358196936], [2.257883547622023, 48.81933737870203], [2.2640113460455353, 48.83050964570215], [2.2704701876900395, 48.83888336270874], [2.27803679359566, 48.84716158046345], [2.2896562493865478, 48.8564765666592], [2.3003592740110994, 48.86247496310803], [2.3126576509104404, 48.8627130056211], [2.326623034830927, 48.860365575927474], [2.344959780029387, 48.853023793740164], [2.367818767583529, 48.84032035638395], [2.377758552865005, 48.8288801225864], [2.411287538155699, 48.76387977763339], [2.426423645047488, 48.73968685807613], [2.4198671478914595, 48.72578126379895], [2.403668724287269, 48.71266832171659], [2.383334629403869, 48.68970940912314]], [[2.130150772175517, 48.79991350059487], [2.1522340489858127, 48.79654475986442], [2.17158260741522, 48.800665521455045], [2.1834187943404744, 48.79968116446791], [2.2409419171683633, 48.807552358196936], [2.257883547622023, 48.81933737870203], [2.2640113460455353, 48.83050964570215], [2.2704701876900395, 48.83888336270874], [2.27803679359566, 48.84716158046345]], [[2.377758552865005, 48.8288801225864], [2.367818767583529, 48.84032035638395], [2.344959780029387, 48.853023793740164], [2.326623034830927, 48.860365575927474], [2.3126576509104404, 48.8627130056211], [2.3003592740110994, 48.86247496310803], [2.2896562493865478, 48.8564765666592], [2.279679454187814, 48.85352548506894], [2.274806827480264, 48.856981095562965], [2.2722351438875577, 48.86545537297977], [2.2747712644338454, 48.86985281215763], [2.284217509613705, 48.878347804048644], [2.2992286819828145, 48.88602700780433], [2.3159411535514716, 48.894262568309564], [2.322694729473372, 48.90456082213364], [2.313901968217972, 48.9206901983449], [2.307982254553742, 48.93282405536431], [2.302388375122374, 48.95382604164122], [2.285777828585351, 48.963658273529425], [2.2707541014797794, 48.98049890628609], [2.257017857907824, 48.985149200200375], [2.2341907839306554, 48.99374640051787], [2.1965151756043033, 49.007744118117]], [[2.008756915662106, 48.53376051220457], [2.069088468619773, 48.535687624993614], [2.1249767315730463, 48.550937745357075], [2.170354257290333, 48.56433413404574], [2.1922487394356454, 48.57760979436327], [2.2234625238542307, 48.582715781664064], [2.2412169696111426, 48.58599680822646], [2.266215906699314, 48.59111916474817], [2.3019573828860596, 48.60664906621052], [2.3068029676156123, 48.635615525211605], [2.3129608959702024, 48.65295347339147], [2.332043500451718, 48.6693475106473], [2.3523541804056833, 48.67639468866699], [2.383334629403869, 48.68970940912314], [2.377758552865005, 48.8288801225864], [2.367818767583529, 48.84032035638395]], [[2.367818767583529, 48.84032035638395], [2.377758552865005, 48.8288801225864], [2.383334629403869, 48.68970940912314], [2.3523541804056833, 48.67639468866699], [2.332043500451718, 48.6693475106473], [2.3129608959702024, 48.65295347339147], [2.3068029676156123, 48.635615525211605], [2.3019573828860596, 48.60664906621052], [2.266215906699314, 48.59111916474817], [2.2412169696111426, 48.58599680822646], [2.2234625238542307, 48.582715781664064], [2.1922487394356454, 48.57760979436327], [2.170354257290333, 48.56433413404574], [2.1249767315730463, 48.550937745357075], [2.069088468619773, 48.535687624993614], [2.008756915662106, 48.53376051220457]], [[2.145258831307165, 48.42748765080825], [2.159819133907717, 48.437062675829104], [2.1947692381982216, 48.49387742150091], [2.2151562718541644, 48.51405318948937], [2.255014220399748, 48.520620553497956], [2.2900778137432436, 48.53290340283496], [2.290908349251896, 48.56564453550255], [2.3019573828860596, 48.60664906621052], [2.3068029676156123, 48.635615525211605], [2.3129608959702024, 48.65295347339147], [2.332043500451718, 48.6693475106473], [2.3523541804056833, 48.67639468866699], [2.383334629403869, 48.68970940912314], [2.377758552865005, 48.8288801225864], [2.367818767583529, 48.84032035638395]], [[2.3019573828860596, 48.60664906621052], [2.3068029676156123, 48.635615525211605], [2.3129608959702024, 48.65295347339147], [2.332043500451718, 48.6693475106473], [2.3523541804056833, 48.67639468866699], [2.383334629403869, 48.68970940912314], [2.377758552865005, 48.8288801225864], [2.367818767583529, 48.84032035638395], [2.344959780029387, 48.853023793740164], [2.326623034830927, 48.860365575927474], [2.3126576509104404, 48.8627130056211]], [[2.383334629403869, 48.68970940912314], [2.403668724287269, 48.71266832171659], [2.4198671478914595, 48.72578126379895], [2.426423645047488, 48.73968685807613], [2.411287538155699, 48.76387977763339], [2.377758552865005, 48.8288801225864], [2.367818767583529, 48.84032035638395], [2.344959780029387, 48.853023793740164], [2.326623034830927, 48.860365575927474], [2.3126576509104404, 48.8627130056211], [2.3003592740110994, 48.86247496310803], [2.2896562493865478, 48.8564765666592], [2.27803679359566, 48.84716158046345], [2.2704701876900395, 48.83888336270874], [2.2640113460455353, 48.83050964570215], [2.2409419171683633, 48.807552358196936], [2.1834187943404744, 48.79968116446791], [2.17158260741522, 48.800665521455045], [2.1522340489858127, 48.79654475986442], [2.130150772175517, 48.79991350059487]], [[2.3126576509104404, 48.8627130056211], [2.326623034830927, 48.860365575927474], [2.344959780029387, 48.853023793740164], [2.367818767583529, 48.84032035638395], [2.377758552865005, 48.8288801225864], [2.391677280020743, 48.8139591342409], [2.40269438767449, 48.80028105254759], [2.409587305033223, 48.78248922625494], [2.411287538155699, 48.76387977763339], [2.383334629403869, 48.68970940912314], [2.3523541804056833, 48.67639468866699], [2.332043500451718, 48.6693475106473], [2.3129608959702024, 48.65295347339147], [2.3068029676156123, 48.635615525211605], [2.3019573828860596, 48.60664906621052]], [[2.0957859968423524, 49.04673337596684], [2.105230857870794, 49.04530690087292], [2.128124092657316, 49.0341234164973], [2.1545313948758564, 49.01917957374756], [2.1965151756043033, 49.007744118117], [2.2341907839306554, 48.99374640051787], [2.257017857907824, 48.985149200200375], [2.2707541014797794, 48.98049890628609], [2.285777828585351, 48.963658273529425], [2.302388375122374, 48.95382604164122], [2.307982254553742, 48.93282405536431], [2.313901968217972, 48.9206901983449], [2.322694729473372, 48.90456082213364], [2.3159411535514716, 48.894262568309564], [2.2992286819828145, 48.88602700780433], [2.284217509613705, 48.878347804048644], [2.2747712644338454, 48.86985281215763], [2.2722351438875577, 48.86545537297977], [2.274806827480264, 48.856981095562965], [2.279679454187814, 48.85352548506894], [2.2896562493865478, 48.8564765666592], [2.3003592740110994, 48.86247496310803], [2.3126576509104404, 48.8627130056211], [2.326623034830927, 48.860365575927474], [2.344959780029387, 48.853023793740164], [2.367818767583529, 48.84032035638395], [2.377758552865005, 48.8288801225864], [2.391677280020743, 48.8139591342409]], [[2.2722351438875577, 48.86545537297977], [2.2747712644338454, 48.86985281215763], [2.284217509613705, 48.878347804048644], [2.2992286819828145, 48.88602700780433], [2.3159411535514716, 48.894262568309564], [2.322694729473372, 48.90456082213364], [2.313901968217972, 48.9206901983449], [2.307982254553742, 48.93282405536431], [2.302388375122374, 48.95382604164122], [2.285777828585351, 48.963658273529425], [2.2707541014797794, 48.98049890628609], [2.257017857907824, 48.985149200200375], [2.2341907839306554, 48.99374640051787], [2.1965151756043033, 49.007744118117]], [[2.377758552865005, 48.8288801225864], [2.391677280020743, 48.8139591342409], [2.40269438767449, 48.80028105254759], [2.409587305033223, 48.78248922625494], [2.411287538155699, 48.76387977763339], [2.383334629403869, 48.68970940912314], [2.3523541804056833, 48.67639468866699], [2.332043500451718, 48.6693475106473], [2.3129608959702024, 48.65295347339147], [2.3068029676156123, 48.635615525211605], [2.3019573828860596, 48.60664906621052]], [[2.326623034830927, 48.860365575927474], [2.344959780029387, 48.853023793740164], [2.367818767583529, 48.84032035638395], [2.377758552865005, 48.8288801225864], [2.383334629403869, 48.68970940912314]], [[2.383334629403869, 48.68970940912314], [2.377758552865005, 48.8288801225864], [2.367818767583529, 48.84032035638395], [2.344959780029387, 48.853023793740164], [2.326623034830927, 48.860365575927474]], [[2.367818767583529, 48.84032035638395], [2.377758552865005, 48.8288801225864], [2.383334629403869, 48.68970940912314]], [[2.383334629403869, 48.68970940912314], [2.377758552865005, 48.8288801225864], [2.367818767583529, 48.84032035638395]]], "type": "MultiLineString"}, "properties": {"route_id": "IDFM:C01727", "route_short_name": "C", "route_long_name": "C", "route_type": "Rail", "route_color": "FFCC30", "route_url": null, "id_ilico": "C01727", "operatorname": "SNCF", "networkname": "RER", "url": "https://www.transilien.com/fr/page-lignes/ligne-c", "long_name_first": "C", "geo_point_2d": {"lon": 2.2753366743180266, "lat": 48.74080074406105}}}, {"type": "Feature", "geometry": {"coordinates": [[[2.011579068023536, 49.04823262405815], [2.0345219282999176, 49.049642166828754], [2.0797809490013073, 49.036306683133965], [2.078348820578231, 49.01374275942672], [2.0746499245710193, 48.991156287258484], [2.0777265246565433, 48.970643570814424], [2.1446722659338855, 48.94574060746957], [2.1572200388507317, 48.93769529363442], [2.1851757042018707, 48.92034757911033], [2.2229862429913676, 48.895886773064674], [2.238418596250407, 48.892229801568206], [2.295231447641207, 48.874172759565376], [2.3296591495793595, 48.872348840718196], [2.34697651043533, 48.86174503191322], [2.376365660931201, 48.84340211646564], [2.3959444654495297, 48.84823319072756], [2.4325836014183, 48.84734683460296], [2.4890536307751616, 48.85424654032024], [2.5145898211367705, 48.85252451313788], [2.525670945020106, 48.845137476280854], [2.550026754158765, 48.84088525041221], [2.580103342831972, 48.84289619599068], [2.616660606000051, 48.84351408493866], [2.633026934567703, 48.839255049438655], [2.655169106193295, 48.83971015133779]], [[2.011579068023536, 49.04823262405815], [2.0345219282999176, 49.049642166828754], [2.0797809490013073, 49.036306683133965], [2.078348820578231, 49.01374275942672], [2.0746499245710193, 48.991156287258484], [2.0777265246565433, 48.970643570814424], [2.1446722659338855, 48.94574060746957], [2.1572200388507317, 48.93769529363442], [2.1851757042018707, 48.92034757911033], [2.2229862429913676, 48.895886773064674], [2.238418596250407, 48.892229801568206], [2.295231447641207, 48.874172759565376], [2.3296591495793595, 48.872348840718196], [2.34697651043533, 48.86174503191322], [2.376365660931201, 48.84340211646564], [2.3959444654495297, 48.84823319072756], [2.4325836014183, 48.84734683460296], [2.4890536307751616, 48.85424654032024], [2.5145898211367705, 48.85252451313788], [2.525670945020106, 48.845137476280854], [2.550026754158765, 48.84088525041221], [2.580103342831972, 48.84289619599068], [2.616660606000051, 48.84351408493866], [2.633026934567703, 48.839255049438655], [2.655169106193295, 48.83971015133779], [2.7103828395096956, 48.83671337078136], [2.7724268942340276, 48.85484622851565], [2.7824826512673546, 48.86979506673141]], [[2.2229862429913676, 48.895886773064674], [2.238418596250407, 48.892229801568206], [2.295231447641207, 48.874172759565376], [2.3296591495793595, 48.872348840718196], [2.34697651043533, 48.86174503191322], [2.376365660931201, 48.84340211646564], [2.3959444654495297, 48.84823319072756], [2.4325836014183, 48.84734683460296], [2.4890536307751616, 48.85424654032024], [2.5145898211367705, 48.85252451313788], [2.525670945020106, 48.845137476280854], [2.550026754158765, 48.84088525041221], [2.580103342831972, 48.84289619599068], [2.616660606000051, 48.84351408493866], [2.633026934567703, 48.839255049438655], [2.655169106193295, 48.83971015133779], [2.7103828395096956, 48.83671337078136], [2.7724268942340276, 48.85484622851565], [2.7824826512673546, 48.86979506673141]], [[2.7824826512673546, 48.86979506673141], [2.7724268942340276, 48.85484622851565], [2.7103828395096956, 48.83671337078136], [2.655169106193295, 48.83971015133779], [2.633026934567703, 48.839255049438655], [2.616660606000051, 48.84351408493866], [2.580103342831972, 48.84289619599068], [2.550026754158765, 48.84088525041221], [2.525670945020106, 48.845137476280854], [2.5145898211367705, 48.85252451313788], [2.4890536307751616, 48.85424654032024], [2.4325836014183, 48.84734683460296], [2.3959444654495297, 48.84823319072756], [2.376365660931201, 48.84340211646564], [2.34697651043533, 48.86174503191322], [2.3296591495793595, 48.872348840718196], [2.295231447641207, 48.874172759565376], [2.238418596250407, 48.892229801568206]], [[2.040804469960689, 48.93324983956547], [2.0936529195192275, 48.95541092942684], [2.1446722659338855, 48.94574060746957], [2.1572200388507317, 48.93769529363442], [2.1851757042018707, 48.92034757911033], [2.2229862429913676, 48.895886773064674], [2.238418596250407, 48.892229801568206], [2.295231447641207, 48.874172759565376], [2.3296591495793595, 48.872348840718196], [2.34697651043533, 48.86174503191322], [2.376365660931201, 48.84340211646564], [2.3959444654495297, 48.84823319072756], [2.4325836014183, 48.84734683460296], [2.4890536307751616, 48.85424654032024], [2.5145898211367705, 48.85252451313788], [2.525670945020106, 48.845137476280854], [2.550026754158765, 48.84088525041221], [2.580103342831972, 48.84289619599068], [2.616660606000051, 48.84351408493866], [2.633026934567703, 48.839255049438655], [2.655169106193295, 48.83971015133779]], [[2.504498176690716, 48.752267307821874], [2.5074994611650823, 48.77206393780998], [2.5132322873015256, 48.79532749459459], [2.510538043646919, 48.80682309456137], [2.486623744135692, 48.8054097518155], [2.4729094308778183, 48.80619648110731], [2.4638739495546496, 48.82119737360793], [2.471683791180998, 48.834306538503405], [2.463537806527943, 48.8437885964859], [2.4325836014183, 48.84734683460296], [2.3959444654495297, 48.84823319072756], [2.376365660931201, 48.84340211646564], [2.34697651043533, 48.86174503191322], [2.3296591495793595, 48.872348840718196], [2.295231447641207, 48.874172759565376], [2.238418596250407, 48.892229801568206], [2.2229862429913676, 48.895886773064674], [2.213536495127317, 48.90112974604822], [2.19511769490499, 48.89501972616058], [2.172366417897185, 48.88767250064626], [2.1559376624708975, 48.88519702561107], [2.1343339900216813, 48.89013759185911], [2.122132232303764, 48.89794951079969], [2.095041912326374, 48.898745300550765]], [[2.011579068023536, 49.04823262405815], [2.0345219282999176, 49.049642166828754], [2.0797809490013073, 49.036306683133965], [2.078348820578231, 49.01374275942672], [2.0746499245710193, 48.991156287258484], [2.0777265246565433, 48.970643570814424], [2.040804469960689, 48.93324983956547]], [[2.2229862429913676, 48.895886773064674], [2.295231447641207, 48.874172759565376], [2.3296591495793595, 48.872348840718196], [2.34697651043533, 48.86174503191322], [2.376365660931201, 48.84340211646564], [2.3959444654495297, 48.84823319072756], [2.4325836014183, 48.84734683460296], [2.4890536307751616, 48.85424654032024], [2.5145898211367705, 48.85252451313788], [2.525670945020106, 48.845137476280854], [2.550026754158765, 48.84088525041221], [2.580103342831972, 48.84289619599068], [2.616660606000051, 48.84351408493866], [2.633026934567703, 48.839255049438655], [2.655169106193295, 48.83971015133779], [2.7103828395096956, 48.83671337078136], [2.7724268942340276, 48.85484622851565], [2.7824826512673546, 48.86979506673141]], [[2.7824826512673546, 48.86979506673141], [2.7724268942340276, 48.85484622851565], [2.7103828395096956, 48.83671337078136], [2.655169106193295, 48.83971015133779], [2.633026934567703, 48.839255049438655], [2.616660606000051, 48.84351408493866], [2.580103342831972, 48.84289619599068], [2.550026754158765, 48.84088525041221], [2.525670945020106, 48.845137476280854], [2.5145898211367705, 48.85252451313788], [2.4890536307751616, 48.85424654032024], [2.4325836014183, 48.84734683460296], [2.3959444654495297, 48.84823319072756], [2.376365660931201, 48.84340211646564], [2.34697651043533, 48.86174503191322], [2.3296591495793595, 48.872348840718196], [2.295231447641207, 48.874172759565376], [2.238418596250407, 48.892229801568206], [2.2229862429913676, 48.895886773064674], [2.1851757042018707, 48.92034757911033], [2.1572200388507317, 48.93769529363442], [2.1446722659338855, 48.94574060746957], [2.0936529195192275, 48.95541092942684], [2.040804469960689, 48.93324983956547]], [[2.040804469960689, 48.93324983956547], [2.0936529195192275, 48.95541092942684], [2.1446722659338855, 48.94574060746957], [2.1572200388507317, 48.93769529363442], [2.1851757042018707, 48.92034757911033], [2.2229862429913676, 48.895886773064674], [2.238418596250407, 48.892229801568206], [2.295231447641207, 48.874172759565376], [2.3296591495793595, 48.872348840718196], [2.34697651043533, 48.86174503191322], [2.376365660931201, 48.84340211646564], [2.3959444654495297, 48.84823319072756], [2.4325836014183, 48.84734683460296], [2.4890536307751616, 48.85424654032024], [2.5145898211367705, 48.85252451313788], [2.525670945020106, 48.845137476280854], [2.550026754158765, 48.84088525041221], [2.580103342831972, 48.84289619599068], [2.616660606000051, 48.84351408493866], [2.633026934567703, 48.839255049438655], [2.655169106193295, 48.83971015133779], [2.7103828395096956, 48.83671337078136], [2.7724268942340276, 48.85484622851565], [2.7824826512673546, 48.86979506673141]], [[2.040804469960689, 48.93324983956547], [2.0777265246565433, 48.970643570814424], [2.0746499245710193, 48.991156287258484], [2.078348820578231, 49.01374275942672], [2.0797809490013073, 49.036306683133965], [2.0345219282999176, 49.049642166828754], [2.011579068023536, 49.04823262405815]], [[2.7824826512673546, 48.86979506673141], [2.7724268942340276, 48.85484622851565], [2.7103828395096956, 48.83671337078136], [2.655169106193295, 48.83971015133779], [2.633026934567703, 48.839255049438655], [2.616660606000051, 48.84351408493866], [2.580103342831972, 48.84289619599068], [2.550026754158765, 48.84088525041221], [2.525670945020106, 48.845137476280854], [2.5145898211367705, 48.85252451313788], [2.4890536307751616, 48.85424654032024], [2.4325836014183, 48.84734683460296], [2.3959444654495297, 48.84823319072756], [2.376365660931201, 48.84340211646564], [2.34697651043533, 48.86174503191322], [2.3296591495793595, 48.872348840718196], [2.295231447641207, 48.874172759565376], [2.238418596250407, 48.892229801568206], [2.2229862429913676, 48.895886773064674], [2.1851757042018707, 48.92034757911033], [2.1572200388507317, 48.93769529363442], [2.1446722659338855, 48.94574060746957], [2.0777265246565433, 48.970643570814424], [2.0746499245710193, 48.991156287258484], [2.078348820578231, 49.01374275942672], [2.0797809490013073, 49.036306683133965], [2.0345219282999176, 49.049642166828754], [2.011579068023536, 49.04823262405815]], [[2.7824826512673546, 48.86979506673141], [2.7724268942340276, 48.85484622851565], [2.655169106193295, 48.83971015133779], [2.633026934567703, 48.839255049438655], [2.580103342831972, 48.84289619599068], [2.550026754158765, 48.84088525041221], [2.525670945020106, 48.845137476280854], [2.5145898211367705, 48.85252451313788], [2.4890536307751616, 48.85424654032024], [2.4325836014183, 48.84734683460296], [2.3959444654495297, 48.84823319072756], [2.376365660931201, 48.84340211646564], [2.34697651043533, 48.86174503191322], [2.3296591495793595, 48.872348840718196], [2.295231447641207, 48.874172759565376], [2.238418596250407, 48.892229801568206], [2.2229862429913676, 48.895886773064674], [2.213536495127317, 48.90112974604822], [2.19511769490499, 48.89501972616058], [2.172366417897185, 48.88767250064626], [2.1559376624708975, 48.88519702561107], [2.1343339900216813, 48.89013759185911], [2.122132232303764, 48.89794951079969], [2.095041912326374, 48.898745300550765]], [[2.7824826512673546, 48.86979506673141], [2.7724268942340276, 48.85484622851565], [2.7103828395096956, 48.83671337078136], [2.655169106193295, 48.83971015133779], [2.633026934567703, 48.839255049438655], [2.616660606000051, 48.84351408493866], [2.580103342831972, 48.84289619599068], [2.550026754158765, 48.84088525041221], [2.525670945020106, 48.845137476280854], [2.5145898211367705, 48.85252451313788], [2.4890536307751616, 48.85424654032024], [2.4325836014183, 48.84734683460296], [2.3959444654495297, 48.84823319072756], [2.376365660931201, 48.84340211646564], [2.34697651043533, 48.86174503191322], [2.3296591495793595, 48.872348840718196], [2.295231447641207, 48.874172759565376], [2.238418596250407, 48.892229801568206], [2.2229862429913676, 48.895886773064674], [2.213536495127317, 48.90112974604822], [2.19511769490499, 48.89501972616058], [2.172366417897185, 48.88767250064626], [2.1559376624708975, 48.88519702561107], [2.1343339900216813, 48.89013759185911], [2.122132232303764, 48.89794951079969], [2.095041912326374, 48.898745300550765]], [[2.095041912326374, 48.898745300550765], [2.122132232303764, 48.89794951079969], [2.1343339900216813, 48.89013759185911], [2.1559376624708975, 48.88519702561107], [2.172366417897185, 48.88767250064626], [2.19511769490499, 48.89501972616058], [2.213536495127317, 48.90112974604822], [2.2229862429913676, 48.895886773064674], [2.238418596250407, 48.892229801568206], [2.295231447641207, 48.874172759565376], [2.3296591495793595, 48.872348840718196], [2.34697651043533, 48.86174503191322], [2.376365660931201, 48.84340211646564], [2.3959444654495297, 48.84823319072756], [2.4325836014183, 48.84734683460296], [2.4890536307751616, 48.85424654032024], [2.5145898211367705, 48.85252451313788], [2.550026754158765, 48.84088525041221], [2.580103342831972, 48.84289619599068], [2.616660606000051, 48.84351408493866], [2.633026934567703, 48.839255049438655], [2.655169106193295, 48.83971015133779], [2.7103828395096956, 48.83671337078136], [2.7724268942340276, 48.85484622851565], [2.7824826512673546, 48.86979506673141]], [[2.095041912326374, 48.898745300550765], [2.122132232303764, 48.89794951079969], [2.1343339900216813, 48.89013759185911], [2.1559376624708975, 48.88519702561107], [2.172366417897185, 48.88767250064626], [2.19511769490499, 48.89501972616058], [2.213536495127317, 48.90112974604822], [2.2229862429913676, 48.895886773064674], [2.238418596250407, 48.892229801568206], [2.295231447641207, 48.874172759565376], [2.3296591495793595, 48.872348840718196], [2.34697651043533, 48.86174503191322], [2.376365660931201, 48.84340211646564], [2.3959444654495297, 48.84823319072756], [2.4325836014183, 48.84734683460296], [2.4890536307751616, 48.85424654032024], [2.5145898211367705, 48.85252451313788], [2.525670945020106, 48.845137476280854], [2.550026754158765, 48.84088525041221], [2.580103342831972, 48.84289619599068], [2.616660606000051, 48.84351408493866], [2.655169106193295, 48.83971015133779]], [[2.122132232303764, 48.89794951079969], [2.1343339900216813, 48.89013759185911], [2.1559376624708975, 48.88519702561107], [2.172366417897185, 48.88767250064626], [2.19511769490499, 48.89501972616058], [2.213536495127317, 48.90112974604822], [2.2229862429913676, 48.895886773064674], [2.238418596250407, 48.892229801568206], [2.295231447641207, 48.874172759565376], [2.3296591495793595, 48.872348840718196], [2.34697651043533, 48.86174503191322], [2.376365660931201, 48.84340211646564], [2.3959444654495297, 48.84823319072756], [2.4325836014183, 48.84734683460296], [2.4890536307751616, 48.85424654032024], [2.5145898211367705, 48.85252451313788], [2.525670945020106, 48.845137476280854], [2.550026754158765, 48.84088525041221], [2.580103342831972, 48.84289619599068], [2.633026934567703, 48.839255049438655], [2.655169106193295, 48.83971015133779], [2.7724268942340276, 48.85484622851565], [2.7824826512673546, 48.86979506673141]], [[2.095041912326374, 48.898745300550765], [2.122132232303764, 48.89794951079969], [2.1343339900216813, 48.89013759185911], [2.1559376624708975, 48.88519702561107], [2.172366417897185, 48.88767250064626], [2.19511769490499, 48.89501972616058], [2.213536495127317, 48.90112974604822], [2.238418596250407, 48.892229801568206], [2.295231447641207, 48.874172759565376], [2.3296591495793595, 48.872348840718196], [2.34697651043533, 48.86174503191322], [2.376365660931201, 48.84340211646564], [2.3959444654495297, 48.84823319072756], [2.4325836014183, 48.84734683460296], [2.4890536307751616, 48.85424654032024], [2.5145898211367705, 48.85252451313788], [2.525670945020106, 48.845137476280854], [2.550026754158765, 48.84088525041221], [2.580103342831972, 48.84289619599068], [2.616660606000051, 48.84351408493866], [2.633026934567703, 48.839255049438655], [2.655169106193295, 48.83971015133779], [2.7103828395096956, 48.83671337078136], [2.7724268942340276, 48.85484622851565], [2.7824826512673546, 48.86979506673141]], [[2.655169106193295, 48.83971015133779], [2.616660606000051, 48.84351408493866], [2.580103342831972, 48.84289619599068], [2.550026754158765, 48.84088525041221], [2.525670945020106, 48.845137476280854], [2.5145898211367705, 48.85252451313788], [2.4890536307751616, 48.85424654032024], [2.4325836014183, 48.84734683460296], [2.3959444654495297, 48.84823319072756], [2.376365660931201, 48.84340211646564], [2.34697651043533, 48.86174503191322], [2.3296591495793595, 48.872348840718196], [2.295231447641207, 48.874172759565376], [2.238418596250407, 48.892229801568206], [2.2229862429913676, 48.895886773064674], [2.213536495127317, 48.90112974604822], [2.19511769490499, 48.89501972616058], [2.172366417897185, 48.88767250064626]], [[2.011579068023536, 49.04823262405815], [2.0345219282999176, 49.049642166828754], [2.0797809490013073, 49.036306683133965], [2.078348820578231, 49.01374275942672], [2.0746499245710193, 48.991156287258484], [2.0777265246565433, 48.970643570814424], [2.1446722659338855, 48.94574060746957], [2.1572200388507317, 48.93769529363442], [2.1851757042018707, 48.92034757911033], [2.2229862429913676, 48.895886773064674], [2.238418596250407, 48.892229801568206], [2.295231447641207, 48.874172759565376], [2.3296591495793595, 48.872348840718196], [2.34697651043533, 48.86174503191322], [2.376365660931201, 48.84340211646564], [2.3959444654495297, 48.84823319072756], [2.4325836014183, 48.84734683460296], [2.463537806527943, 48.8437885964859], [2.471683791180998, 48.834306538503405], [2.4638739495546496, 48.82119737360793], [2.4729094308778183, 48.80619648110731], [2.486623744135692, 48.8054097518155], [2.510538043646919, 48.80682309456137], [2.5132322873015256, 48.79532749459459], [2.5074994611650823, 48.77206393780998], [2.504498176690716, 48.752267307821874]], [[2.504498176690716, 48.752267307821874], [2.5074994611650823, 48.77206393780998], [2.5132322873015256, 48.79532749459459], [2.510538043646919, 48.80682309456137], [2.486623744135692, 48.8054097518155], [2.4729094308778183, 48.80619648110731], [2.4638739495546496, 48.82119737360793], [2.471683791180998, 48.834306538503405], [2.463537806527943, 48.8437885964859], [2.4325836014183, 48.84734683460296], [2.3959444654495297, 48.84823319072756], [2.376365660931201, 48.84340211646564], [2.34697651043533, 48.86174503191322], [2.3296591495793595, 48.872348840718196], [2.295231447641207, 48.874172759565376], [2.238418596250407, 48.892229801568206], [2.2229862429913676, 48.895886773064674], [2.1851757042018707, 48.92034757911033], [2.1572200388507317, 48.93769529363442], [2.1446722659338855, 48.94574060746957], [2.0936529195192275, 48.95541092942684], [2.040804469960689, 48.93324983956547]], [[2.095041912326374, 48.898745300550765], [2.122132232303764, 48.89794951079969], [2.1343339900216813, 48.89013759185911], [2.1559376624708975, 48.88519702561107], [2.172366417897185, 48.88767250064626], [2.19511769490499, 48.89501972616058], [2.213536495127317, 48.90112974604822], [2.2229862429913676, 48.895886773064674], [2.238418596250407, 48.892229801568206], [2.295231447641207, 48.874172759565376], [2.3296591495793595, 48.872348840718196], [2.34697651043533, 48.86174503191322], [2.376365660931201, 48.84340211646564], [2.3959444654495297, 48.84823319072756], [2.4325836014183, 48.84734683460296], [2.4890536307751616, 48.85424654032024], [2.5145898211367705, 48.85252451313788], [2.550026754158765, 48.84088525041221], [2.580103342831972, 48.84289619599068], [2.633026934567703, 48.839255049438655], [2.655169106193295, 48.83971015133779], [2.7103828395096956, 48.83671337078136], [2.7724268942340276, 48.85484622851565], [2.7824826512673546, 48.86979506673141]], [[2.655169106193295, 48.83971015133779], [2.616660606000051, 48.84351408493866], [2.580103342831972, 48.84289619599068], [2.550026754158765, 48.84088525041221], [2.525670945020106, 48.845137476280854], [2.5145898211367705, 48.85252451313788], [2.4890536307751616, 48.85424654032024], [2.4325836014183, 48.84734683460296], [2.3959444654495297, 48.84823319072756], [2.376365660931201, 48.84340211646564], [2.34697651043533, 48.86174503191322], [2.3296591495793595, 48.872348840718196], [2.295231447641207, 48.874172759565376], [2.238418596250407, 48.892229801568206], [2.2229862429913676, 48.895886773064674], [2.213536495127317, 48.90112974604822], [2.19511769490499, 48.89501972616058], [2.172366417897185, 48.88767250064626], [2.1559376624708975, 48.88519702561107], [2.1343339900216813, 48.89013759185911], [2.122132232303764, 48.89794951079969], [2.095041912326374, 48.898745300550765]], [[2.172366417897185, 48.88767250064626], [2.19511769490499, 48.89501972616058], [2.213536495127317, 48.90112974604822], [2.238418596250407, 48.892229801568206], [2.295231447641207, 48.874172759565376], [2.3296591495793595, 48.872348840718196], [2.34697651043533, 48.86174503191322], [2.376365660931201, 48.84340211646564], [2.3959444654495297, 48.84823319072756], [2.4325836014183, 48.84734683460296], [2.4890536307751616, 48.85424654032024], [2.5145898211367705, 48.85252451313788], [2.525670945020106, 48.845137476280854], [2.550026754158765, 48.84088525041221], [2.580103342831972, 48.84289619599068], [2.633026934567703, 48.839255049438655], [2.655169106193295, 48.83971015133779], [2.7724268942340276, 48.85484622851565], [2.7824826512673546, 48.86979506673141]], [[2.095041912326374, 48.898745300550765], [2.122132232303764, 48.89794951079969], [2.1343339900216813, 48.89013759185911], [2.1559376624708975, 48.88519702561107], [2.172366417897185, 48.88767250064626], [2.19511769490499, 48.89501972616058], [2.213536495127317, 48.90112974604822], [2.2229862429913676, 48.895886773064674], [2.238418596250407, 48.892229801568206], [2.295231447641207, 48.874172759565376], [2.3296591495793595, 48.872348840718196], [2.34697651043533, 48.86174503191322], [2.376365660931201, 48.84340211646564], [2.3959444654495297, 48.84823319072756], [2.4325836014183, 48.84734683460296], [2.4890536307751616, 48.85424654032024], [2.5145898211367705, 48.85252451313788], [2.525670945020106, 48.845137476280854], [2.550026754158765, 48.84088525041221], [2.580103342831972, 48.84289619599068], [2.633026934567703, 48.839255049438655], [2.655169106193295, 48.83971015133779], [2.7724268942340276, 48.85484622851565], [2.7824826512673546, 48.86979506673141]], [[2.7824826512673546, 48.86979506673141], [2.7724268942340276, 48.85484622851565], [2.7103828395096956, 48.83671337078136], [2.655169106193295, 48.83971015133779], [2.633026934567703, 48.839255049438655], [2.616660606000051, 48.84351408493866], [2.580103342831972, 48.84289619599068], [2.550026754158765, 48.84088525041221], [2.5145898211367705, 48.85252451313788], [2.4890536307751616, 48.85424654032024], [2.4325836014183, 48.84734683460296], [2.3959444654495297, 48.84823319072756], [2.376365660931201, 48.84340211646564], [2.34697651043533, 48.86174503191322], [2.3296591495793595, 48.872348840718196], [2.295231447641207, 48.874172759565376], [2.238418596250407, 48.892229801568206], [2.2229862429913676, 48.895886773064674], [2.213536495127317, 48.90112974604822], [2.19511769490499, 48.89501972616058], [2.172366417897185, 48.88767250064626], [2.1559376624708975, 48.88519702561107], [2.1343339900216813, 48.89013759185911], [2.122132232303764, 48.89794951079969]], [[2.172366417897185, 48.88767250064626], [2.19511769490499, 48.89501972616058], [2.213536495127317, 48.90112974604822], [2.2229862429913676, 48.895886773064674], [2.238418596250407, 48.892229801568206], [2.295231447641207, 48.874172759565376], [2.3296591495793595, 48.872348840718196], [2.34697651043533, 48.86174503191322], [2.376365660931201, 48.84340211646564], [2.3959444654495297, 48.84823319072756], [2.4325836014183, 48.84734683460296], [2.4890536307751616, 48.85424654032024], [2.5145898211367705, 48.85252451313788], [2.525670945020106, 48.845137476280854], [2.550026754158765, 48.84088525041221], [2.580103342831972, 48.84289619599068], [2.616660606000051, 48.84351408493866], [2.655169106193295, 48.83971015133779]], [[2.122132232303764, 48.89794951079969], [2.1343339900216813, 48.89013759185911], [2.1559376624708975, 48.88519702561107], [2.172366417897185, 48.88767250064626], [2.19511769490499, 48.89501972616058], [2.213536495127317, 48.90112974604822], [2.2229862429913676, 48.895886773064674], [2.238418596250407, 48.892229801568206], [2.295231447641207, 48.874172759565376], [2.3296591495793595, 48.872348840718196], [2.34697651043533, 48.86174503191322], [2.376365660931201, 48.84340211646564], [2.3959444654495297, 48.84823319072756], [2.4325836014183, 48.84734683460296], [2.4890536307751616, 48.85424654032024], [2.5145898211367705, 48.85252451313788], [2.550026754158765, 48.84088525041221], [2.580103342831972, 48.84289619599068], [2.616660606000051, 48.84351408493866], [2.633026934567703, 48.839255049438655], [2.655169106193295, 48.83971015133779], [2.7103828395096956, 48.83671337078136], [2.7724268942340276, 48.85484622851565], [2.7824826512673546, 48.86979506673141]], [[2.7824826512673546, 48.86979506673141], [2.7724268942340276, 48.85484622851565], [2.655169106193295, 48.83971015133779], [2.633026934567703, 48.839255049438655], [2.580103342831972, 48.84289619599068], [2.550026754158765, 48.84088525041221], [2.525670945020106, 48.845137476280854], [2.5145898211367705, 48.85252451313788], [2.4890536307751616, 48.85424654032024], [2.4325836014183, 48.84734683460296], [2.3959444654495297, 48.84823319072756], [2.376365660931201, 48.84340211646564], [2.34697651043533, 48.86174503191322], [2.3296591495793595, 48.872348840718196], [2.295231447641207, 48.874172759565376], [2.238418596250407, 48.892229801568206], [2.213536495127317, 48.90112974604822], [2.19511769490499, 48.89501972616058], [2.172366417897185, 48.88767250064626]], [[2.7824826512673546, 48.86979506673141], [2.7724268942340276, 48.85484622851565], [2.7103828395096956, 48.83671337078136], [2.655169106193295, 48.83971015133779], [2.633026934567703, 48.839255049438655], [2.616660606000051, 48.84351408493866], [2.580103342831972, 48.84289619599068], [2.550026754158765, 48.84088525041221], [2.5145898211367705, 48.85252451313788], [2.4890536307751616, 48.85424654032024], [2.4325836014183, 48.84734683460296], [2.3959444654495297, 48.84823319072756], [2.376365660931201, 48.84340211646564], [2.34697651043533, 48.86174503191322], [2.3296591495793595, 48.872348840718196], [2.295231447641207, 48.874172759565376], [2.238418596250407, 48.892229801568206], [2.2229862429913676, 48.895886773064674], [2.213536495127317, 48.90112974604822], [2.19511769490499, 48.89501972616058], [2.172366417897185, 48.88767250064626], [2.1559376624708975, 48.88519702561107], [2.1343339900216813, 48.89013759185911], [2.122132232303764, 48.89794951079969], [2.095041912326374, 48.898745300550765]], [[2.095041912326374, 48.898745300550765], [2.122132232303764, 48.89794951079969], [2.1343339900216813, 48.89013759185911], [2.1559376624708975, 48.88519702561107], [2.172366417897185, 48.88767250064626], [2.19511769490499, 48.89501972616058], [2.213536495127317, 48.90112974604822], [2.2229862429913676, 48.895886773064674], [2.238418596250407, 48.892229801568206], [2.295231447641207, 48.874172759565376], [2.3296591495793595, 48.872348840718196], [2.34697651043533, 48.86174503191322], [2.376365660931201, 48.84340211646564], [2.3959444654495297, 48.84823319072756], [2.4325836014183, 48.84734683460296], [2.4890536307751616, 48.85424654032024], [2.5145898211367705, 48.85252451313788], [2.525670945020106, 48.845137476280854], [2.550026754158765, 48.84088525041221], [2.580103342831972, 48.84289619599068], [2.616660606000051, 48.84351408493866], [2.655169106193295, 48.83971015133779], [2.7103828395096956, 48.83671337078136], [2.7724268942340276, 48.85484622851565], [2.7824826512673546, 48.86979506673141]], [[2.7824826512673546, 48.86979506673141], [2.7724268942340276, 48.85484622851565], [2.655169106193295, 48.83971015133779], [2.633026934567703, 48.839255049438655], [2.616660606000051, 48.84351408493866], [2.580103342831972, 48.84289619599068], [2.550026754158765, 48.84088525041221], [2.525670945020106, 48.845137476280854], [2.5145898211367705, 48.85252451313788], [2.4890536307751616, 48.85424654032024], [2.4325836014183, 48.84734683460296], [2.3959444654495297, 48.84823319072756], [2.376365660931201, 48.84340211646564], [2.34697651043533, 48.86174503191322], [2.3296591495793595, 48.872348840718196], [2.295231447641207, 48.874172759565376], [2.238418596250407, 48.892229801568206], [2.2229862429913676, 48.895886773064674], [2.213536495127317, 48.90112974604822], [2.19511769490499, 48.89501972616058], [2.172366417897185, 48.88767250064626], [2.1559376624708975, 48.88519702561107], [2.1343339900216813, 48.89013759185911], [2.122132232303764, 48.89794951079969]], [[2.095041912326374, 48.898745300550765], [2.122132232303764, 48.89794951079969], [2.1343339900216813, 48.89013759185911], [2.1559376624708975, 48.88519702561107], [2.172366417897185, 48.88767250064626], [2.19511769490499, 48.89501972616058], [2.213536495127317, 48.90112974604822], [2.2229862429913676, 48.895886773064674], [2.238418596250407, 48.892229801568206], [2.295231447641207, 48.874172759565376], [2.3296591495793595, 48.872348840718196], [2.34697651043533, 48.86174503191322], [2.376365660931201, 48.84340211646564], [2.3959444654495297, 48.84823319072756], [2.4325836014183, 48.84734683460296], [2.4890536307751616, 48.85424654032024], [2.5145898211367705, 48.85252451313788], [2.550026754158765, 48.84088525041221], [2.580103342831972, 48.84289619599068], [2.616660606000051, 48.84351408493866], [2.633026934567703, 48.839255049438655], [2.655169106193295, 48.83971015133779], [2.7724268942340276, 48.85484622851565], [2.7824826512673546, 48.86979506673141]], [[2.172366417897185, 48.88767250064626], [2.19511769490499, 48.89501972616058], [2.213536495127317, 48.90112974604822], [2.238418596250407, 48.892229801568206], [2.295231447641207, 48.874172759565376], [2.3296591495793595, 48.872348840718196], [2.34697651043533, 48.86174503191322], [2.376365660931201, 48.84340211646564], [2.3959444654495297, 48.84823319072756], [2.4325836014183, 48.84734683460296], [2.4890536307751616, 48.85424654032024], [2.5145898211367705, 48.85252451313788], [2.525670945020106, 48.845137476280854], [2.550026754158765, 48.84088525041221], [2.580103342831972, 48.84289619599068], [2.633026934567703, 48.839255049438655], [2.655169106193295, 48.83971015133779]], [[2.655169106193295, 48.83971015133779], [2.633026934567703, 48.839255049438655], [2.580103342831972, 48.84289619599068], [2.550026754158765, 48.84088525041221], [2.525670945020106, 48.845137476280854], [2.5145898211367705, 48.85252451313788], [2.4890536307751616, 48.85424654032024], [2.4325836014183, 48.84734683460296], [2.3959444654495297, 48.84823319072756], [2.376365660931201, 48.84340211646564], [2.34697651043533, 48.86174503191322], [2.3296591495793595, 48.872348840718196], [2.295231447641207, 48.874172759565376], [2.238418596250407, 48.892229801568206]], [[2.7824826512673546, 48.86979506673141], [2.7724268942340276, 48.85484622851565], [2.7103828395096956, 48.83671337078136], [2.655169106193295, 48.83971015133779], [2.633026934567703, 48.839255049438655], [2.616660606000051, 48.84351408493866], [2.580103342831972, 48.84289619599068], [2.550026754158765, 48.84088525041221], [2.525670945020106, 48.845137476280854], [2.5145898211367705, 48.85252451313788], [2.4890536307751616, 48.85424654032024], [2.4325836014183, 48.84734683460296], [2.3959444654495297, 48.84823319072756], [2.376365660931201, 48.84340211646564], [2.34697651043533, 48.86174503191322], [2.3296591495793595, 48.872348840718196], [2.295231447641207, 48.874172759565376], [2.238418596250407, 48.892229801568206], [2.2229862429913676, 48.895886773064674], [2.213536495127317, 48.90112974604822], [2.19511769490499, 48.89501972616058], [2.172366417897185, 48.88767250064626], [2.1559376624708975, 48.88519702561107], [2.1343339900216813, 48.89013759185911], [2.122132232303764, 48.89794951079969]], [[2.095041912326374, 48.898745300550765], [2.122132232303764, 48.89794951079969], [2.1343339900216813, 48.89013759185911], [2.1559376624708975, 48.88519702561107], [2.172366417897185, 48.88767250064626], [2.19511769490499, 48.89501972616058], [2.213536495127317, 48.90112974604822], [2.2229862429913676, 48.895886773064674], [2.238418596250407, 48.892229801568206], [2.295231447641207, 48.874172759565376], [2.3296591495793595, 48.872348840718196], [2.34697651043533, 48.86174503191322], [2.376365660931201, 48.84340211646564], [2.3959444654495297, 48.84823319072756], [2.4325836014183, 48.84734683460296], [2.4890536307751616, 48.85424654032024], [2.5145898211367705, 48.85252451313788], [2.525670945020106, 48.845137476280854], [2.550026754158765, 48.84088525041221], [2.580103342831972, 48.84289619599068], [2.633026934567703, 48.839255049438655], [2.655169106193295, 48.83971015133779]], [[2.504498176690716, 48.752267307821874], [2.5074994611650823, 48.77206393780998], [2.5132322873015256, 48.79532749459459], [2.510538043646919, 48.80682309456137], [2.486623744135692, 48.8054097518155], [2.4729094308778183, 48.80619648110731], [2.4638739495546496, 48.82119737360793], [2.471683791180998, 48.834306538503405], [2.463537806527943, 48.8437885964859], [2.4325836014183, 48.84734683460296], [2.3959444654495297, 48.84823319072756], [2.376365660931201, 48.84340211646564], [2.34697651043533, 48.86174503191322], [2.3296591495793595, 48.872348840718196], [2.295231447641207, 48.874172759565376], [2.238418596250407, 48.892229801568206], [2.2229862429913676, 48.895886773064674], [2.1851757042018707, 48.92034757911033], [2.1572200388507317, 48.93769529363442], [2.1446722659338855, 48.94574060746957], [2.0777265246565433, 48.970643570814424], [2.0746499245710193, 48.991156287258484], [2.078348820578231, 49.01374275942672], [2.0797809490013073, 49.036306683133965], [2.0345219282999176, 49.049642166828754], [2.011579068023536, 49.04823262405815]], [[2.655169106193295, 48.83971015133779], [2.633026934567703, 48.839255049438655], [2.616660606000051, 48.84351408493866], [2.580103342831972, 48.84289619599068], [2.550026754158765, 48.84088525041221], [2.525670945020106, 48.845137476280854], [2.5145898211367705, 48.85252451313788], [2.4890536307751616, 48.85424654032024], [2.4325836014183, 48.84734683460296], [2.3959444654495297, 48.84823319072756], [2.376365660931201, 48.84340211646564], [2.34697651043533, 48.86174503191322], [2.3296591495793595, 48.872348840718196], [2.295231447641207, 48.874172759565376], [2.238418596250407, 48.892229801568206], [2.2229862429913676, 48.895886773064674], [2.213536495127317, 48.90112974604822], [2.19511769490499, 48.89501972616058], [2.172366417897185, 48.88767250064626]], [[2.122132232303764, 48.89794951079969], [2.1343339900216813, 48.89013759185911], [2.1559376624708975, 48.88519702561107], [2.172366417897185, 48.88767250064626], [2.19511769490499, 48.89501972616058], [2.213536495127317, 48.90112974604822], [2.2229862429913676, 48.895886773064674], [2.238418596250407, 48.892229801568206], [2.295231447641207, 48.874172759565376], [2.3296591495793595, 48.872348840718196], [2.34697651043533, 48.86174503191322], [2.376365660931201, 48.84340211646564], [2.3959444654495297, 48.84823319072756], [2.4325836014183, 48.84734683460296], [2.4890536307751616, 48.85424654032024], [2.5145898211367705, 48.85252451313788], [2.550026754158765, 48.84088525041221], [2.580103342831972, 48.84289619599068], [2.616660606000051, 48.84351408493866], [2.633026934567703, 48.839255049438655], [2.655169106193295, 48.83971015133779], [2.7724268942340276, 48.85484622851565], [2.7824826512673546, 48.86979506673141]], [[2.172366417897185, 48.88767250064626], [2.19511769490499, 48.89501972616058], [2.213536495127317, 48.90112974604822], [2.238418596250407, 48.892229801568206], [2.295231447641207, 48.874172759565376], [2.3296591495793595, 48.872348840718196], [2.34697651043533, 48.86174503191322], [2.376365660931201, 48.84340211646564], [2.3959444654495297, 48.84823319072756], [2.4325836014183, 48.84734683460296], [2.4890536307751616, 48.85424654032024], [2.5145898211367705, 48.85252451313788], [2.525670945020106, 48.845137476280854], [2.550026754158765, 48.84088525041221], [2.580103342831972, 48.84289619599068], [2.616660606000051, 48.84351408493866], [2.633026934567703, 48.839255049438655], [2.655169106193295, 48.83971015133779]], [[2.655169106193295, 48.83971015133779], [2.633026934567703, 48.839255049438655], [2.616660606000051, 48.84351408493866], [2.580103342831972, 48.84289619599068], [2.550026754158765, 48.84088525041221], [2.525670945020106, 48.845137476280854], [2.5145898211367705, 48.85252451313788], [2.4890536307751616, 48.85424654032024], [2.4325836014183, 48.84734683460296], [2.3959444654495297, 48.84823319072756], [2.376365660931201, 48.84340211646564], [2.34697651043533, 48.86174503191322], [2.3296591495793595, 48.872348840718196], [2.295231447641207, 48.874172759565376], [2.238418596250407, 48.892229801568206], [2.213536495127317, 48.90112974604822], [2.19511769490499, 48.89501972616058], [2.172366417897185, 48.88767250064626]], [[2.122132232303764, 48.89794951079969], [2.1343339900216813, 48.89013759185911], [2.1559376624708975, 48.88519702561107], [2.172366417897185, 48.88767250064626], [2.19511769490499, 48.89501972616058], [2.213536495127317, 48.90112974604822], [2.2229862429913676, 48.895886773064674], [2.238418596250407, 48.892229801568206], [2.295231447641207, 48.874172759565376], [2.3296591495793595, 48.872348840718196], [2.34697651043533, 48.86174503191322], [2.376365660931201, 48.84340211646564], [2.3959444654495297, 48.84823319072756], [2.4325836014183, 48.84734683460296], [2.4890536307751616, 48.85424654032024], [2.5145898211367705, 48.85252451313788], [2.525670945020106, 48.845137476280854], [2.550026754158765, 48.84088525041221], [2.580103342831972, 48.84289619599068], [2.616660606000051, 48.84351408493866], [2.633026934567703, 48.839255049438655], [2.655169106193295, 48.83971015133779]], [[2.095041912326374, 48.898745300550765], [2.122132232303764, 48.89794951079969], [2.1343339900216813, 48.89013759185911], [2.1559376624708975, 48.88519702561107], [2.172366417897185, 48.88767250064626], [2.19511769490499, 48.89501972616058], [2.213536495127317, 48.90112974604822], [2.2229862429913676, 48.895886773064674], [2.238418596250407, 48.892229801568206], [2.295231447641207, 48.874172759565376], [2.3296591495793595, 48.872348840718196], [2.34697651043533, 48.86174503191322], [2.376365660931201, 48.84340211646564], [2.3959444654495297, 48.84823319072756], [2.4325836014183, 48.84734683460296], [2.4890536307751616, 48.85424654032024], [2.5145898211367705, 48.85252451313788], [2.525670945020106, 48.845137476280854], [2.550026754158765, 48.84088525041221], [2.580103342831972, 48.84289619599068], [2.616660606000051, 48.84351408493866], [2.633026934567703, 48.839255049438655], [2.655169106193295, 48.83971015133779], [2.7103828395096956, 48.83671337078136], [2.7724268942340276, 48.85484622851565], [2.7824826512673546, 48.86979506673141]], [[2.7824826512673546, 48.86979506673141], [2.7724268942340276, 48.85484622851565], [2.7103828395096956, 48.83671337078136], [2.655169106193295, 48.83971015133779], [2.633026934567703, 48.839255049438655], [2.580103342831972, 48.84289619599068], [2.550026754158765, 48.84088525041221], [2.525670945020106, 48.845137476280854], [2.5145898211367705, 48.85252451313788], [2.4890536307751616, 48.85424654032024], [2.4325836014183, 48.84734683460296], [2.3959444654495297, 48.84823319072756], [2.376365660931201, 48.84340211646564], [2.34697651043533, 48.86174503191322], [2.3296591495793595, 48.872348840718196], [2.295231447641207, 48.874172759565376], [2.238418596250407, 48.892229801568206], [2.2229862429913676, 48.895886773064674], [2.213536495127317, 48.90112974604822], [2.19511769490499, 48.89501972616058], [2.172366417897185, 48.88767250064626], [2.1559376624708975, 48.88519702561107], [2.1343339900216813, 48.89013759185911], [2.122132232303764, 48.89794951079969], [2.095041912326374, 48.898745300550765]], [[2.7824826512673546, 48.86979506673141], [2.7724268942340276, 48.85484622851565], [2.7103828395096956, 48.83671337078136], [2.655169106193295, 48.83971015133779], [2.616660606000051, 48.84351408493866], [2.580103342831972, 48.84289619599068], [2.550026754158765, 48.84088525041221], [2.5145898211367705, 48.85252451313788], [2.4890536307751616, 48.85424654032024], [2.4325836014183, 48.84734683460296], [2.3959444654495297, 48.84823319072756], [2.376365660931201, 48.84340211646564], [2.34697651043533, 48.86174503191322], [2.3296591495793595, 48.872348840718196], [2.295231447641207, 48.874172759565376], [2.238418596250407, 48.892229801568206], [2.2229862429913676, 48.895886773064674], [2.213536495127317, 48.90112974604822], [2.19511769490499, 48.89501972616058], [2.172366417897185, 48.88767250064626], [2.1559376624708975, 48.88519702561107], [2.1343339900216813, 48.89013759185911], [2.122132232303764, 48.89794951079969], [2.095041912326374, 48.898745300550765]], [[2.7824826512673546, 48.86979506673141], [2.7103828395096956, 48.83671337078136], [2.655169106193295, 48.83971015133779], [2.616660606000051, 48.84351408493866], [2.580103342831972, 48.84289619599068], [2.550026754158765, 48.84088525041221], [2.5145898211367705, 48.85252451313788], [2.4890536307751616, 48.85424654032024], [2.4325836014183, 48.84734683460296], [2.3959444654495297, 48.84823319072756], [2.376365660931201, 48.84340211646564], [2.34697651043533, 48.86174503191322], [2.3296591495793595, 48.872348840718196], [2.295231447641207, 48.874172759565376], [2.238418596250407, 48.892229801568206], [2.2229862429913676, 48.895886773064674], [2.213536495127317, 48.90112974604822], [2.19511769490499, 48.89501972616058], [2.172366417897185, 48.88767250064626], [2.1559376624708975, 48.88519702561107], [2.1343339900216813, 48.89013759185911], [2.122132232303764, 48.89794951079969], [2.095041912326374, 48.898745300550765]], [[2.655169106193295, 48.83971015133779], [2.633026934567703, 48.839255049438655], [2.616660606000051, 48.84351408493866], [2.580103342831972, 48.84289619599068], [2.550026754158765, 48.84088525041221], [2.525670945020106, 48.845137476280854], [2.5145898211367705, 48.85252451313788], [2.4890536307751616, 48.85424654032024], [2.4325836014183, 48.84734683460296], [2.3959444654495297, 48.84823319072756], [2.376365660931201, 48.84340211646564], [2.34697651043533, 48.86174503191322], [2.3296591495793595, 48.872348840718196], [2.295231447641207, 48.874172759565376], [2.238418596250407, 48.892229801568206], [2.2229862429913676, 48.895886773064674], [2.213536495127317, 48.90112974604822], [2.19511769490499, 48.89501972616058], [2.172366417897185, 48.88767250064626], [2.1559376624708975, 48.88519702561107], [2.1343339900216813, 48.89013759185911], [2.122132232303764, 48.89794951079969]], [[2.7824826512673546, 48.86979506673141], [2.7724268942340276, 48.85484622851565], [2.7103828395096956, 48.83671337078136], [2.655169106193295, 48.83971015133779], [2.633026934567703, 48.839255049438655], [2.616660606000051, 48.84351408493866], [2.580103342831972, 48.84289619599068], [2.550026754158765, 48.84088525041221], [2.525670945020106, 48.845137476280854], [2.5145898211367705, 48.85252451313788], [2.4890536307751616, 48.85424654032024], [2.4325836014183, 48.84734683460296], [2.3959444654495297, 48.84823319072756], [2.376365660931201, 48.84340211646564], [2.34697651043533, 48.86174503191322], [2.3296591495793595, 48.872348840718196], [2.295231447641207, 48.874172759565376], [2.238418596250407, 48.892229801568206], [2.2229862429913676, 48.895886773064674], [2.213536495127317, 48.90112974604822], [2.19511769490499, 48.89501972616058], [2.172366417897185, 48.88767250064626]], [[2.655169106193295, 48.83971015133779], [2.633026934567703, 48.839255049438655], [2.616660606000051, 48.84351408493866], [2.580103342831972, 48.84289619599068], [2.550026754158765, 48.84088525041221], [2.525670945020106, 48.845137476280854], [2.5145898211367705, 48.85252451313788], [2.4890536307751616, 48.85424654032024], [2.4325836014183, 48.84734683460296], [2.3959444654495297, 48.84823319072756], [2.376365660931201, 48.84340211646564], [2.34697651043533, 48.86174503191322], [2.3296591495793595, 48.872348840718196], [2.295231447641207, 48.874172759565376], [2.238418596250407, 48.892229801568206], [2.2229862429913676, 48.895886773064674], [2.213536495127317, 48.90112974604822], [2.19511769490499, 48.89501972616058], [2.172366417897185, 48.88767250064626], [2.1559376624708975, 48.88519702561107], [2.1343339900216813, 48.89013759185911], [2.122132232303764, 48.89794951079969], [2.095041912326374, 48.898745300550765]], [[2.095041912326374, 48.898745300550765], [2.122132232303764, 48.89794951079969], [2.1343339900216813, 48.89013759185911], [2.1559376624708975, 48.88519702561107], [2.172366417897185, 48.88767250064626], [2.19511769490499, 48.89501972616058], [2.213536495127317, 48.90112974604822], [2.2229862429913676, 48.895886773064674], [2.238418596250407, 48.892229801568206], [2.295231447641207, 48.874172759565376], [2.3296591495793595, 48.872348840718196], [2.34697651043533, 48.86174503191322], [2.376365660931201, 48.84340211646564], [2.3959444654495297, 48.84823319072756], [2.4325836014183, 48.84734683460296], [2.4890536307751616, 48.85424654032024], [2.5145898211367705, 48.85252451313788], [2.550026754158765, 48.84088525041221], [2.580103342831972, 48.84289619599068], [2.616660606000051, 48.84351408493866], [2.633026934567703, 48.839255049438655], [2.655169106193295, 48.83971015133779]], [[2.122132232303764, 48.89794951079969], [2.1343339900216813, 48.89013759185911], [2.1559376624708975, 48.88519702561107], [2.172366417897185, 48.88767250064626], [2.19511769490499, 48.89501972616058], [2.213536495127317, 48.90112974604822], [2.2229862429913676, 48.895886773064674], [2.238418596250407, 48.892229801568206], [2.295231447641207, 48.874172759565376], [2.3296591495793595, 48.872348840718196], [2.34697651043533, 48.86174503191322], [2.376365660931201, 48.84340211646564], [2.3959444654495297, 48.84823319072756], [2.4325836014183, 48.84734683460296], [2.4890536307751616, 48.85424654032024], [2.5145898211367705, 48.85252451313788], [2.525670945020106, 48.845137476280854], [2.550026754158765, 48.84088525041221], [2.580103342831972, 48.84289619599068], [2.616660606000051, 48.84351408493866], [2.633026934567703, 48.839255049438655], [2.655169106193295, 48.83971015133779], [2.7103828395096956, 48.83671337078136], [2.7724268942340276, 48.85484622851565], [2.7824826512673546, 48.86979506673141]], [[2.7824826512673546, 48.86979506673141], [2.7724268942340276, 48.85484622851565], [2.7103828395096956, 48.83671337078136], [2.655169106193295, 48.83971015133779], [2.633026934567703, 48.839255049438655], [2.616660606000051, 48.84351408493866], [2.580103342831972, 48.84289619599068], [2.550026754158765, 48.84088525041221], [2.525670945020106, 48.845137476280854], [2.5145898211367705, 48.85252451313788], [2.4890536307751616, 48.85424654032024], [2.4325836014183, 48.84734683460296], [2.3959444654495297, 48.84823319072756], [2.376365660931201, 48.84340211646564], [2.34697651043533, 48.86174503191322], [2.3296591495793595, 48.872348840718196], [2.295231447641207, 48.874172759565376], [2.238418596250407, 48.892229801568206], [2.213536495127317, 48.90112974604822], [2.19511769490499, 48.89501972616058], [2.172366417897185, 48.88767250064626]], [[2.095041912326374, 48.898745300550765], [2.122132232303764, 48.89794951079969], [2.1343339900216813, 48.89013759185911], [2.1559376624708975, 48.88519702561107], [2.172366417897185, 48.88767250064626], [2.19511769490499, 48.89501972616058], [2.213536495127317, 48.90112974604822], [2.238418596250407, 48.892229801568206], [2.295231447641207, 48.874172759565376], [2.3296591495793595, 48.872348840718196], [2.34697651043533, 48.86174503191322], [2.376365660931201, 48.84340211646564], [2.3959444654495297, 48.84823319072756], [2.4325836014183, 48.84734683460296], [2.4890536307751616, 48.85424654032024], [2.5145898211367705, 48.85252451313788], [2.525670945020106, 48.845137476280854], [2.550026754158765, 48.84088525041221], [2.580103342831972, 48.84289619599068], [2.616660606000051, 48.84351408493866], [2.633026934567703, 48.839255049438655], [2.655169106193295, 48.83971015133779]], [[2.172366417897185, 48.88767250064626], [2.19511769490499, 48.89501972616058], [2.213536495127317, 48.90112974604822], [2.2229862429913676, 48.895886773064674], [2.238418596250407, 48.892229801568206], [2.295231447641207, 48.874172759565376], [2.3296591495793595, 48.872348840718196], [2.34697651043533, 48.86174503191322], [2.376365660931201, 48.84340211646564], [2.3959444654495297, 48.84823319072756], [2.4325836014183, 48.84734683460296], [2.4890536307751616, 48.85424654032024], [2.5145898211367705, 48.85252451313788], [2.550026754158765, 48.84088525041221], [2.580103342831972, 48.84289619599068], [2.633026934567703, 48.839255049438655], [2.655169106193295, 48.83971015133779], [2.7103828395096956, 48.83671337078136], [2.7724268942340276, 48.85484622851565], [2.7824826512673546, 48.86979506673141]], [[2.122132232303764, 48.89794951079969], [2.1343339900216813, 48.89013759185911], [2.1559376624708975, 48.88519702561107], [2.172366417897185, 48.88767250064626], [2.19511769490499, 48.89501972616058], [2.213536495127317, 48.90112974604822], [2.2229862429913676, 48.895886773064674], [2.238418596250407, 48.892229801568206], [2.295231447641207, 48.874172759565376], [2.3296591495793595, 48.872348840718196], [2.34697651043533, 48.86174503191322], [2.376365660931201, 48.84340211646564], [2.3959444654495297, 48.84823319072756], [2.4325836014183, 48.84734683460296], [2.4890536307751616, 48.85424654032024], [2.5145898211367705, 48.85252451313788], [2.525670945020106, 48.845137476280854], [2.550026754158765, 48.84088525041221], [2.580103342831972, 48.84289619599068], [2.616660606000051, 48.84351408493866], [2.655169106193295, 48.83971015133779], [2.7103828395096956, 48.83671337078136], [2.7724268942340276, 48.85484622851565], [2.7824826512673546, 48.86979506673141]], [[2.7824826512673546, 48.86979506673141], [2.7724268942340276, 48.85484622851565], [2.7103828395096956, 48.83671337078136], [2.655169106193295, 48.83971015133779], [2.633026934567703, 48.839255049438655], [2.580103342831972, 48.84289619599068], [2.550026754158765, 48.84088525041221], [2.525670945020106, 48.845137476280854], [2.5145898211367705, 48.85252451313788], [2.4890536307751616, 48.85424654032024], [2.4325836014183, 48.84734683460296], [2.3959444654495297, 48.84823319072756], [2.376365660931201, 48.84340211646564], [2.34697651043533, 48.86174503191322], [2.3296591495793595, 48.872348840718196], [2.295231447641207, 48.874172759565376], [2.238418596250407, 48.892229801568206]], [[2.655169106193295, 48.83971015133779], [2.633026934567703, 48.839255049438655], [2.616660606000051, 48.84351408493866], [2.580103342831972, 48.84289619599068], [2.550026754158765, 48.84088525041221], [2.525670945020106, 48.845137476280854], [2.5145898211367705, 48.85252451313788], [2.4890536307751616, 48.85424654032024], [2.4325836014183, 48.84734683460296], [2.3959444654495297, 48.84823319072756], [2.376365660931201, 48.84340211646564], [2.34697651043533, 48.86174503191322], [2.3296591495793595, 48.872348840718196], [2.295231447641207, 48.874172759565376], [2.238418596250407, 48.892229801568206]], [[2.504498176690716, 48.752267307821874], [2.5074994611650823, 48.77206393780998], [2.5132322873015256, 48.79532749459459], [2.510538043646919, 48.80682309456137], [2.486623744135692, 48.8054097518155], [2.4729094308778183, 48.80619648110731], [2.4638739495546496, 48.82119737360793], [2.471683791180998, 48.834306538503405], [2.463537806527943, 48.8437885964859], [2.4325836014183, 48.84734683460296], [2.3959444654495297, 48.84823319072756], [2.376365660931201, 48.84340211646564], [2.34697651043533, 48.86174503191322], [2.3296591495793595, 48.872348840718196], [2.295231447641207, 48.874172759565376], [2.238418596250407, 48.892229801568206]], [[2.504498176690716, 48.752267307821874], [2.5074994611650823, 48.77206393780998], [2.5132322873015256, 48.79532749459459], [2.510538043646919, 48.80682309456137], [2.486623744135692, 48.8054097518155], [2.4729094308778183, 48.80619648110731], [2.4638739495546496, 48.82119737360793], [2.471683791180998, 48.834306538503405], [2.463537806527943, 48.8437885964859], [2.4325836014183, 48.84734683460296], [2.3959444654495297, 48.84823319072756], [2.376365660931201, 48.84340211646564], [2.34697651043533, 48.86174503191322], [2.3296591495793595, 48.872348840718196], [2.295231447641207, 48.874172759565376], [2.238418596250407, 48.892229801568206], [2.2229862429913676, 48.895886773064674], [2.213536495127317, 48.90112974604822], [2.19511769490499, 48.89501972616058], [2.172366417897185, 48.88767250064626]], [[2.172366417897185, 48.88767250064626], [2.1559376624708975, 48.88519702561107], [2.1343339900216813, 48.89013759185911], [2.122132232303764, 48.89794951079969], [2.095041912326374, 48.898745300550765]], [[2.095041912326374, 48.898745300550765], [2.122132232303764, 48.89794951079969], [2.1343339900216813, 48.89013759185911], [2.1559376624708975, 48.88519702561107], [2.172366417897185, 48.88767250064626], [2.19511769490499, 48.89501972616058], [2.213536495127317, 48.90112974604822], [2.2229862429913676, 48.895886773064674], [2.238418596250407, 48.892229801568206], [2.295231447641207, 48.874172759565376], [2.3296591495793595, 48.872348840718196], [2.34697651043533, 48.86174503191322], [2.376365660931201, 48.84340211646564], [2.3959444654495297, 48.84823319072756], [2.4325836014183, 48.84734683460296], [2.463537806527943, 48.8437885964859], [2.471683791180998, 48.834306538503405], [2.4638739495546496, 48.82119737360793], [2.4729094308778183, 48.80619648110731], [2.486623744135692, 48.8054097518155], [2.510538043646919, 48.80682309456137], [2.5132322873015256, 48.79532749459459], [2.5074994611650823, 48.77206393780998], [2.504498176690716, 48.752267307821874]], [[2.172366417897185, 48.88767250064626], [2.19511769490499, 48.89501972616058], [2.213536495127317, 48.90112974604822], [2.2229862429913676, 48.895886773064674], [2.238418596250407, 48.892229801568206], [2.295231447641207, 48.874172759565376], [2.3296591495793595, 48.872348840718196], [2.34697651043533, 48.86174503191322], [2.376365660931201, 48.84340211646564], [2.3959444654495297, 48.84823319072756], [2.4325836014183, 48.84734683460296], [2.4890536307751616, 48.85424654032024], [2.5145898211367705, 48.85252451313788], [2.525670945020106, 48.845137476280854], [2.550026754158765, 48.84088525041221], [2.580103342831972, 48.84289619599068], [2.616660606000051, 48.84351408493866], [2.633026934567703, 48.839255049438655], [2.655169106193295, 48.83971015133779], [2.7103828395096956, 48.83671337078136], [2.7724268942340276, 48.85484622851565], [2.7824826512673546, 48.86979506673141]], [[2.655169106193295, 48.83971015133779], [2.633026934567703, 48.839255049438655], [2.616660606000051, 48.84351408493866], [2.580103342831972, 48.84289619599068], [2.550026754158765, 48.84088525041221], [2.525670945020106, 48.845137476280854], [2.5145898211367705, 48.85252451313788], [2.4890536307751616, 48.85424654032024], [2.4325836014183, 48.84734683460296], [2.3959444654495297, 48.84823319072756], [2.376365660931201, 48.84340211646564], [2.34697651043533, 48.86174503191322], [2.3296591495793595, 48.872348840718196], [2.295231447641207, 48.874172759565376], [2.238418596250407, 48.892229801568206], [2.2229862429913676, 48.895886773064674], [2.1851757042018707, 48.92034757911033], [2.1572200388507317, 48.93769529363442], [2.1446722659338855, 48.94574060746957], [2.0777265246565433, 48.970643570814424], [2.0746499245710193, 48.991156287258484], [2.078348820578231, 49.01374275942672], [2.0797809490013073, 49.036306683133965], [2.0345219282999176, 49.049642166828754], [2.011579068023536, 49.04823262405815]], [[2.1446722659338855, 48.94574060746957], [2.1572200388507317, 48.93769529363442], [2.1851757042018707, 48.92034757911033], [2.2229862429913676, 48.895886773064674], [2.238418596250407, 48.892229801568206], [2.295231447641207, 48.874172759565376], [2.3296591495793595, 48.872348840718196], [2.34697651043533, 48.86174503191322], [2.376365660931201, 48.84340211646564], [2.3959444654495297, 48.84823319072756], [2.4325836014183, 48.84734683460296], [2.4890536307751616, 48.85424654032024], [2.5145898211367705, 48.85252451313788], [2.525670945020106, 48.845137476280854], [2.550026754158765, 48.84088525041221], [2.580103342831972, 48.84289619599068], [2.616660606000051, 48.84351408493866], [2.633026934567703, 48.839255049438655], [2.655169106193295, 48.83971015133779]], [[2.238418596250407, 48.892229801568206], [2.295231447641207, 48.874172759565376], [2.3296591495793595, 48.872348840718196], [2.34697651043533, 48.86174503191322], [2.376365660931201, 48.84340211646564], [2.3959444654495297, 48.84823319072756], [2.4325836014183, 48.84734683460296], [2.4890536307751616, 48.85424654032024], [2.5145898211367705, 48.85252451313788], [2.525670945020106, 48.845137476280854], [2.550026754158765, 48.84088525041221], [2.580103342831972, 48.84289619599068], [2.616660606000051, 48.84351408493866], [2.655169106193295, 48.83971015133779], [2.7103828395096956, 48.83671337078136], [2.7724268942340276, 48.85484622851565], [2.7824826512673546, 48.86979506673141]], [[2.238418596250407, 48.892229801568206], [2.295231447641207, 48.874172759565376], [2.3296591495793595, 48.872348840718196], [2.34697651043533, 48.86174503191322], [2.376365660931201, 48.84340211646564], [2.3959444654495297, 48.84823319072756], [2.4325836014183, 48.84734683460296], [2.4890536307751616, 48.85424654032024], [2.5145898211367705, 48.85252451313788], [2.525670945020106, 48.845137476280854], [2.550026754158765, 48.84088525041221], [2.580103342831972, 48.84289619599068], [2.616660606000051, 48.84351408493866], [2.655169106193295, 48.83971015133779]], [[2.238418596250407, 48.892229801568206], [2.295231447641207, 48.874172759565376], [2.3296591495793595, 48.872348840718196], [2.34697651043533, 48.86174503191322], [2.376365660931201, 48.84340211646564], [2.3959444654495297, 48.84823319072756], [2.4325836014183, 48.84734683460296], [2.4890536307751616, 48.85424654032024], [2.5145898211367705, 48.85252451313788], [2.525670945020106, 48.845137476280854], [2.550026754158765, 48.84088525041221], [2.580103342831972, 48.84289619599068], [2.616660606000051, 48.84351408493866], [2.633026934567703, 48.839255049438655], [2.655169106193295, 48.83971015133779]], [[2.655169106193295, 48.83971015133779], [2.633026934567703, 48.839255049438655], [2.616660606000051, 48.84351408493866], [2.580103342831972, 48.84289619599068], [2.550026754158765, 48.84088525041221], [2.525670945020106, 48.845137476280854], [2.5145898211367705, 48.85252451313788], [2.4890536307751616, 48.85424654032024], [2.4325836014183, 48.84734683460296], [2.3959444654495297, 48.84823319072756], [2.376365660931201, 48.84340211646564], [2.34697651043533, 48.86174503191322], [2.3296591495793595, 48.872348840718196], [2.295231447641207, 48.874172759565376], [2.238418596250407, 48.892229801568206], [2.2229862429913676, 48.895886773064674], [2.1851757042018707, 48.92034757911033], [2.1572200388507317, 48.93769529363442], [2.1446722659338855, 48.94574060746957], [2.0936529195192275, 48.95541092942684], [2.040804469960689, 48.93324983956547]], [[2.2229862429913676, 48.895886773064674], [2.238418596250407, 48.892229801568206], [2.295231447641207, 48.874172759565376], [2.3296591495793595, 48.872348840718196], [2.34697651043533, 48.86174503191322], [2.376365660931201, 48.84340211646564], [2.3959444654495297, 48.84823319072756], [2.4325836014183, 48.84734683460296], [2.463537806527943, 48.8437885964859], [2.471683791180998, 48.834306538503405], [2.4638739495546496, 48.82119737360793], [2.4729094308778183, 48.80619648110731], [2.486623744135692, 48.8054097518155], [2.510538043646919, 48.80682309456137], [2.5132322873015256, 48.79532749459459], [2.5074994611650823, 48.77206393780998], [2.504498176690716, 48.752267307821874]], [[2.238418596250407, 48.892229801568206], [2.295231447641207, 48.874172759565376], [2.3296591495793595, 48.872348840718196], [2.34697651043533, 48.86174503191322], [2.376365660931201, 48.84340211646564], [2.3959444654495297, 48.84823319072756], [2.4325836014183, 48.84734683460296], [2.463537806527943, 48.8437885964859], [2.471683791180998, 48.834306538503405], [2.4638739495546496, 48.82119737360793], [2.4729094308778183, 48.80619648110731], [2.486623744135692, 48.8054097518155], [2.510538043646919, 48.80682309456137], [2.5132322873015256, 48.79532749459459], [2.5074994611650823, 48.77206393780998], [2.504498176690716, 48.752267307821874]], [[2.172366417897185, 48.88767250064626], [2.19511769490499, 48.89501972616058], [2.213536495127317, 48.90112974604822], [2.2229862429913676, 48.895886773064674], [2.238418596250407, 48.892229801568206], [2.295231447641207, 48.874172759565376], [2.3296591495793595, 48.872348840718196], [2.34697651043533, 48.86174503191322], [2.376365660931201, 48.84340211646564], [2.3959444654495297, 48.84823319072756], [2.4325836014183, 48.84734683460296], [2.4890536307751616, 48.85424654032024], [2.5145898211367705, 48.85252451313788], [2.525670945020106, 48.845137476280854], [2.550026754158765, 48.84088525041221], [2.580103342831972, 48.84289619599068], [2.616660606000051, 48.84351408493866], [2.633026934567703, 48.839255049438655], [2.655169106193295, 48.83971015133779]], [[2.040804469960689, 48.93324983956547], [2.0936529195192275, 48.95541092942684], [2.1446722659338855, 48.94574060746957], [2.1572200388507317, 48.93769529363442], [2.1851757042018707, 48.92034757911033], [2.2229862429913676, 48.895886773064674], [2.238418596250407, 48.892229801568206], [2.295231447641207, 48.874172759565376], [2.3296591495793595, 48.872348840718196], [2.34697651043533, 48.86174503191322], [2.376365660931201, 48.84340211646564], [2.3959444654495297, 48.84823319072756], [2.4325836014183, 48.84734683460296], [2.463537806527943, 48.8437885964859], [2.471683791180998, 48.834306538503405], [2.4638739495546496, 48.82119737360793], [2.4729094308778183, 48.80619648110731], [2.486623744135692, 48.8054097518155], [2.510538043646919, 48.80682309456137], [2.5132322873015256, 48.79532749459459], [2.5074994611650823, 48.77206393780998], [2.504498176690716, 48.752267307821874]], [[2.095041912326374, 48.898745300550765], [2.122132232303764, 48.89794951079969], [2.1343339900216813, 48.89013759185911], [2.1559376624708975, 48.88519702561107], [2.172366417897185, 48.88767250064626], [2.19511769490499, 48.89501972616058], [2.213536495127317, 48.90112974604822], [2.2229862429913676, 48.895886773064674], [2.238418596250407, 48.892229801568206], [2.295231447641207, 48.874172759565376], [2.3296591495793595, 48.872348840718196], [2.34697651043533, 48.86174503191322], [2.376365660931201, 48.84340211646564], [2.3959444654495297, 48.84823319072756], [2.4325836014183, 48.84734683460296], [2.4890536307751616, 48.85424654032024], [2.5145898211367705, 48.85252451313788], [2.525670945020106, 48.845137476280854], [2.550026754158765, 48.84088525041221], [2.580103342831972, 48.84289619599068], [2.616660606000051, 48.84351408493866], [2.633026934567703, 48.839255049438655], [2.655169106193295, 48.83971015133779]], [[2.7824826512673546, 48.86979506673141], [2.7724268942340276, 48.85484622851565], [2.7103828395096956, 48.83671337078136], [2.655169106193295, 48.83971015133779], [2.633026934567703, 48.839255049438655], [2.616660606000051, 48.84351408493866], [2.580103342831972, 48.84289619599068], [2.550026754158765, 48.84088525041221], [2.525670945020106, 48.845137476280854], [2.5145898211367705, 48.85252451313788], [2.4890536307751616, 48.85424654032024], [2.4325836014183, 48.84734683460296], [2.3959444654495297, 48.84823319072756], [2.376365660931201, 48.84340211646564], [2.34697651043533, 48.86174503191322], [2.3296591495793595, 48.872348840718196], [2.295231447641207, 48.874172759565376], [2.238418596250407, 48.892229801568206], [2.2229862429913676, 48.895886773064674]], [[2.655169106193295, 48.83971015133779], [2.616660606000051, 48.84351408493866], [2.580103342831972, 48.84289619599068], [2.550026754158765, 48.84088525041221], [2.525670945020106, 48.845137476280854], [2.5145898211367705, 48.85252451313788], [2.4890536307751616, 48.85424654032024], [2.4325836014183, 48.84734683460296], [2.3959444654495297, 48.84823319072756], [2.376365660931201, 48.84340211646564], [2.34697651043533, 48.86174503191322], [2.3296591495793595, 48.872348840718196], [2.295231447641207, 48.874172759565376], [2.238418596250407, 48.892229801568206]], [[2.238418596250407, 48.892229801568206], [2.295231447641207, 48.874172759565376], [2.3296591495793595, 48.872348840718196], [2.34697651043533, 48.86174503191322], [2.376365660931201, 48.84340211646564], [2.3959444654495297, 48.84823319072756], [2.4325836014183, 48.84734683460296], [2.4890536307751616, 48.85424654032024], [2.5145898211367705, 48.85252451313788], [2.525670945020106, 48.845137476280854], [2.550026754158765, 48.84088525041221], [2.580103342831972, 48.84289619599068], [2.616660606000051, 48.84351408493866], [2.633026934567703, 48.839255049438655], [2.655169106193295, 48.83971015133779], [2.7103828395096956, 48.83671337078136], [2.7724268942340276, 48.85484622851565], [2.7824826512673546, 48.86979506673141]], [[2.295231447641207, 48.874172759565376], [2.3296591495793595, 48.872348840718196], [2.34697651043533, 48.86174503191322], [2.376365660931201, 48.84340211646564], [2.3959444654495297, 48.84823319072756], [2.4325836014183, 48.84734683460296], [2.4890536307751616, 48.85424654032024], [2.5145898211367705, 48.85252451313788], [2.525670945020106, 48.845137476280854], [2.550026754158765, 48.84088525041221], [2.580103342831972, 48.84289619599068], [2.616660606000051, 48.84351408493866], [2.633026934567703, 48.839255049438655]], [[2.19511769490499, 48.89501972616058], [2.213536495127317, 48.90112974604822], [2.2229862429913676, 48.895886773064674], [2.238418596250407, 48.892229801568206], [2.295231447641207, 48.874172759565376], [2.3296591495793595, 48.872348840718196], [2.34697651043533, 48.86174503191322], [2.376365660931201, 48.84340211646564], [2.3959444654495297, 48.84823319072756], [2.4325836014183, 48.84734683460296], [2.4890536307751616, 48.85424654032024], [2.5145898211367705, 48.85252451313788], [2.525670945020106, 48.845137476280854], [2.550026754158765, 48.84088525041221], [2.580103342831972, 48.84289619599068], [2.616660606000051, 48.84351408493866], [2.633026934567703, 48.839255049438655], [2.655169106193295, 48.83971015133779]], [[2.2229862429913676, 48.895886773064674], [2.1851757042018707, 48.92034757911033], [2.1572200388507317, 48.93769529363442], [2.1446722659338855, 48.94574060746957], [2.0777265246565433, 48.970643570814424], [2.0746499245710193, 48.991156287258484], [2.078348820578231, 49.01374275942672], [2.0797809490013073, 49.036306683133965], [2.0345219282999176, 49.049642166828754], [2.011579068023536, 49.04823262405815]], [[2.040804469960689, 48.93324983956547], [2.0936529195192275, 48.95541092942684], [2.1446722659338855, 48.94574060746957], [2.1572200388507317, 48.93769529363442], [2.1851757042018707, 48.92034757911033], [2.2229862429913676, 48.895886773064674]], [[2.2229862429913676, 48.895886773064674], [2.1851757042018707, 48.92034757911033], [2.1572200388507317, 48.93769529363442], [2.1446722659338855, 48.94574060746957], [2.0936529195192275, 48.95541092942684], [2.040804469960689, 48.93324983956547]], [[2.011579068023536, 49.04823262405815], [2.0345219282999176, 49.049642166828754], [2.0797809490013073, 49.036306683133965], [2.078348820578231, 49.01374275942672], [2.0746499245710193, 48.991156287258484], [2.0777265246565433, 48.970643570814424], [2.1446722659338855, 48.94574060746957], [2.1572200388507317, 48.93769529363442], [2.1851757042018707, 48.92034757911033], [2.2229862429913676, 48.895886773064674]], [[2.2229862429913676, 48.895886773064674], [2.238418596250407, 48.892229801568206], [2.295231447641207, 48.874172759565376], [2.3296591495793595, 48.872348840718196], [2.34697651043533, 48.86174503191322], [2.376365660931201, 48.84340211646564], [2.3959444654495297, 48.84823319072756], [2.4325836014183, 48.84734683460296], [2.4890536307751616, 48.85424654032024], [2.5145898211367705, 48.85252451313788], [2.525670945020106, 48.845137476280854], [2.550026754158765, 48.84088525041221], [2.580103342831972, 48.84289619599068], [2.616660606000051, 48.84351408493866], [2.633026934567703, 48.839255049438655], [2.655169106193295, 48.83971015133779]]], "type": "MultiLineString"}, "properties": {"route_id": "IDFM:C01742", "route_short_name": "A", "route_long_name": "A", "route_type": "Rail", "route_color": "EB2132", "route_url": null, "id_ilico": "C01742", "operatorname": "SNCF", "networkname": "RER", "url": "https://www.ratp.fr/plans-lignes/rer/a", "long_name_first": "A", "geo_point_2d": {"lon": 2.408228581534235, "lat": 48.86756141892986}}}, {"type": "Feature", "geometry": {"coordinates": [[[2.489862086302069, 49.13840546145438], [2.5069908684194053, 49.1261949449139], [2.525517836696695, 49.09951161811565], [2.5018113143714777, 49.04933726826723], [2.477713962139221, 49.03307204384692], [2.4625658079312593, 49.02341075826703], [2.4162467958973055, 48.99377204005172], [2.3899547555239407, 48.97632635843972], [2.3703314284767747, 48.96277628555098], [2.345479004987329, 48.93482889939617], [2.3504430479100207, 48.91769737260247], [2.356693437528564, 48.88230685842714], [2.34697651043533, 48.86174503191322], [2.376365660931201, 48.84340211646564], [2.4264376603578035, 48.80217813521484], [2.4321242678299977, 48.78883131123265], [2.435315840251248, 48.771254072297346], [2.438697833840877, 48.744611139140474], [2.446304786739812, 48.730080267741016], [2.413499342148242, 48.70808932141768], [2.383334629403869, 48.68970940912314], [2.387021960013403, 48.67590783936994], [2.39678605544789, 48.65484195083382], [2.40769076622141, 48.6363396147683], [2.4300329095214526, 48.62588794663492], [2.4520047548737254, 48.623306397197155], [2.472467657639279, 48.61323864277619]], [[2.472467657639279, 48.61323864277619], [2.4520047548737254, 48.623306397197155], [2.4300329095214526, 48.62588794663492], [2.40769076622141, 48.6363396147683], [2.39678605544789, 48.65484195083382], [2.387021960013403, 48.67590783936994], [2.383334629403869, 48.68970940912314], [2.413499342148242, 48.70808932141768], [2.446304786739812, 48.730080267741016], [2.438697833840877, 48.744611139140474], [2.435315840251248, 48.771254072297346], [2.4321242678299977, 48.78883131123265], [2.4264376603578035, 48.80217813521484], [2.376365660931201, 48.84340211646564], [2.34697651043533, 48.86174503191322], [2.356693437528564, 48.88230685842714], [2.3504430479100207, 48.91769737260247], [2.345479004987329, 48.93482889939617], [2.3703314284767747, 48.96277628555098], [2.3899547555239407, 48.97632635843972], [2.4162467958973055, 48.99377204005172]], [[2.383334629403869, 48.68970940912314], [2.387021960013403, 48.67590783936994], [2.414997460834355, 48.659057463386254], [2.4348387319350167, 48.64880840591746], [2.4523091616356028, 48.63439299320402], [2.472467657639279, 48.61323864277619], [2.463295818844443, 48.60581740091332], [2.461533386360794, 48.592814943454], [2.4795222910084975, 48.57358727886637], [2.492424499497774, 48.56619819315809], [2.5426100742385285, 48.56502608446919], [2.5445365646399507, 48.535084951085466], [2.57179291425262, 48.52985734002498], [2.5994097381795305, 48.51507609100275], [2.65469836071817, 48.527491277248295]], [[2.472467657639279, 48.61323864277619], [2.4520047548737254, 48.623306397197155], [2.4300329095214526, 48.62588794663492], [2.40769076622141, 48.6363396147683], [2.39678605544789, 48.65484195083382], [2.387021960013403, 48.67590783936994], [2.383334629403869, 48.68970940912314], [2.413499342148242, 48.70808932141768], [2.446304786739812, 48.730080267741016], [2.438697833840877, 48.744611139140474], [2.435315840251248, 48.771254072297346], [2.4321242678299977, 48.78883131123265], [2.4264376603578035, 48.80217813521484], [2.376365660931201, 48.84340211646564], [2.34697651043533, 48.86174503191322], [2.356693437528564, 48.88230685842714], [2.3504430479100207, 48.91769737260247], [2.345479004987329, 48.93482889939617], [2.3703314284767747, 48.96277628555098], [2.3899547555239407, 48.97632635843972], [2.4162467958973055, 48.99377204005172], [2.4625658079312593, 49.02341075826703], [2.477713962139221, 49.03307204384692], [2.5018113143714777, 49.04933726826723], [2.525517836696695, 49.09951161811565], [2.5069908684194053, 49.1261949449139], [2.489862086302069, 49.13840546145438], [2.4595159140085237, 49.187030004663995], [2.46892902764167, 49.264185555044406]], [[2.472467657639279, 48.61323864277619], [2.4523091616356028, 48.63439299320402], [2.4348387319350167, 48.64880840591746], [2.414997460834355, 48.659057463386254], [2.387021960013403, 48.67590783936994], [2.383334629403869, 48.68970940912314]], [[2.383334629403869, 48.68970940912314], [2.387021960013403, 48.67590783936994], [2.414997460834355, 48.659057463386254], [2.4348387319350167, 48.64880840591746], [2.4523091616356028, 48.63439299320402], [2.472467657639279, 48.61323864277619]], [[2.383334629403869, 48.68970940912314], [2.387021960013403, 48.67590783936994], [2.414997460834355, 48.659057463386254], [2.4348387319350167, 48.64880840591746], [2.4523091616356028, 48.63439299320402], [2.472467657639279, 48.61323864277619], [2.473444919964576, 48.58688228073328], [2.4319348900260658, 48.57054850948166], [2.3700930488013845, 48.53101531216478], [2.352260197381972, 48.4855007310595], [2.3767454804181263, 48.43442542513416], [2.393493661032251, 48.39367132989446], [2.3872541083159335, 48.37149489082515], [2.378618440416535, 48.341208632507616], [2.4010364417288774, 48.293633291470464]], [[2.472467657639279, 48.61323864277619], [2.4520047548737254, 48.623306397197155], [2.4300329095214526, 48.62588794663492], [2.40769076622141, 48.6363396147683], [2.39678605544789, 48.65484195083382], [2.387021960013403, 48.67590783936994], [2.383334629403869, 48.68970940912314], [2.413499342148242, 48.70808932141768], [2.446304786739812, 48.730080267741016], [2.438697833840877, 48.744611139140474], [2.435315840251248, 48.771254072297346], [2.4321242678299977, 48.78883131123265], [2.4264376603578035, 48.80217813521484], [2.376365660931201, 48.84340211646564]], [[2.4162467958973055, 48.99377204005172], [2.3899547555239407, 48.97632635843972], [2.3703314284767747, 48.96277628555098], [2.345479004987329, 48.93482889939617], [2.3504430479100207, 48.91769737260247], [2.356693437528564, 48.88230685842714], [2.34697651043533, 48.86174503191322], [2.376365660931201, 48.84340211646564], [2.4264376603578035, 48.80217813521484], [2.4321242678299977, 48.78883131123265], [2.435315840251248, 48.771254072297346], [2.438697833840877, 48.744611139140474], [2.446304786739812, 48.730080267741016], [2.413499342148242, 48.70808932141768], [2.383334629403869, 48.68970940912314], [2.387021960013403, 48.67590783936994], [2.39678605544789, 48.65484195083382], [2.40769076622141, 48.6363396147683], [2.4300329095214526, 48.62588794663492], [2.4520047548737254, 48.623306397197155], [2.472467657639279, 48.61323864277619]], [[2.46892902764167, 49.264185555044406], [2.4595159140085237, 49.187030004663995], [2.489862086302069, 49.13840546145438], [2.5069908684194053, 49.1261949449139], [2.525517836696695, 49.09951161811565], [2.5018113143714777, 49.04933726826723], [2.477713962139221, 49.03307204384692], [2.4625658079312593, 49.02341075826703], [2.4162467958973055, 48.99377204005172], [2.3899547555239407, 48.97632635843972], [2.3703314284767747, 48.96277628555098], [2.345479004987329, 48.93482889939617], [2.3504430479100207, 48.91769737260247], [2.356693437528564, 48.88230685842714], [2.34697651043533, 48.86174503191322], [2.376365660931201, 48.84340211646564], [2.4264376603578035, 48.80217813521484], [2.4321242678299977, 48.78883131123265], [2.435315840251248, 48.771254072297346], [2.438697833840877, 48.744611139140474], [2.446304786739812, 48.730080267741016], [2.413499342148242, 48.70808932141768], [2.383334629403869, 48.68970940912314], [2.387021960013403, 48.67590783936994], [2.39678605544789, 48.65484195083382], [2.40769076622141, 48.6363396147683], [2.4300329095214526, 48.62588794663492], [2.4520047548737254, 48.623306397197155], [2.472467657639279, 48.61323864277619]], [[2.376365660931201, 48.84340211646564], [2.4264376603578035, 48.80217813521484], [2.4321242678299977, 48.78883131123265], [2.435315840251248, 48.771254072297346], [2.438697833840877, 48.744611139140474], [2.446304786739812, 48.730080267741016], [2.413499342148242, 48.70808932141768], [2.383334629403869, 48.68970940912314], [2.387021960013403, 48.67590783936994], [2.39678605544789, 48.65484195083382], [2.40769076622141, 48.6363396147683], [2.4300329095214526, 48.62588794663492], [2.4520047548737254, 48.623306397197155], [2.472467657639279, 48.61323864277619]], [[2.65469836071817, 48.527491277248295], [2.5994097381795305, 48.51507609100275], [2.57179291425262, 48.52985734002498], [2.5445365646399507, 48.535084951085466], [2.5426100742385285, 48.56502608446919], [2.492424499497774, 48.56619819315809], [2.4795222910084975, 48.57358727886637], [2.461533386360794, 48.592814943454], [2.463295818844443, 48.60581740091332], [2.472467657639279, 48.61323864277619], [2.4523091616356028, 48.63439299320402], [2.4348387319350167, 48.64880840591746], [2.414997460834355, 48.659057463386254], [2.387021960013403, 48.67590783936994], [2.383334629403869, 48.68970940912314]], [[2.376365660931201, 48.84340211646564], [2.4264376603578035, 48.80217813521484], [2.435315840251248, 48.771254072297346], [2.446304786739812, 48.730080267741016], [2.461377446437224, 48.70871108366713], [2.483187005163047, 48.7064507273249], [2.5068503123113692, 48.698914475306886], [2.533195809235637, 48.68087387117553], [2.5476998823085504, 48.667819721800015]], [[2.4625658079312593, 49.02341075826703], [2.4162467958973055, 48.99377204005172], [2.3899547555239407, 48.97632635843972], [2.3703314284767747, 48.96277628555098], [2.345479004987329, 48.93482889939617], [2.3504430479100207, 48.91769737260247], [2.356693437528564, 48.88230685842714], [2.34697651043533, 48.86174503191322], [2.376365660931201, 48.84340211646564], [2.4264376603578035, 48.80217813521484], [2.435315840251248, 48.771254072297346], [2.446304786739812, 48.730080267741016], [2.461377446437224, 48.70871108366713], [2.483187005163047, 48.7064507273249], [2.5068503123113692, 48.698914475306886], [2.533195809235637, 48.68087387117553], [2.5476998823085504, 48.667819721800015]], [[2.5476998823085504, 48.667819721800015], [2.533195809235637, 48.68087387117553], [2.5068503123113692, 48.698914475306886], [2.483187005163047, 48.7064507273249], [2.461377446437224, 48.70871108366713], [2.446304786739812, 48.730080267741016], [2.438697833840877, 48.744611139140474], [2.435315840251248, 48.771254072297346], [2.4321242678299977, 48.78883131123265], [2.4264376603578035, 48.80217813521484], [2.376365660931201, 48.84340211646564]], [[2.472467657639279, 48.61323864277619], [2.4520047548737254, 48.623306397197155], [2.4300329095214526, 48.62588794663492], [2.40769076622141, 48.6363396147683], [2.39678605544789, 48.65484195083382], [2.387021960013403, 48.67590783936994], [2.383334629403869, 48.68970940912314], [2.413499342148242, 48.70808932141768], [2.446304786739812, 48.730080267741016], [2.438697833840877, 48.744611139140474], [2.435315840251248, 48.771254072297346], [2.4321242678299977, 48.78883131123265], [2.4264376603578035, 48.80217813521484], [2.376365660931201, 48.84340211646564], [2.34697651043533, 48.86174503191322], [2.356693437528564, 48.88230685842714], [2.3504430479100207, 48.91769737260247], [2.345479004987329, 48.93482889939617], [2.3703314284767747, 48.96277628555098], [2.3899547555239407, 48.97632635843972], [2.4162467958973055, 48.99377204005172], [2.4625658079312593, 49.02341075826703], [2.477713962139221, 49.03307204384692], [2.5018113143714777, 49.04933726826723], [2.525517836696695, 49.09951161811565], [2.5069908684194053, 49.1261949449139], [2.489862086302069, 49.13840546145438]], [[2.4010364417288774, 48.293633291470464], [2.378618440416535, 48.341208632507616], [2.3872541083159335, 48.37149489082515], [2.393493661032251, 48.39367132989446], [2.3767454804181263, 48.43442542513416], [2.352260197381972, 48.4855007310595], [2.3700930488013845, 48.53101531216478], [2.4319348900260658, 48.57054850948166], [2.473444919964576, 48.58688228073328], [2.472467657639279, 48.61323864277619], [2.4523091616356028, 48.63439299320402], [2.4348387319350167, 48.64880840591746], [2.414997460834355, 48.659057463386254], [2.387021960013403, 48.67590783936994], [2.383334629403869, 48.68970940912314]], [[2.4010364417288774, 48.293633291470464], [2.378618440416535, 48.341208632507616], [2.3872541083159335, 48.37149489082515], [2.393493661032251, 48.39367132989446], [2.3767454804181263, 48.43442542513416], [2.352260197381972, 48.4855007310595], [2.3700930488013845, 48.53101531216478], [2.4319348900260658, 48.57054850948166], [2.473444919964576, 48.58688228073328], [2.472467657639279, 48.61323864277619], [2.4523091616356028, 48.63439299320402], [2.4348387319350167, 48.64880840591746], [2.414997460834355, 48.659057463386254], [2.387021960013403, 48.67590783936994], [2.383334629403869, 48.68970940912314], [2.376365660931201, 48.84340211646564]], [[2.472467657639279, 48.61323864277619], [2.4523091616356028, 48.63439299320402], [2.4348387319350167, 48.64880840591746], [2.414997460834355, 48.659057463386254], [2.387021960013403, 48.67590783936994], [2.383334629403869, 48.68970940912314], [2.376365660931201, 48.84340211646564]], [[2.376365660931201, 48.84340211646564], [2.383334629403869, 48.68970940912314], [2.387021960013403, 48.67590783936994], [2.414997460834355, 48.659057463386254], [2.4348387319350167, 48.64880840591746], [2.4523091616356028, 48.63439299320402], [2.472467657639279, 48.61323864277619], [2.473444919964576, 48.58688228073328], [2.4319348900260658, 48.57054850948166], [2.3700930488013845, 48.53101531216478], [2.352260197381972, 48.4855007310595], [2.3767454804181263, 48.43442542513416], [2.393493661032251, 48.39367132989446], [2.3872541083159335, 48.37149489082515], [2.378618440416535, 48.341208632507616], [2.4010364417288774, 48.293633291470464]], [[2.376365660931201, 48.84340211646564], [2.383334629403869, 48.68970940912314], [2.387021960013403, 48.67590783936994], [2.414997460834355, 48.659057463386254], [2.4348387319350167, 48.64880840591746], [2.4523091616356028, 48.63439299320402], [2.472467657639279, 48.61323864277619]], [[2.5476998823085504, 48.667819721800015], [2.533195809235637, 48.68087387117553], [2.5068503123113692, 48.698914475306886], [2.483187005163047, 48.7064507273249], [2.461377446437224, 48.70871108366713], [2.446304786739812, 48.730080267741016], [2.435315840251248, 48.771254072297346], [2.4264376603578035, 48.80217813521484], [2.376365660931201, 48.84340211646564], [2.34697651043533, 48.86174503191322], [2.356693437528564, 48.88230685842714], [2.3504430479100207, 48.91769737260247], [2.345479004987329, 48.93482889939617], [2.3703314284767747, 48.96277628555098], [2.3899547555239407, 48.97632635843972], [2.4162467958973055, 48.99377204005172], [2.4625658079312593, 49.02341075826703]], [[2.5476998823085504, 48.667819721800015], [2.533195809235637, 48.68087387117553], [2.5068503123113692, 48.698914475306886], [2.483187005163047, 48.7064507273249], [2.461377446437224, 48.70871108366713], [2.446304786739812, 48.730080267741016], [2.435315840251248, 48.771254072297346], [2.4264376603578035, 48.80217813521484], [2.376365660931201, 48.84340211646564]], [[2.5476998823085504, 48.667819721800015], [2.533195809235637, 48.68087387117553], [2.5068503123113692, 48.698914475306886], [2.483187005163047, 48.7064507273249], [2.461377446437224, 48.70871108366713], [2.446304786739812, 48.730080267741016], [2.435315840251248, 48.771254072297346], [2.4264376603578035, 48.80217813521484], [2.376365660931201, 48.84340211646564], [2.34697651043533, 48.86174503191322], [2.356693437528564, 48.88230685842714], [2.3504430479100207, 48.91769737260247]], [[2.4625658079312593, 49.02341075826703], [2.4162467958973055, 48.99377204005172], [2.3899547555239407, 48.97632635843972], [2.3703314284767747, 48.96277628555098], [2.345479004987329, 48.93482889939617], [2.3504430479100207, 48.91769737260247], [2.356693437528564, 48.88230685842714], [2.34697651043533, 48.86174503191322], [2.376365660931201, 48.84340211646564], [2.4264376603578035, 48.80217813521484], [2.435315840251248, 48.771254072297346], [2.446304786739812, 48.730080267741016], [2.461377446437224, 48.70871108366713], [2.483187005163047, 48.7064507273249], [2.5068503123113692, 48.698914475306886], [2.533195809235637, 48.68087387117553], [2.5476998823085504, 48.667819721800015], [2.569507070898012, 48.62833648393033], [2.5839359760934313, 48.59548998563483], [2.5946150549367304, 48.56486314053174], [2.6255537322060074, 48.538746730738936], [2.65469836071817, 48.527491277248295]], [[2.489862086302069, 49.13840546145438], [2.5069908684194053, 49.1261949449139], [2.525517836696695, 49.09951161811565], [2.5018113143714777, 49.04933726826723], [2.477713962139221, 49.03307204384692], [2.4625658079312593, 49.02341075826703], [2.4162467958973055, 48.99377204005172], [2.3899547555239407, 48.97632635843972], [2.3703314284767747, 48.96277628555098], [2.345479004987329, 48.93482889939617], [2.3504430479100207, 48.91769737260247], [2.356693437528564, 48.88230685842714], [2.34697651043533, 48.86174503191322], [2.376365660931201, 48.84340211646564], [2.4264376603578035, 48.80217813521484], [2.4321242678299977, 48.78883131123265], [2.435315840251248, 48.771254072297346], [2.438697833840877, 48.744611139140474], [2.446304786739812, 48.730080267741016], [2.413499342148242, 48.70808932141768], [2.383334629403869, 48.68970940912314], [2.39678605544789, 48.65484195083382], [2.40769076622141, 48.6363396147683], [2.4300329095214526, 48.62588794663492], [2.4520047548737254, 48.623306397197155], [2.472467657639279, 48.61323864277619]], [[2.4162467958973055, 48.99377204005172], [2.3899547555239407, 48.97632635843972], [2.3703314284767747, 48.96277628555098], [2.345479004987329, 48.93482889939617], [2.3504430479100207, 48.91769737260247], [2.356693437528564, 48.88230685842714], [2.34697651043533, 48.86174503191322], [2.376365660931201, 48.84340211646564], [2.4264376603578035, 48.80217813521484], [2.4321242678299977, 48.78883131123265], [2.435315840251248, 48.771254072297346], [2.438697833840877, 48.744611139140474], [2.446304786739812, 48.730080267741016], [2.413499342148242, 48.70808932141768], [2.383334629403869, 48.68970940912314], [2.39678605544789, 48.65484195083382], [2.40769076622141, 48.6363396147683], [2.4300329095214526, 48.62588794663492], [2.4520047548737254, 48.623306397197155], [2.472467657639279, 48.61323864277619]], [[2.46892902764167, 49.264185555044406], [2.4595159140085237, 49.187030004663995], [2.489862086302069, 49.13840546145438], [2.5069908684194053, 49.1261949449139], [2.525517836696695, 49.09951161811565], [2.5018113143714777, 49.04933726826723], [2.477713962139221, 49.03307204384692], [2.4625658079312593, 49.02341075826703], [2.4162467958973055, 48.99377204005172], [2.3899547555239407, 48.97632635843972], [2.3703314284767747, 48.96277628555098], [2.345479004987329, 48.93482889939617], [2.3504430479100207, 48.91769737260247], [2.356693437528564, 48.88230685842714], [2.34697651043533, 48.86174503191322], [2.376365660931201, 48.84340211646564], [2.4264376603578035, 48.80217813521484], [2.4321242678299977, 48.78883131123265], [2.435315840251248, 48.771254072297346], [2.438697833840877, 48.744611139140474], [2.446304786739812, 48.730080267741016], [2.413499342148242, 48.70808932141768], [2.383334629403869, 48.68970940912314], [2.39678605544789, 48.65484195083382], [2.40769076622141, 48.6363396147683], [2.4300329095214526, 48.62588794663492], [2.4520047548737254, 48.623306397197155], [2.472467657639279, 48.61323864277619]], [[2.4162467958973055, 48.99377204005172], [2.3899547555239407, 48.97632635843972], [2.3703314284767747, 48.96277628555098], [2.345479004987329, 48.93482889939617], [2.3504430479100207, 48.91769737260247], [2.356693437528564, 48.88230685842714], [2.34697651043533, 48.86174503191322], [2.376365660931201, 48.84340211646564], [2.4264376603578035, 48.80217813521484], [2.446304786739812, 48.730080267741016], [2.413499342148242, 48.70808932141768], [2.383334629403869, 48.68970940912314], [2.387021960013403, 48.67590783936994], [2.39678605544789, 48.65484195083382], [2.40769076622141, 48.6363396147683], [2.4300329095214526, 48.62588794663492], [2.4520047548737254, 48.623306397197155], [2.472467657639279, 48.61323864277619]], [[2.376365660931201, 48.84340211646564], [2.4264376603578035, 48.80217813521484], [2.446304786739812, 48.730080267741016], [2.413499342148242, 48.70808932141768], [2.383334629403869, 48.68970940912314], [2.387021960013403, 48.67590783936994], [2.39678605544789, 48.65484195083382], [2.40769076622141, 48.6363396147683], [2.4300329095214526, 48.62588794663492], [2.4520047548737254, 48.623306397197155], [2.472467657639279, 48.61323864277619]], [[2.4162467958973055, 48.99377204005172], [2.3899547555239407, 48.97632635843972], [2.3703314284767747, 48.96277628555098], [2.345479004987329, 48.93482889939617], [2.3504430479100207, 48.91769737260247], [2.356693437528564, 48.88230685842714], [2.34697651043533, 48.86174503191322], [2.376365660931201, 48.84340211646564], [2.4264376603578035, 48.80217813521484], [2.446304786739812, 48.730080267741016], [2.413499342148242, 48.70808932141768], [2.383334629403869, 48.68970940912314]], [[2.4625658079312593, 49.02341075826703], [2.4162467958973055, 48.99377204005172], [2.3899547555239407, 48.97632635843972], [2.3703314284767747, 48.96277628555098], [2.345479004987329, 48.93482889939617], [2.3504430479100207, 48.91769737260247], [2.356693437528564, 48.88230685842714], [2.34697651043533, 48.86174503191322], [2.376365660931201, 48.84340211646564], [2.4264376603578035, 48.80217813521484], [2.4321242678299977, 48.78883131123265], [2.435315840251248, 48.771254072297346], [2.438697833840877, 48.744611139140474], [2.446304786739812, 48.730080267741016], [2.413499342148242, 48.70808932141768], [2.383334629403869, 48.68970940912314], [2.387021960013403, 48.67590783936994], [2.39678605544789, 48.65484195083382], [2.40769076622141, 48.6363396147683], [2.4300329095214526, 48.62588794663492], [2.4520047548737254, 48.623306397197155], [2.472467657639279, 48.61323864277619]], [[2.376365660931201, 48.84340211646564], [2.4264376603578035, 48.80217813521484], [2.4321242678299977, 48.78883131123265], [2.435315840251248, 48.771254072297346], [2.438697833840877, 48.744611139140474], [2.446304786739812, 48.730080267741016], [2.413499342148242, 48.70808932141768], [2.383334629403869, 48.68970940912314], [2.39678605544789, 48.65484195083382], [2.40769076622141, 48.6363396147683], [2.4300329095214526, 48.62588794663492], [2.4520047548737254, 48.623306397197155], [2.472467657639279, 48.61323864277619]], [[2.4625658079312593, 49.02341075826703], [2.4162467958973055, 48.99377204005172], [2.3899547555239407, 48.97632635843972], [2.3703314284767747, 48.96277628555098], [2.345479004987329, 48.93482889939617], [2.3504430479100207, 48.91769737260247], [2.356693437528564, 48.88230685842714], [2.34697651043533, 48.86174503191322], [2.376365660931201, 48.84340211646564], [2.446304786739812, 48.730080267741016], [2.413499342148242, 48.70808932141768], [2.383334629403869, 48.68970940912314], [2.387021960013403, 48.67590783936994], [2.39678605544789, 48.65484195083382], [2.40769076622141, 48.6363396147683], [2.4300329095214526, 48.62588794663492], [2.4520047548737254, 48.623306397197155], [2.472467657639279, 48.61323864277619]], [[2.376365660931201, 48.84340211646564], [2.446304786739812, 48.730080267741016], [2.413499342148242, 48.70808932141768], [2.383334629403869, 48.68970940912314], [2.387021960013403, 48.67590783936994], [2.39678605544789, 48.65484195083382], [2.40769076622141, 48.6363396147683], [2.4300329095214526, 48.62588794663492], [2.4520047548737254, 48.623306397197155], [2.472467657639279, 48.61323864277619]], [[2.4162467958973055, 48.99377204005172], [2.3899547555239407, 48.97632635843972], [2.3703314284767747, 48.96277628555098], [2.345479004987329, 48.93482889939617], [2.3504430479100207, 48.91769737260247], [2.356693437528564, 48.88230685842714], [2.34697651043533, 48.86174503191322], [2.376365660931201, 48.84340211646564], [2.4264376603578035, 48.80217813521484], [2.446304786739812, 48.730080267741016], [2.413499342148242, 48.70808932141768], [2.383334629403869, 48.68970940912314], [2.414997460834355, 48.659057463386254], [2.4348387319350167, 48.64880840591746], [2.4523091616356028, 48.63439299320402], [2.472467657639279, 48.61323864277619]], [[2.65469836071817, 48.527491277248295], [2.5994097381795305, 48.51507609100275], [2.57179291425262, 48.52985734002498], [2.5445365646399507, 48.535084951085466], [2.5426100742385285, 48.56502608446919], [2.492424499497774, 48.56619819315809], [2.4795222910084975, 48.57358727886637], [2.461533386360794, 48.592814943454], [2.463295818844443, 48.60581740091332], [2.472467657639279, 48.61323864277619]], [[2.472467657639279, 48.61323864277619], [2.463295818844443, 48.60581740091332], [2.461533386360794, 48.592814943454], [2.4795222910084975, 48.57358727886637], [2.492424499497774, 48.56619819315809], [2.5426100742385285, 48.56502608446919], [2.5445365646399507, 48.535084951085466], [2.57179291425262, 48.52985734002498], [2.5994097381795305, 48.51507609100275], [2.65469836071817, 48.527491277248295]], [[2.472467657639279, 48.61323864277619], [2.4520047548737254, 48.623306397197155], [2.4300329095214526, 48.62588794663492], [2.40769076622141, 48.6363396147683], [2.39678605544789, 48.65484195083382], [2.387021960013403, 48.67590783936994], [2.383334629403869, 48.68970940912314], [2.413499342148242, 48.70808932141768], [2.446304786739812, 48.730080267741016], [2.376365660931201, 48.84340211646564]], [[2.472467657639279, 48.61323864277619], [2.4520047548737254, 48.623306397197155], [2.4300329095214526, 48.62588794663492], [2.40769076622141, 48.6363396147683], [2.39678605544789, 48.65484195083382], [2.387021960013403, 48.67590783936994], [2.383334629403869, 48.68970940912314], [2.413499342148242, 48.70808932141768], [2.446304786739812, 48.730080267741016], [2.376365660931201, 48.84340211646564], [2.34697651043533, 48.86174503191322], [2.356693437528564, 48.88230685842714], [2.3504430479100207, 48.91769737260247], [2.345479004987329, 48.93482889939617], [2.3703314284767747, 48.96277628555098], [2.3899547555239407, 48.97632635843972], [2.4162467958973055, 48.99377204005172], [2.4625658079312593, 49.02341075826703]], [[2.472467657639279, 48.61323864277619], [2.4520047548737254, 48.623306397197155], [2.4300329095214526, 48.62588794663492], [2.40769076622141, 48.6363396147683], [2.39678605544789, 48.65484195083382], [2.387021960013403, 48.67590783936994], [2.383334629403869, 48.68970940912314], [2.413499342148242, 48.70808932141768], [2.446304786739812, 48.730080267741016], [2.438697833840877, 48.744611139140474], [2.435315840251248, 48.771254072297346], [2.4321242678299977, 48.78883131123265], [2.4264376603578035, 48.80217813521484], [2.376365660931201, 48.84340211646564], [2.34697651043533, 48.86174503191322], [2.356693437528564, 48.88230685842714], [2.3504430479100207, 48.91769737260247], [2.345479004987329, 48.93482889939617], [2.3703314284767747, 48.96277628555098], [2.3899547555239407, 48.97632635843972], [2.4162467958973055, 48.99377204005172], [2.4625658079312593, 49.02341075826703]], [[2.472467657639279, 48.61323864277619], [2.4520047548737254, 48.623306397197155], [2.4300329095214526, 48.62588794663492], [2.40769076622141, 48.6363396147683], [2.39678605544789, 48.65484195083382], [2.383334629403869, 48.68970940912314], [2.413499342148242, 48.70808932141768], [2.446304786739812, 48.730080267741016], [2.438697833840877, 48.744611139140474], [2.435315840251248, 48.771254072297346], [2.4321242678299977, 48.78883131123265], [2.4264376603578035, 48.80217813521484], [2.376365660931201, 48.84340211646564], [2.34697651043533, 48.86174503191322], [2.356693437528564, 48.88230685842714], [2.3504430479100207, 48.91769737260247], [2.345479004987329, 48.93482889939617], [2.3703314284767747, 48.96277628555098], [2.3899547555239407, 48.97632635843972], [2.4162467958973055, 48.99377204005172]], [[2.472467657639279, 48.61323864277619], [2.4520047548737254, 48.623306397197155], [2.4300329095214526, 48.62588794663492], [2.40769076622141, 48.6363396147683], [2.39678605544789, 48.65484195083382], [2.383334629403869, 48.68970940912314], [2.413499342148242, 48.70808932141768], [2.446304786739812, 48.730080267741016], [2.438697833840877, 48.744611139140474], [2.435315840251248, 48.771254072297346], [2.4321242678299977, 48.78883131123265], [2.4264376603578035, 48.80217813521484], [2.376365660931201, 48.84340211646564], [2.34697651043533, 48.86174503191322], [2.356693437528564, 48.88230685842714], [2.3504430479100207, 48.91769737260247]], [[2.472467657639279, 48.61323864277619], [2.4520047548737254, 48.623306397197155], [2.4300329095214526, 48.62588794663492], [2.40769076622141, 48.6363396147683], [2.39678605544789, 48.65484195083382], [2.383334629403869, 48.68970940912314], [2.413499342148242, 48.70808932141768], [2.446304786739812, 48.730080267741016], [2.438697833840877, 48.744611139140474], [2.435315840251248, 48.771254072297346], [2.4321242678299977, 48.78883131123265], [2.4264376603578035, 48.80217813521484], [2.376365660931201, 48.84340211646564]], [[2.472467657639279, 48.61323864277619], [2.4520047548737254, 48.623306397197155], [2.4300329095214526, 48.62588794663492], [2.40769076622141, 48.6363396147683], [2.39678605544789, 48.65484195083382], [2.387021960013403, 48.67590783936994], [2.383334629403869, 48.68970940912314], [2.413499342148242, 48.70808932141768], [2.446304786739812, 48.730080267741016], [2.4264376603578035, 48.80217813521484], [2.376365660931201, 48.84340211646564]], [[2.472467657639279, 48.61323864277619], [2.4520047548737254, 48.623306397197155], [2.4300329095214526, 48.62588794663492], [2.40769076622141, 48.6363396147683], [2.39678605544789, 48.65484195083382], [2.383334629403869, 48.68970940912314], [2.413499342148242, 48.70808932141768], [2.446304786739812, 48.730080267741016], [2.438697833840877, 48.744611139140474], [2.435315840251248, 48.771254072297346], [2.4321242678299977, 48.78883131123265], [2.4264376603578035, 48.80217813521484], [2.376365660931201, 48.84340211646564], [2.34697651043533, 48.86174503191322], [2.356693437528564, 48.88230685842714], [2.3504430479100207, 48.91769737260247], [2.345479004987329, 48.93482889939617], [2.3703314284767747, 48.96277628555098], [2.3899547555239407, 48.97632635843972], [2.4162467958973055, 48.99377204005172], [2.4625658079312593, 49.02341075826703]], [[2.472467657639279, 48.61323864277619], [2.4520047548737254, 48.623306397197155], [2.4300329095214526, 48.62588794663492], [2.40769076622141, 48.6363396147683], [2.39678605544789, 48.65484195083382], [2.383334629403869, 48.68970940912314], [2.413499342148242, 48.70808932141768], [2.446304786739812, 48.730080267741016], [2.438697833840877, 48.744611139140474], [2.435315840251248, 48.771254072297346], [2.4321242678299977, 48.78883131123265], [2.4264376603578035, 48.80217813521484], [2.376365660931201, 48.84340211646564], [2.34697651043533, 48.86174503191322], [2.356693437528564, 48.88230685842714], [2.3504430479100207, 48.91769737260247], [2.345479004987329, 48.93482889939617], [2.3703314284767747, 48.96277628555098], [2.3899547555239407, 48.97632635843972], [2.4162467958973055, 48.99377204005172], [2.4625658079312593, 49.02341075826703], [2.477713962139221, 49.03307204384692], [2.5018113143714777, 49.04933726826723], [2.525517836696695, 49.09951161811565], [2.5069908684194053, 49.1261949449139], [2.489862086302069, 49.13840546145438], [2.4595159140085237, 49.187030004663995], [2.46892902764167, 49.264185555044406]], [[2.472467657639279, 48.61323864277619], [2.4520047548737254, 48.623306397197155], [2.4300329095214526, 48.62588794663492], [2.40769076622141, 48.6363396147683], [2.39678605544789, 48.65484195083382], [2.383334629403869, 48.68970940912314], [2.413499342148242, 48.70808932141768], [2.446304786739812, 48.730080267741016], [2.438697833840877, 48.744611139140474], [2.435315840251248, 48.771254072297346], [2.4321242678299977, 48.78883131123265], [2.4264376603578035, 48.80217813521484], [2.376365660931201, 48.84340211646564], [2.34697651043533, 48.86174503191322], [2.356693437528564, 48.88230685842714], [2.3504430479100207, 48.91769737260247], [2.345479004987329, 48.93482889939617], [2.3703314284767747, 48.96277628555098], [2.3899547555239407, 48.97632635843972], [2.4162467958973055, 48.99377204005172], [2.4625658079312593, 49.02341075826703], [2.477713962139221, 49.03307204384692], [2.5018113143714777, 49.04933726826723], [2.525517836696695, 49.09951161811565], [2.5069908684194053, 49.1261949449139], [2.489862086302069, 49.13840546145438]], [[2.472467657639279, 48.61323864277619], [2.4520047548737254, 48.623306397197155], [2.4300329095214526, 48.62588794663492], [2.40769076622141, 48.6363396147683], [2.39678605544789, 48.65484195083382], [2.387021960013403, 48.67590783936994], [2.383334629403869, 48.68970940912314], [2.413499342148242, 48.70808932141768], [2.446304786739812, 48.730080267741016], [2.4264376603578035, 48.80217813521484], [2.376365660931201, 48.84340211646564], [2.34697651043533, 48.86174503191322], [2.356693437528564, 48.88230685842714], [2.3504430479100207, 48.91769737260247], [2.345479004987329, 48.93482889939617], [2.3703314284767747, 48.96277628555098], [2.3899547555239407, 48.97632635843972], [2.4162467958973055, 48.99377204005172]], [[2.4625658079312593, 49.02341075826703], [2.4162467958973055, 48.99377204005172], [2.3899547555239407, 48.97632635843972], [2.3703314284767747, 48.96277628555098], [2.345479004987329, 48.93482889939617], [2.3504430479100207, 48.91769737260247], [2.356693437528564, 48.88230685842714], [2.34697651043533, 48.86174503191322], [2.376365660931201, 48.84340211646564], [2.446304786739812, 48.730080267741016], [2.461377446437224, 48.70871108366713], [2.483187005163047, 48.7064507273249], [2.5068503123113692, 48.698914475306886], [2.533195809235637, 48.68087387117553], [2.5476998823085504, 48.667819721800015], [2.569507070898012, 48.62833648393033], [2.5839359760934313, 48.59548998563483], [2.5946150549367304, 48.56486314053174], [2.6255537322060074, 48.538746730738936], [2.65469836071817, 48.527491277248295]], [[2.4625658079312593, 49.02341075826703], [2.4162467958973055, 48.99377204005172], [2.3899547555239407, 48.97632635843972], [2.3703314284767747, 48.96277628555098], [2.345479004987329, 48.93482889939617], [2.3504430479100207, 48.91769737260247], [2.356693437528564, 48.88230685842714]], [[2.4625658079312593, 49.02341075826703], [2.4162467958973055, 48.99377204005172], [2.3899547555239407, 48.97632635843972], [2.3703314284767747, 48.96277628555098], [2.345479004987329, 48.93482889939617], [2.3504430479100207, 48.91769737260247], [2.356693437528564, 48.88230685842714], [2.34697651043533, 48.86174503191322], [2.376365660931201, 48.84340211646564], [2.446304786739812, 48.730080267741016], [2.461377446437224, 48.70871108366713], [2.483187005163047, 48.7064507273249], [2.5068503123113692, 48.698914475306886], [2.533195809235637, 48.68087387117553], [2.5476998823085504, 48.667819721800015]], [[2.376365660931201, 48.84340211646564], [2.446304786739812, 48.730080267741016], [2.461377446437224, 48.70871108366713], [2.483187005163047, 48.7064507273249], [2.5068503123113692, 48.698914475306886], [2.533195809235637, 48.68087387117553], [2.5476998823085504, 48.667819721800015]], [[2.376365660931201, 48.84340211646564], [2.446304786739812, 48.730080267741016], [2.461377446437224, 48.70871108366713], [2.483187005163047, 48.7064507273249], [2.5068503123113692, 48.698914475306886], [2.533195809235637, 48.68087387117553], [2.5476998823085504, 48.667819721800015], [2.569507070898012, 48.62833648393033], [2.5839359760934313, 48.59548998563483], [2.5946150549367304, 48.56486314053174], [2.6255537322060074, 48.538746730738936], [2.65469836071817, 48.527491277248295]], [[2.376365660931201, 48.84340211646564], [2.34697651043533, 48.86174503191322], [2.356693437528564, 48.88230685842714], [2.3504430479100207, 48.91769737260247], [2.345479004987329, 48.93482889939617], [2.3703314284767747, 48.96277628555098], [2.3899547555239407, 48.97632635843972], [2.4162467958973055, 48.99377204005172], [2.4625658079312593, 49.02341075826703], [2.477713962139221, 49.03307204384692], [2.5018113143714777, 49.04933726826723], [2.525517836696695, 49.09951161811565], [2.5069908684194053, 49.1261949449139], [2.489862086302069, 49.13840546145438]], [[2.65469836071817, 48.527491277248295], [2.6255537322060074, 48.538746730738936], [2.5946150549367304, 48.56486314053174], [2.5839359760934313, 48.59548998563483], [2.569507070898012, 48.62833648393033], [2.5476998823085504, 48.667819721800015], [2.533195809235637, 48.68087387117553], [2.5068503123113692, 48.698914475306886], [2.483187005163047, 48.7064507273249], [2.461377446437224, 48.70871108366713], [2.446304786739812, 48.730080267741016], [2.435315840251248, 48.771254072297346], [2.4264376603578035, 48.80217813521484], [2.376365660931201, 48.84340211646564], [2.34697651043533, 48.86174503191322], [2.356693437528564, 48.88230685842714], [2.3504430479100207, 48.91769737260247], [2.345479004987329, 48.93482889939617], [2.3703314284767747, 48.96277628555098], [2.3899547555239407, 48.97632635843972], [2.4162467958973055, 48.99377204005172], [2.4625658079312593, 49.02341075826703]], [[2.5476998823085504, 48.667819721800015], [2.533195809235637, 48.68087387117553], [2.5068503123113692, 48.698914475306886], [2.483187005163047, 48.7064507273249], [2.461377446437224, 48.70871108366713], [2.446304786739812, 48.730080267741016], [2.376365660931201, 48.84340211646564]], [[2.65469836071817, 48.527491277248295], [2.6255537322060074, 48.538746730738936], [2.5946150549367304, 48.56486314053174], [2.5839359760934313, 48.59548998563483], [2.569507070898012, 48.62833648393033], [2.5476998823085504, 48.667819721800015], [2.533195809235637, 48.68087387117553], [2.5068503123113692, 48.698914475306886], [2.483187005163047, 48.7064507273249], [2.461377446437224, 48.70871108366713], [2.446304786739812, 48.730080267741016], [2.376365660931201, 48.84340211646564]], [[2.472467657639279, 48.61323864277619], [2.4520047548737254, 48.623306397197155], [2.4300329095214526, 48.62588794663492], [2.40769076622141, 48.6363396147683], [2.39678605544789, 48.65484195083382], [2.387021960013403, 48.67590783936994], [2.383334629403869, 48.68970940912314], [2.413499342148242, 48.70808932141768], [2.446304786739812, 48.730080267741016], [2.438697833840877, 48.744611139140474], [2.435315840251248, 48.771254072297346], [2.4321242678299977, 48.78883131123265], [2.4264376603578035, 48.80217813521484], [2.376365660931201, 48.84340211646564], [2.34697651043533, 48.86174503191322], [2.356693437528564, 48.88230685842714], [2.3504430479100207, 48.91769737260247]], [[2.65469836071817, 48.527491277248295], [2.6255537322060074, 48.538746730738936], [2.5946150549367304, 48.56486314053174], [2.5839359760934313, 48.59548998563483], [2.569507070898012, 48.62833648393033], [2.5476998823085504, 48.667819721800015], [2.533195809235637, 48.68087387117553], [2.5068503123113692, 48.698914475306886], [2.483187005163047, 48.7064507273249], [2.461377446437224, 48.70871108366713], [2.446304786739812, 48.730080267741016], [2.438697833840877, 48.744611139140474], [2.435315840251248, 48.771254072297346], [2.4321242678299977, 48.78883131123265], [2.4264376603578035, 48.80217813521484], [2.376365660931201, 48.84340211646564]], [[2.65469836071817, 48.527491277248295], [2.6255537322060074, 48.538746730738936], [2.5946150549367304, 48.56486314053174], [2.5839359760934313, 48.59548998563483], [2.569507070898012, 48.62833648393033], [2.5476998823085504, 48.667819721800015], [2.533195809235637, 48.68087387117553], [2.5068503123113692, 48.698914475306886], [2.483187005163047, 48.7064507273249], [2.461377446437224, 48.70871108366713], [2.446304786739812, 48.730080267741016], [2.435315840251248, 48.771254072297346], [2.4264376603578035, 48.80217813521484], [2.376365660931201, 48.84340211646564], [2.34697651043533, 48.86174503191322], [2.356693437528564, 48.88230685842714], [2.3504430479100207, 48.91769737260247]], [[2.65469836071817, 48.527491277248295], [2.6255537322060074, 48.538746730738936], [2.5946150549367304, 48.56486314053174], [2.5839359760934313, 48.59548998563483], [2.569507070898012, 48.62833648393033], [2.5476998823085504, 48.667819721800015], [2.533195809235637, 48.68087387117553], [2.5068503123113692, 48.698914475306886], [2.483187005163047, 48.7064507273249], [2.461377446437224, 48.70871108366713], [2.446304786739812, 48.730080267741016], [2.435315840251248, 48.771254072297346], [2.4264376603578035, 48.80217813521484], [2.376365660931201, 48.84340211646564]], [[2.356693437528564, 48.88230685842714], [2.3504430479100207, 48.91769737260247], [2.345479004987329, 48.93482889939617], [2.3703314284767747, 48.96277628555098], [2.3899547555239407, 48.97632635843972], [2.4162467958973055, 48.99377204005172], [2.4625658079312593, 49.02341075826703]], [[2.3504430479100207, 48.91769737260247], [2.356693437528564, 48.88230685842714], [2.34697651043533, 48.86174503191322], [2.376365660931201, 48.84340211646564], [2.4264376603578035, 48.80217813521484], [2.435315840251248, 48.771254072297346], [2.446304786739812, 48.730080267741016], [2.461377446437224, 48.70871108366713], [2.483187005163047, 48.7064507273249], [2.5068503123113692, 48.698914475306886], [2.533195809235637, 48.68087387117553], [2.5476998823085504, 48.667819721800015]], [[2.345479004987329, 48.93482889939617], [2.3504430479100207, 48.91769737260247], [2.356693437528564, 48.88230685842714], [2.34697651043533, 48.86174503191322], [2.376365660931201, 48.84340211646564], [2.4264376603578035, 48.80217813521484], [2.435315840251248, 48.771254072297346], [2.446304786739812, 48.730080267741016], [2.461377446437224, 48.70871108366713], [2.483187005163047, 48.7064507273249], [2.5068503123113692, 48.698914475306886], [2.533195809235637, 48.68087387117553], [2.5476998823085504, 48.667819721800015]], [[2.345479004987329, 48.93482889939617], [2.3504430479100207, 48.91769737260247], [2.356693437528564, 48.88230685842714], [2.34697651043533, 48.86174503191322], [2.376365660931201, 48.84340211646564], [2.4264376603578035, 48.80217813521484], [2.435315840251248, 48.771254072297346], [2.446304786739812, 48.730080267741016], [2.461377446437224, 48.70871108366713], [2.483187005163047, 48.7064507273249], [2.5068503123113692, 48.698914475306886], [2.533195809235637, 48.68087387117553], [2.5476998823085504, 48.667819721800015], [2.569507070898012, 48.62833648393033], [2.5839359760934313, 48.59548998563483], [2.5946150549367304, 48.56486314053174], [2.6255537322060074, 48.538746730738936], [2.65469836071817, 48.527491277248295]], [[2.376365660931201, 48.84340211646564], [2.4264376603578035, 48.80217813521484], [2.435315840251248, 48.771254072297346], [2.446304786739812, 48.730080267741016], [2.461377446437224, 48.70871108366713], [2.483187005163047, 48.7064507273249], [2.5068503123113692, 48.698914475306886], [2.533195809235637, 48.68087387117553], [2.5476998823085504, 48.667819721800015], [2.569507070898012, 48.62833648393033], [2.5839359760934313, 48.59548998563483], [2.5946150549367304, 48.56486314053174], [2.6255537322060074, 48.538746730738936], [2.65469836071817, 48.527491277248295]], [[2.65469836071817, 48.527491277248295], [2.6255537322060074, 48.538746730738936], [2.5946150549367304, 48.56486314053174], [2.5839359760934313, 48.59548998563483], [2.569507070898012, 48.62833648393033], [2.376365660931201, 48.84340211646564]], [[2.376365660931201, 48.84340211646564], [2.34697651043533, 48.86174503191322], [2.356693437528564, 48.88230685842714], [2.3504430479100207, 48.91769737260247], [2.345479004987329, 48.93482889939617], [2.3703314284767747, 48.96277628555098], [2.3899547555239407, 48.97632635843972], [2.4162467958973055, 48.99377204005172]], [[2.472467657639279, 48.61323864277619], [2.4520047548737254, 48.623306397197155], [2.40769076622141, 48.6363396147683], [2.39678605544789, 48.65484195083382], [2.383334629403869, 48.68970940912314], [2.413499342148242, 48.70808932141768], [2.446304786739812, 48.730080267741016], [2.438697833840877, 48.744611139140474], [2.435315840251248, 48.771254072297346], [2.4321242678299977, 48.78883131123265], [2.4264376603578035, 48.80217813521484], [2.376365660931201, 48.84340211646564], [2.34697651043533, 48.86174503191322], [2.356693437528564, 48.88230685842714], [2.3504430479100207, 48.91769737260247], [2.345479004987329, 48.93482889939617], [2.3703314284767747, 48.96277628555098], [2.3899547555239407, 48.97632635843972], [2.4162467958973055, 48.99377204005172], [2.4625658079312593, 49.02341075826703], [2.477713962139221, 49.03307204384692], [2.5018113143714777, 49.04933726826723], [2.525517836696695, 49.09951161811565], [2.5069908684194053, 49.1261949449139], [2.489862086302069, 49.13840546145438]], [[2.383334629403869, 48.68970940912314], [2.413499342148242, 48.70808932141768], [2.446304786739812, 48.730080267741016], [2.4264376603578035, 48.80217813521484], [2.376365660931201, 48.84340211646564], [2.34697651043533, 48.86174503191322], [2.356693437528564, 48.88230685842714], [2.3504430479100207, 48.91769737260247], [2.345479004987329, 48.93482889939617], [2.3703314284767747, 48.96277628555098], [2.3899547555239407, 48.97632635843972], [2.4162467958973055, 48.99377204005172]], [[2.472467657639279, 48.61323864277619], [2.4520047548737254, 48.623306397197155], [2.40769076622141, 48.6363396147683], [2.39678605544789, 48.65484195083382], [2.387021960013403, 48.67590783936994], [2.383334629403869, 48.68970940912314], [2.413499342148242, 48.70808932141768], [2.446304786739812, 48.730080267741016], [2.4264376603578035, 48.80217813521484], [2.376365660931201, 48.84340211646564], [2.34697651043533, 48.86174503191322], [2.356693437528564, 48.88230685842714], [2.3504430479100207, 48.91769737260247], [2.345479004987329, 48.93482889939617], [2.3703314284767747, 48.96277628555098], [2.3899547555239407, 48.97632635843972], [2.4162467958973055, 48.99377204005172]], [[2.472467657639279, 48.61323864277619], [2.4520047548737254, 48.623306397197155], [2.40769076622141, 48.6363396147683], [2.39678605544789, 48.65484195083382], [2.387021960013403, 48.67590783936994], [2.383334629403869, 48.68970940912314], [2.413499342148242, 48.70808932141768], [2.446304786739812, 48.730080267741016], [2.4264376603578035, 48.80217813521484], [2.376365660931201, 48.84340211646564], [2.34697651043533, 48.86174503191322], [2.356693437528564, 48.88230685842714], [2.3504430479100207, 48.91769737260247]], [[2.472467657639279, 48.61323864277619], [2.4520047548737254, 48.623306397197155], [2.40769076622141, 48.6363396147683], [2.39678605544789, 48.65484195083382], [2.383334629403869, 48.68970940912314], [2.413499342148242, 48.70808932141768], [2.446304786739812, 48.730080267741016], [2.438697833840877, 48.744611139140474], [2.435315840251248, 48.771254072297346], [2.4321242678299977, 48.78883131123265], [2.4264376603578035, 48.80217813521484], [2.376365660931201, 48.84340211646564], [2.34697651043533, 48.86174503191322], [2.356693437528564, 48.88230685842714], [2.3504430479100207, 48.91769737260247]], [[2.472467657639279, 48.61323864277619], [2.4520047548737254, 48.623306397197155], [2.40769076622141, 48.6363396147683], [2.39678605544789, 48.65484195083382], [2.383334629403869, 48.68970940912314], [2.413499342148242, 48.70808932141768], [2.446304786739812, 48.730080267741016], [2.438697833840877, 48.744611139140474], [2.435315840251248, 48.771254072297346], [2.4321242678299977, 48.78883131123265], [2.4264376603578035, 48.80217813521484], [2.376365660931201, 48.84340211646564], [2.34697651043533, 48.86174503191322], [2.356693437528564, 48.88230685842714], [2.3504430479100207, 48.91769737260247], [2.345479004987329, 48.93482889939617], [2.3703314284767747, 48.96277628555098], [2.3899547555239407, 48.97632635843972], [2.4162467958973055, 48.99377204005172], [2.4625658079312593, 49.02341075826703], [2.477713962139221, 49.03307204384692], [2.5018113143714777, 49.04933726826723], [2.525517836696695, 49.09951161811565], [2.5069908684194053, 49.1261949449139], [2.489862086302069, 49.13840546145438], [2.4595159140085237, 49.187030004663995], [2.46892902764167, 49.264185555044406]], [[2.472467657639279, 48.61323864277619], [2.4520047548737254, 48.623306397197155], [2.40769076622141, 48.6363396147683], [2.39678605544789, 48.65484195083382], [2.383334629403869, 48.68970940912314], [2.413499342148242, 48.70808932141768], [2.446304786739812, 48.730080267741016], [2.438697833840877, 48.744611139140474], [2.435315840251248, 48.771254072297346], [2.4321242678299977, 48.78883131123265], [2.4264376603578035, 48.80217813521484], [2.376365660931201, 48.84340211646564]], [[2.472467657639279, 48.61323864277619], [2.4520047548737254, 48.623306397197155], [2.40769076622141, 48.6363396147683], [2.39678605544789, 48.65484195083382], [2.383334629403869, 48.68970940912314], [2.413499342148242, 48.70808932141768], [2.446304786739812, 48.730080267741016], [2.438697833840877, 48.744611139140474], [2.435315840251248, 48.771254072297346], [2.4321242678299977, 48.78883131123265], [2.4264376603578035, 48.80217813521484], [2.376365660931201, 48.84340211646564], [2.34697651043533, 48.86174503191322], [2.356693437528564, 48.88230685842714], [2.3504430479100207, 48.91769737260247], [2.345479004987329, 48.93482889939617], [2.3703314284767747, 48.96277628555098], [2.3899547555239407, 48.97632635843972], [2.4162467958973055, 48.99377204005172]], [[2.489862086302069, 49.13840546145438], [2.5069908684194053, 49.1261949449139], [2.525517836696695, 49.09951161811565], [2.5018113143714777, 49.04933726826723], [2.477713962139221, 49.03307204384692], [2.4625658079312593, 49.02341075826703], [2.4162467958973055, 48.99377204005172], [2.3899547555239407, 48.97632635843972], [2.3703314284767747, 48.96277628555098], [2.345479004987329, 48.93482889939617], [2.3504430479100207, 48.91769737260247], [2.356693437528564, 48.88230685842714], [2.34697651043533, 48.86174503191322], [2.376365660931201, 48.84340211646564], [2.4264376603578035, 48.80217813521484], [2.4321242678299977, 48.78883131123265], [2.435315840251248, 48.771254072297346], [2.438697833840877, 48.744611139140474], [2.446304786739812, 48.730080267741016]], [[2.345479004987329, 48.93482889939617], [2.3504430479100207, 48.91769737260247], [2.356693437528564, 48.88230685842714], [2.34697651043533, 48.86174503191322], [2.376365660931201, 48.84340211646564], [2.4264376603578035, 48.80217813521484], [2.446304786739812, 48.730080267741016], [2.413499342148242, 48.70808932141768], [2.383334629403869, 48.68970940912314], [2.387021960013403, 48.67590783936994], [2.39678605544789, 48.65484195083382], [2.40769076622141, 48.6363396147683], [2.4520047548737254, 48.623306397197155], [2.472467657639279, 48.61323864277619]], [[2.46892902764167, 49.264185555044406], [2.4595159140085237, 49.187030004663995], [2.489862086302069, 49.13840546145438], [2.5069908684194053, 49.1261949449139], [2.525517836696695, 49.09951161811565], [2.5018113143714777, 49.04933726826723], [2.477713962139221, 49.03307204384692], [2.4625658079312593, 49.02341075826703], [2.4162467958973055, 48.99377204005172], [2.3899547555239407, 48.97632635843972], [2.3703314284767747, 48.96277628555098], [2.345479004987329, 48.93482889939617], [2.3504430479100207, 48.91769737260247], [2.356693437528564, 48.88230685842714], [2.34697651043533, 48.86174503191322], [2.376365660931201, 48.84340211646564], [2.4264376603578035, 48.80217813521484], [2.4321242678299977, 48.78883131123265], [2.435315840251248, 48.771254072297346], [2.438697833840877, 48.744611139140474], [2.446304786739812, 48.730080267741016], [2.413499342148242, 48.70808932141768], [2.383334629403869, 48.68970940912314], [2.39678605544789, 48.65484195083382], [2.40769076622141, 48.6363396147683], [2.4520047548737254, 48.623306397197155], [2.472467657639279, 48.61323864277619]], [[2.4162467958973055, 48.99377204005172], [2.3899547555239407, 48.97632635843972], [2.3703314284767747, 48.96277628555098], [2.345479004987329, 48.93482889939617], [2.3504430479100207, 48.91769737260247], [2.356693437528564, 48.88230685842714], [2.34697651043533, 48.86174503191322], [2.376365660931201, 48.84340211646564], [2.4264376603578035, 48.80217813521484], [2.446304786739812, 48.730080267741016], [2.413499342148242, 48.70808932141768], [2.383334629403869, 48.68970940912314], [2.387021960013403, 48.67590783936994], [2.39678605544789, 48.65484195083382], [2.40769076622141, 48.6363396147683], [2.4520047548737254, 48.623306397197155], [2.472467657639279, 48.61323864277619]], [[2.376365660931201, 48.84340211646564], [2.4264376603578035, 48.80217813521484], [2.4321242678299977, 48.78883131123265], [2.435315840251248, 48.771254072297346], [2.438697833840877, 48.744611139140474], [2.446304786739812, 48.730080267741016], [2.413499342148242, 48.70808932141768], [2.383334629403869, 48.68970940912314], [2.39678605544789, 48.65484195083382], [2.40769076622141, 48.6363396147683], [2.4520047548737254, 48.623306397197155], [2.472467657639279, 48.61323864277619]], [[2.4162467958973055, 48.99377204005172], [2.3899547555239407, 48.97632635843972], [2.3703314284767747, 48.96277628555098], [2.345479004987329, 48.93482889939617], [2.3504430479100207, 48.91769737260247], [2.356693437528564, 48.88230685842714], [2.34697651043533, 48.86174503191322], [2.376365660931201, 48.84340211646564], [2.4264376603578035, 48.80217813521484], [2.4321242678299977, 48.78883131123265], [2.435315840251248, 48.771254072297346], [2.438697833840877, 48.744611139140474], [2.446304786739812, 48.730080267741016], [2.413499342148242, 48.70808932141768], [2.383334629403869, 48.68970940912314], [2.39678605544789, 48.65484195083382], [2.40769076622141, 48.6363396147683], [2.4520047548737254, 48.623306397197155], [2.472467657639279, 48.61323864277619]], [[2.489862086302069, 49.13840546145438], [2.5069908684194053, 49.1261949449139], [2.525517836696695, 49.09951161811565], [2.5018113143714777, 49.04933726826723], [2.477713962139221, 49.03307204384692], [2.4625658079312593, 49.02341075826703], [2.4162467958973055, 48.99377204005172], [2.3899547555239407, 48.97632635843972], [2.3703314284767747, 48.96277628555098], [2.345479004987329, 48.93482889939617], [2.3504430479100207, 48.91769737260247], [2.356693437528564, 48.88230685842714], [2.34697651043533, 48.86174503191322], [2.376365660931201, 48.84340211646564], [2.4264376603578035, 48.80217813521484], [2.4321242678299977, 48.78883131123265], [2.435315840251248, 48.771254072297346], [2.438697833840877, 48.744611139140474], [2.446304786739812, 48.730080267741016], [2.413499342148242, 48.70808932141768], [2.383334629403869, 48.68970940912314], [2.39678605544789, 48.65484195083382], [2.40769076622141, 48.6363396147683], [2.4520047548737254, 48.623306397197155], [2.472467657639279, 48.61323864277619]], [[2.376365660931201, 48.84340211646564], [2.4264376603578035, 48.80217813521484], [2.446304786739812, 48.730080267741016], [2.413499342148242, 48.70808932141768], [2.383334629403869, 48.68970940912314], [2.387021960013403, 48.67590783936994], [2.39678605544789, 48.65484195083382], [2.40769076622141, 48.6363396147683], [2.4520047548737254, 48.623306397197155], [2.472467657639279, 48.61323864277619]], [[2.3504430479100207, 48.91769737260247], [2.356693437528564, 48.88230685842714], [2.34697651043533, 48.86174503191322], [2.376365660931201, 48.84340211646564], [2.4264376603578035, 48.80217813521484], [2.4321242678299977, 48.78883131123265], [2.435315840251248, 48.771254072297346], [2.438697833840877, 48.744611139140474], [2.446304786739812, 48.730080267741016], [2.413499342148242, 48.70808932141768], [2.383334629403869, 48.68970940912314], [2.39678605544789, 48.65484195083382], [2.40769076622141, 48.6363396147683], [2.4520047548737254, 48.623306397197155], [2.472467657639279, 48.61323864277619]], [[2.4625658079312593, 49.02341075826703], [2.4162467958973055, 48.99377204005172], [2.3899547555239407, 48.97632635843972], [2.3703314284767747, 48.96277628555098], [2.345479004987329, 48.93482889939617], [2.3504430479100207, 48.91769737260247], [2.356693437528564, 48.88230685842714], [2.34697651043533, 48.86174503191322], [2.376365660931201, 48.84340211646564], [2.4264376603578035, 48.80217813521484], [2.4321242678299977, 48.78883131123265], [2.435315840251248, 48.771254072297346], [2.446304786739812, 48.730080267741016], [2.461377446437224, 48.70871108366713], [2.483187005163047, 48.7064507273249], [2.5068503123113692, 48.698914475306886], [2.533195809235637, 48.68087387117553], [2.5476998823085504, 48.667819721800015], [2.569507070898012, 48.62833648393033], [2.5839359760934313, 48.59548998563483], [2.5946150549367304, 48.56486314053174], [2.6255537322060074, 48.538746730738936], [2.65469836071817, 48.527491277248295]], [[2.376365660931201, 48.84340211646564], [2.4264376603578035, 48.80217813521484], [2.4321242678299977, 48.78883131123265], [2.435315840251248, 48.771254072297346], [2.446304786739812, 48.730080267741016], [2.461377446437224, 48.70871108366713], [2.483187005163047, 48.7064507273249], [2.5068503123113692, 48.698914475306886], [2.533195809235637, 48.68087387117553], [2.5476998823085504, 48.667819721800015], [2.569507070898012, 48.62833648393033], [2.5839359760934313, 48.59548998563483], [2.5946150549367304, 48.56486314053174], [2.6255537322060074, 48.538746730738936], [2.65469836071817, 48.527491277248295]], [[2.489862086302069, 49.13840546145438], [2.5069908684194053, 49.1261949449139], [2.525517836696695, 49.09951161811565], [2.5018113143714777, 49.04933726826723], [2.477713962139221, 49.03307204384692], [2.4625658079312593, 49.02341075826703], [2.4162467958973055, 48.99377204005172], [2.3899547555239407, 48.97632635843972], [2.3703314284767747, 48.96277628555098], [2.345479004987329, 48.93482889939617], [2.3504430479100207, 48.91769737260247], [2.356693437528564, 48.88230685842714], [2.34697651043533, 48.86174503191322], [2.376365660931201, 48.84340211646564], [2.435315840251248, 48.771254072297346], [2.438697833840877, 48.744611139140474], [2.446304786739812, 48.730080267741016], [2.413499342148242, 48.70808932141768], [2.383334629403869, 48.68970940912314], [2.387021960013403, 48.67590783936994], [2.39678605544789, 48.65484195083382], [2.40769076622141, 48.6363396147683], [2.4300329095214526, 48.62588794663492], [2.4520047548737254, 48.623306397197155], [2.472467657639279, 48.61323864277619]], [[2.4162467958973055, 48.99377204005172], [2.3899547555239407, 48.97632635843972], [2.3703314284767747, 48.96277628555098], [2.345479004987329, 48.93482889939617], [2.3504430479100207, 48.91769737260247], [2.356693437528564, 48.88230685842714], [2.34697651043533, 48.86174503191322], [2.376365660931201, 48.84340211646564], [2.435315840251248, 48.771254072297346], [2.438697833840877, 48.744611139140474], [2.446304786739812, 48.730080267741016], [2.413499342148242, 48.70808932141768], [2.383334629403869, 48.68970940912314], [2.387021960013403, 48.67590783936994], [2.39678605544789, 48.65484195083382], [2.40769076622141, 48.6363396147683], [2.4300329095214526, 48.62588794663492], [2.4520047548737254, 48.623306397197155], [2.472467657639279, 48.61323864277619]], [[2.472467657639279, 48.61323864277619], [2.4520047548737254, 48.623306397197155], [2.4300329095214526, 48.62588794663492], [2.40769076622141, 48.6363396147683], [2.39678605544789, 48.65484195083382], [2.387021960013403, 48.67590783936994], [2.383334629403869, 48.68970940912314], [2.413499342148242, 48.70808932141768], [2.446304786739812, 48.730080267741016], [2.438697833840877, 48.744611139140474], [2.435315840251248, 48.771254072297346], [2.4264376603578035, 48.80217813521484], [2.376365660931201, 48.84340211646564], [2.34697651043533, 48.86174503191322], [2.356693437528564, 48.88230685842714], [2.3504430479100207, 48.91769737260247], [2.345479004987329, 48.93482889939617], [2.3703314284767747, 48.96277628555098], [2.3899547555239407, 48.97632635843972], [2.4162467958973055, 48.99377204005172]], [[2.4625658079312593, 49.02341075826703], [2.4162467958973055, 48.99377204005172], [2.3899547555239407, 48.97632635843972], [2.3703314284767747, 48.96277628555098], [2.345479004987329, 48.93482889939617], [2.3504430479100207, 48.91769737260247], [2.356693437528564, 48.88230685842714], [2.34697651043533, 48.86174503191322], [2.376365660931201, 48.84340211646564], [2.435315840251248, 48.771254072297346], [2.446304786739812, 48.730080267741016], [2.461377446437224, 48.70871108366713], [2.483187005163047, 48.7064507273249], [2.5068503123113692, 48.698914475306886], [2.533195809235637, 48.68087387117553], [2.5476998823085504, 48.667819721800015], [2.569507070898012, 48.62833648393033], [2.5839359760934313, 48.59548998563483], [2.5946150549367304, 48.56486314053174], [2.6255537322060074, 48.538746730738936], [2.65469836071817, 48.527491277248295]], [[2.4625658079312593, 49.02341075826703], [2.4162467958973055, 48.99377204005172], [2.3899547555239407, 48.97632635843972], [2.3703314284767747, 48.96277628555098], [2.345479004987329, 48.93482889939617], [2.3504430479100207, 48.91769737260247], [2.356693437528564, 48.88230685842714], [2.34697651043533, 48.86174503191322], [2.376365660931201, 48.84340211646564], [2.435315840251248, 48.771254072297346], [2.446304786739812, 48.730080267741016], [2.461377446437224, 48.70871108366713], [2.483187005163047, 48.7064507273249], [2.5068503123113692, 48.698914475306886], [2.533195809235637, 48.68087387117553], [2.5476998823085504, 48.667819721800015]], [[2.472467657639279, 48.61323864277619], [2.4520047548737254, 48.623306397197155], [2.4300329095214526, 48.62588794663492], [2.40769076622141, 48.6363396147683], [2.39678605544789, 48.65484195083382], [2.387021960013403, 48.67590783936994], [2.383334629403869, 48.68970940912314], [2.413499342148242, 48.70808932141768], [2.446304786739812, 48.730080267741016], [2.438697833840877, 48.744611139140474], [2.435315840251248, 48.771254072297346], [2.4264376603578035, 48.80217813521484], [2.376365660931201, 48.84340211646564], [2.34697651043533, 48.86174503191322], [2.356693437528564, 48.88230685842714], [2.3504430479100207, 48.91769737260247], [2.345479004987329, 48.93482889939617], [2.3703314284767747, 48.96277628555098], [2.3899547555239407, 48.97632635843972], [2.4162467958973055, 48.99377204005172], [2.4625658079312593, 49.02341075826703], [2.477713962139221, 49.03307204384692], [2.5018113143714777, 49.04933726826723], [2.525517836696695, 49.09951161811565], [2.5069908684194053, 49.1261949449139], [2.489862086302069, 49.13840546145438]], [[2.46892902764167, 49.264185555044406], [2.4595159140085237, 49.187030004663995], [2.489862086302069, 49.13840546145438], [2.5069908684194053, 49.1261949449139], [2.525517836696695, 49.09951161811565], [2.5018113143714777, 49.04933726826723], [2.477713962139221, 49.03307204384692], [2.4625658079312593, 49.02341075826703], [2.4162467958973055, 48.99377204005172], [2.3899547555239407, 48.97632635843972], [2.3703314284767747, 48.96277628555098], [2.345479004987329, 48.93482889939617], [2.3504430479100207, 48.91769737260247], [2.356693437528564, 48.88230685842714], [2.34697651043533, 48.86174503191322], [2.376365660931201, 48.84340211646564], [2.435315840251248, 48.771254072297346], [2.438697833840877, 48.744611139140474], [2.446304786739812, 48.730080267741016], [2.413499342148242, 48.70808932141768], [2.383334629403869, 48.68970940912314], [2.387021960013403, 48.67590783936994], [2.39678605544789, 48.65484195083382], [2.40769076622141, 48.6363396147683], [2.4300329095214526, 48.62588794663492], [2.4520047548737254, 48.623306397197155], [2.472467657639279, 48.61323864277619]], [[2.3504430479100207, 48.91769737260247], [2.356693437528564, 48.88230685842714], [2.34697651043533, 48.86174503191322], [2.376365660931201, 48.84340211646564], [2.4264376603578035, 48.80217813521484], [2.446304786739812, 48.730080267741016], [2.413499342148242, 48.70808932141768], [2.383334629403869, 48.68970940912314], [2.387021960013403, 48.67590783936994], [2.39678605544789, 48.65484195083382], [2.40769076622141, 48.6363396147683], [2.4300329095214526, 48.62588794663492], [2.4520047548737254, 48.623306397197155], [2.472467657639279, 48.61323864277619]], [[2.472467657639279, 48.61323864277619], [2.4520047548737254, 48.623306397197155], [2.4300329095214526, 48.62588794663492], [2.40769076622141, 48.6363396147683], [2.39678605544789, 48.65484195083382], [2.387021960013403, 48.67590783936994], [2.383334629403869, 48.68970940912314], [2.413499342148242, 48.70808932141768], [2.446304786739812, 48.730080267741016], [2.4264376603578035, 48.80217813521484], [2.376365660931201, 48.84340211646564], [2.34697651043533, 48.86174503191322], [2.356693437528564, 48.88230685842714], [2.3504430479100207, 48.91769737260247]], [[2.472467657639279, 48.61323864277619], [2.4520047548737254, 48.623306397197155], [2.40769076622141, 48.6363396147683], [2.39678605544789, 48.65484195083382], [2.387021960013403, 48.67590783936994], [2.383334629403869, 48.68970940912314], [2.413499342148242, 48.70808932141768], [2.446304786739812, 48.730080267741016], [2.438697833840877, 48.744611139140474], [2.435315840251248, 48.771254072297346], [2.4321242678299977, 48.78883131123265], [2.4264376603578035, 48.80217813521484], [2.376365660931201, 48.84340211646564], [2.34697651043533, 48.86174503191322], [2.356693437528564, 48.88230685842714], [2.3504430479100207, 48.91769737260247], [2.345479004987329, 48.93482889939617], [2.3703314284767747, 48.96277628555098], [2.3899547555239407, 48.97632635843972], [2.4162467958973055, 48.99377204005172], [2.4625658079312593, 49.02341075826703], [2.477713962139221, 49.03307204384692], [2.5018113143714777, 49.04933726826723], [2.525517836696695, 49.09951161811565], [2.5069908684194053, 49.1261949449139], [2.489862086302069, 49.13840546145438]], [[2.376365660931201, 48.84340211646564], [2.34697651043533, 48.86174503191322], [2.356693437528564, 48.88230685842714], [2.3504430479100207, 48.91769737260247], [2.345479004987329, 48.93482889939617], [2.3703314284767747, 48.96277628555098], [2.3899547555239407, 48.97632635843972], [2.4162467958973055, 48.99377204005172], [2.4625658079312593, 49.02341075826703]], [[2.472467657639279, 48.61323864277619], [2.4520047548737254, 48.623306397197155], [2.4300329095214526, 48.62588794663492], [2.40769076622141, 48.6363396147683], [2.39678605544789, 48.65484195083382], [2.387021960013403, 48.67590783936994], [2.383334629403869, 48.68970940912314], [2.413499342148242, 48.70808932141768], [2.446304786739812, 48.730080267741016], [2.435315840251248, 48.771254072297346], [2.4321242678299977, 48.78883131123265], [2.4264376603578035, 48.80217813521484], [2.376365660931201, 48.84340211646564], [2.34697651043533, 48.86174503191322], [2.356693437528564, 48.88230685842714], [2.3504430479100207, 48.91769737260247], [2.345479004987329, 48.93482889939617], [2.3703314284767747, 48.96277628555098], [2.3899547555239407, 48.97632635843972], [2.4162467958973055, 48.99377204005172]], [[2.489862086302069, 49.13840546145438], [2.5069908684194053, 49.1261949449139], [2.525517836696695, 49.09951161811565], [2.5018113143714777, 49.04933726826723], [2.477713962139221, 49.03307204384692], [2.4625658079312593, 49.02341075826703], [2.4162467958973055, 48.99377204005172], [2.3899547555239407, 48.97632635843972], [2.3703314284767747, 48.96277628555098], [2.345479004987329, 48.93482889939617], [2.3504430479100207, 48.91769737260247], [2.356693437528564, 48.88230685842714]], [[2.3504430479100207, 48.91769737260247], [2.356693437528564, 48.88230685842714], [2.34697651043533, 48.86174503191322], [2.376365660931201, 48.84340211646564], [2.4264376603578035, 48.80217813521484], [2.4321242678299977, 48.78883131123265], [2.435315840251248, 48.771254072297346], [2.446304786739812, 48.730080267741016], [2.461377446437224, 48.70871108366713], [2.483187005163047, 48.7064507273249], [2.5068503123113692, 48.698914475306886], [2.533195809235637, 48.68087387117553], [2.5476998823085504, 48.667819721800015], [2.569507070898012, 48.62833648393033], [2.5839359760934313, 48.59548998563483], [2.5946150549367304, 48.56486314053174], [2.6255537322060074, 48.538746730738936], [2.65469836071817, 48.527491277248295]], [[2.5476998823085504, 48.667819721800015], [2.533195809235637, 48.68087387117553], [2.5068503123113692, 48.698914475306886], [2.483187005163047, 48.7064507273249], [2.461377446437224, 48.70871108366713], [2.446304786739812, 48.730080267741016], [2.435315840251248, 48.771254072297346], [2.4321242678299977, 48.78883131123265], [2.4264376603578035, 48.80217813521484], [2.376365660931201, 48.84340211646564]], [[2.65469836071817, 48.527491277248295], [2.6255537322060074, 48.538746730738936], [2.5946150549367304, 48.56486314053174], [2.5839359760934313, 48.59548998563483], [2.569507070898012, 48.62833648393033], [2.5476998823085504, 48.667819721800015], [2.533195809235637, 48.68087387117553], [2.5068503123113692, 48.698914475306886], [2.483187005163047, 48.7064507273249], [2.461377446437224, 48.70871108366713], [2.446304786739812, 48.730080267741016], [2.435315840251248, 48.771254072297346], [2.4321242678299977, 48.78883131123265], [2.4264376603578035, 48.80217813521484], [2.376365660931201, 48.84340211646564]], [[2.65469836071817, 48.527491277248295], [2.6255537322060074, 48.538746730738936], [2.5946150549367304, 48.56486314053174], [2.5839359760934313, 48.59548998563483], [2.569507070898012, 48.62833648393033], [2.5476998823085504, 48.667819721800015], [2.533195809235637, 48.68087387117553], [2.5068503123113692, 48.698914475306886], [2.483187005163047, 48.7064507273249], [2.461377446437224, 48.70871108366713], [2.446304786739812, 48.730080267741016], [2.435315840251248, 48.771254072297346], [2.4321242678299977, 48.78883131123265], [2.4264376603578035, 48.80217813521484], [2.376365660931201, 48.84340211646564], [2.34697651043533, 48.86174503191322], [2.356693437528564, 48.88230685842714], [2.3504430479100207, 48.91769737260247]], [[2.65469836071817, 48.527491277248295], [2.6255537322060074, 48.538746730738936], [2.5946150549367304, 48.56486314053174], [2.5839359760934313, 48.59548998563483], [2.569507070898012, 48.62833648393033], [2.5476998823085504, 48.667819721800015], [2.533195809235637, 48.68087387117553], [2.5068503123113692, 48.698914475306886], [2.483187005163047, 48.7064507273249], [2.461377446437224, 48.70871108366713], [2.446304786739812, 48.730080267741016], [2.435315840251248, 48.771254072297346], [2.4321242678299977, 48.78883131123265], [2.4264376603578035, 48.80217813521484], [2.376365660931201, 48.84340211646564], [2.34697651043533, 48.86174503191322], [2.356693437528564, 48.88230685842714], [2.3504430479100207, 48.91769737260247], [2.345479004987329, 48.93482889939617], [2.3703314284767747, 48.96277628555098], [2.3899547555239407, 48.97632635843972], [2.4162467958973055, 48.99377204005172], [2.4625658079312593, 49.02341075826703]], [[2.4162467958973055, 48.99377204005172], [2.3899547555239407, 48.97632635843972], [2.3703314284767747, 48.96277628555098], [2.345479004987329, 48.93482889939617], [2.3504430479100207, 48.91769737260247], [2.356693437528564, 48.88230685842714], [2.34697651043533, 48.86174503191322], [2.376365660931201, 48.84340211646564], [2.4264376603578035, 48.80217813521484], [2.4321242678299977, 48.78883131123265], [2.435315840251248, 48.771254072297346], [2.446304786739812, 48.730080267741016], [2.413499342148242, 48.70808932141768], [2.383334629403869, 48.68970940912314], [2.387021960013403, 48.67590783936994], [2.39678605544789, 48.65484195083382], [2.40769076622141, 48.6363396147683], [2.4300329095214526, 48.62588794663492], [2.4520047548737254, 48.623306397197155], [2.472467657639279, 48.61323864277619]], [[2.4162467958973055, 48.99377204005172], [2.3899547555239407, 48.97632635843972], [2.3703314284767747, 48.96277628555098], [2.345479004987329, 48.93482889939617], [2.3504430479100207, 48.91769737260247], [2.356693437528564, 48.88230685842714], [2.34697651043533, 48.86174503191322], [2.376365660931201, 48.84340211646564], [2.4264376603578035, 48.80217813521484], [2.4321242678299977, 48.78883131123265], [2.435315840251248, 48.771254072297346], [2.446304786739812, 48.730080267741016], [2.413499342148242, 48.70808932141768], [2.383334629403869, 48.68970940912314], [2.414997460834355, 48.659057463386254], [2.4348387319350167, 48.64880840591746], [2.4523091616356028, 48.63439299320402], [2.472467657639279, 48.61323864277619]], [[2.472467657639279, 48.61323864277619], [2.4520047548737254, 48.623306397197155], [2.4300329095214526, 48.62588794663492], [2.40769076622141, 48.6363396147683], [2.39678605544789, 48.65484195083382], [2.387021960013403, 48.67590783936994], [2.383334629403869, 48.68970940912314], [2.413499342148242, 48.70808932141768], [2.446304786739812, 48.730080267741016], [2.435315840251248, 48.771254072297346], [2.4321242678299977, 48.78883131123265], [2.4264376603578035, 48.80217813521484], [2.376365660931201, 48.84340211646564]], [[2.472467657639279, 48.61323864277619], [2.4520047548737254, 48.623306397197155], [2.4300329095214526, 48.62588794663492], [2.40769076622141, 48.6363396147683], [2.39678605544789, 48.65484195083382], [2.387021960013403, 48.67590783936994], [2.383334629403869, 48.68970940912314], [2.413499342148242, 48.70808932141768], [2.446304786739812, 48.730080267741016], [2.435315840251248, 48.771254072297346], [2.4321242678299977, 48.78883131123265], [2.4264376603578035, 48.80217813521484], [2.376365660931201, 48.84340211646564], [2.34697651043533, 48.86174503191322], [2.356693437528564, 48.88230685842714], [2.3504430479100207, 48.91769737260247]], [[2.4162467958973055, 48.99377204005172], [2.3899547555239407, 48.97632635843972], [2.3703314284767747, 48.96277628555098], [2.345479004987329, 48.93482889939617], [2.3504430479100207, 48.91769737260247], [2.356693437528564, 48.88230685842714], [2.34697651043533, 48.86174503191322], [2.376365660931201, 48.84340211646564], [2.4264376603578035, 48.80217813521484], [2.4321242678299977, 48.78883131123265], [2.435315840251248, 48.771254072297346], [2.446304786739812, 48.730080267741016], [2.413499342148242, 48.70808932141768], [2.383334629403869, 48.68970940912314]], [[2.3504430479100207, 48.91769737260247], [2.356693437528564, 48.88230685842714], [2.34697651043533, 48.86174503191322], [2.376365660931201, 48.84340211646564], [2.4264376603578035, 48.80217813521484], [2.4321242678299977, 48.78883131123265], [2.435315840251248, 48.771254072297346], [2.446304786739812, 48.730080267741016], [2.413499342148242, 48.70808932141768], [2.383334629403869, 48.68970940912314], [2.387021960013403, 48.67590783936994], [2.39678605544789, 48.65484195083382], [2.40769076622141, 48.6363396147683], [2.4300329095214526, 48.62588794663492], [2.4520047548737254, 48.623306397197155], [2.472467657639279, 48.61323864277619]], [[2.376365660931201, 48.84340211646564], [2.4264376603578035, 48.80217813521484], [2.4321242678299977, 48.78883131123265], [2.435315840251248, 48.771254072297346], [2.446304786739812, 48.730080267741016], [2.413499342148242, 48.70808932141768], [2.383334629403869, 48.68970940912314], [2.387021960013403, 48.67590783936994], [2.39678605544789, 48.65484195083382], [2.40769076622141, 48.6363396147683], [2.4300329095214526, 48.62588794663492], [2.4520047548737254, 48.623306397197155], [2.472467657639279, 48.61323864277619]], [[2.356693437528564, 48.88230685842714], [2.3504430479100207, 48.91769737260247], [2.345479004987329, 48.93482889939617], [2.3703314284767747, 48.96277628555098], [2.3899547555239407, 48.97632635843972], [2.4162467958973055, 48.99377204005172], [2.4625658079312593, 49.02341075826703], [2.477713962139221, 49.03307204384692], [2.5018113143714777, 49.04933726826723], [2.525517836696695, 49.09951161811565], [2.5069908684194053, 49.1261949449139], [2.489862086302069, 49.13840546145438], [2.4595159140085237, 49.187030004663995], [2.46892902764167, 49.264185555044406]], [[2.4625658079312593, 49.02341075826703], [2.4162467958973055, 48.99377204005172], [2.3899547555239407, 48.97632635843972], [2.3703314284767747, 48.96277628555098], [2.345479004987329, 48.93482889939617], [2.3504430479100207, 48.91769737260247], [2.356693437528564, 48.88230685842714], [2.34697651043533, 48.86174503191322], [2.376365660931201, 48.84340211646564]], [[2.489862086302069, 49.13840546145438], [2.5069908684194053, 49.1261949449139], [2.525517836696695, 49.09951161811565], [2.5018113143714777, 49.04933726826723], [2.477713962139221, 49.03307204384692], [2.4625658079312593, 49.02341075826703], [2.4162467958973055, 48.99377204005172], [2.3899547555239407, 48.97632635843972], [2.3703314284767747, 48.96277628555098], [2.345479004987329, 48.93482889939617], [2.3504430479100207, 48.91769737260247], [2.356693437528564, 48.88230685842714], [2.34697651043533, 48.86174503191322], [2.376365660931201, 48.84340211646564], [2.446304786739812, 48.730080267741016], [2.413499342148242, 48.70808932141768], [2.383334629403869, 48.68970940912314], [2.387021960013403, 48.67590783936994], [2.39678605544789, 48.65484195083382], [2.40769076622141, 48.6363396147683], [2.4300329095214526, 48.62588794663492], [2.4520047548737254, 48.623306397197155], [2.472467657639279, 48.61323864277619]], [[2.489862086302069, 49.13840546145438], [2.5069908684194053, 49.1261949449139], [2.525517836696695, 49.09951161811565], [2.5018113143714777, 49.04933726826723], [2.477713962139221, 49.03307204384692], [2.4625658079312593, 49.02341075826703], [2.4162467958973055, 48.99377204005172], [2.3899547555239407, 48.97632635843972], [2.3703314284767747, 48.96277628555098], [2.345479004987329, 48.93482889939617], [2.3504430479100207, 48.91769737260247], [2.356693437528564, 48.88230685842714], [2.34697651043533, 48.86174503191322], [2.376365660931201, 48.84340211646564]], [[2.46892902764167, 49.264185555044406], [2.4595159140085237, 49.187030004663995], [2.489862086302069, 49.13840546145438], [2.5069908684194053, 49.1261949449139], [2.525517836696695, 49.09951161811565], [2.5018113143714777, 49.04933726826723], [2.477713962139221, 49.03307204384692], [2.4625658079312593, 49.02341075826703], [2.4162467958973055, 48.99377204005172], [2.3899547555239407, 48.97632635843972], [2.3703314284767747, 48.96277628555098], [2.345479004987329, 48.93482889939617], [2.3504430479100207, 48.91769737260247], [2.356693437528564, 48.88230685842714], [2.34697651043533, 48.86174503191322], [2.376365660931201, 48.84340211646564], [2.446304786739812, 48.730080267741016], [2.413499342148242, 48.70808932141768], [2.383334629403869, 48.68970940912314], [2.387021960013403, 48.67590783936994], [2.39678605544789, 48.65484195083382], [2.40769076622141, 48.6363396147683], [2.4300329095214526, 48.62588794663492], [2.4520047548737254, 48.623306397197155], [2.472467657639279, 48.61323864277619]], [[2.4162467958973055, 48.99377204005172], [2.3899547555239407, 48.97632635843972], [2.3703314284767747, 48.96277628555098], [2.345479004987329, 48.93482889939617], [2.3504430479100207, 48.91769737260247], [2.356693437528564, 48.88230685842714], [2.34697651043533, 48.86174503191322], [2.376365660931201, 48.84340211646564], [2.4264376603578035, 48.80217813521484], [2.435315840251248, 48.771254072297346], [2.446304786739812, 48.730080267741016], [2.461377446437224, 48.70871108366713], [2.483187005163047, 48.7064507273249], [2.5068503123113692, 48.698914475306886], [2.533195809235637, 48.68087387117553], [2.5476998823085504, 48.667819721800015], [2.569507070898012, 48.62833648393033], [2.5839359760934313, 48.59548998563483], [2.5946150549367304, 48.56486314053174], [2.6255537322060074, 48.538746730738936], [2.65469836071817, 48.527491277248295]], [[2.376365660931201, 48.84340211646564], [2.34697651043533, 48.86174503191322], [2.356693437528564, 48.88230685842714], [2.3504430479100207, 48.91769737260247], [2.345479004987329, 48.93482889939617], [2.3703314284767747, 48.96277628555098], [2.3899547555239407, 48.97632635843972], [2.4162467958973055, 48.99377204005172], [2.4625658079312593, 49.02341075826703], [2.477713962139221, 49.03307204384692], [2.5018113143714777, 49.04933726826723], [2.525517836696695, 49.09951161811565], [2.5069908684194053, 49.1261949449139], [2.489862086302069, 49.13840546145438], [2.4595159140085237, 49.187030004663995], [2.46892902764167, 49.264185555044406]], [[2.3504430479100207, 48.91769737260247], [2.356693437528564, 48.88230685842714], [2.34697651043533, 48.86174503191322], [2.376365660931201, 48.84340211646564]]], "type": "MultiLineString"}, "properties": {"route_id": "IDFM:C01728", "route_short_name": "D", "route_long_name": "D", "route_type": "Rail", "route_color": "008B5B", "route_url": null, "id_ilico": "C01728", "operatorname": "SNCF", "networkname": "RER", "url": "https://www.transilien.com/fr/page-lignes/ligne-d", "long_name_first": "D", "geo_point_2d": {"lon": 2.429236651159689, "lat": 48.797344750917766}}}]}